date,name,series,agency,obs,unit,actual_first_print,prior_first_print,revision_of_prior,expectation_source,expected,surprise
2006-02-03,empsit,PAYEMS,BLS,2006-01-01,change,193.0,134468.0,-97.0,naive_prior,,
2006-02-03,unrate,UNRATE,BLS,2006-01-01,level,4.7,4.9,0.0,naive_prior,4.9,-0.20000000000000018
2006-02-14,retail,RSAFS,Census,2006-01-01,level,365369.0,357841.0,-838.0,naive_prior,357841.0,7528.0
2006-02-22,cpi,CPIAUCSL,BLS,2006-01-01,level,199.0,197.7,0.0,naive_prior,197.7,1.3000000000000114
2006-02-22,cpi_core,CPILFESL,BLS,2006-01-01,level,203.2,202.8,0.0,naive_prior,202.8,0.39999999999997726
2006-03-01,pce,PCEPI,BEA,2006-01-01,level,112.969,112.424,0.001999999999995339,naive_prior,112.424,0.5449999999999875
2006-03-10,empsit,PAYEMS,BLS,2006-02-01,change,243.0,134564.0,-18.0,naive_prior,193.0,50.0
2006-03-10,unrate,UNRATE,BLS,2006-02-01,level,4.8,4.7,0.0,naive_prior,4.7,0.09999999999999964
2006-03-14,retail,RSAFS,Census,2006-02-01,level,362294.0,365369.0,1813.0,naive_prior,365369.0,-3075.0
2006-03-16,cpi,CPIAUCSL,BLS,2006-02-01,level,199.1,199.0,0.0,naive_prior,199.0,0.09999999999999432
2006-03-16,cpi_core,CPILFESL,BLS,2006-02-01,level,203.5,203.2,0.0,naive_prior,203.2,0.30000000000001137
2006-03-31,pce,PCEPI,BEA,2006-02-01,level,113.064,112.969,0.045000000000001705,naive_prior,112.969,0.09499999999999886
2006-04-07,empsit,PAYEMS,BLS,2006-03-01,change,211.0,134789.0,-34.0,naive_prior,243.0,-32.0
2006-04-07,unrate,UNRATE,BLS,2006-03-01,level,4.7,4.8,0.0,naive_prior,4.8,-0.09999999999999964
2006-04-13,retail,RSAFS,Census,2006-03-01,level,361046.0,362294.0,-3497.0,naive_prior,362294.0,-1248.0
2006-04-19,cpi,CPIAUCSL,BLS,2006-03-01,level,199.8,199.1,0.0,naive_prior,199.1,0.700000000000017
2006-04-19,cpi_core,CPILFESL,BLS,2006-03-01,level,204.2,203.5,0.0,naive_prior,203.5,0.6999999999999886
2006-04-28,gdp,GDP,BEA,2006-01-01,level,13020.9,12735.3,30.80000000000109,naive_prior,12735.3,285.60000000000036
2006-05-01,pce,PCEPI,BEA,2006-03-01,level,113.49,113.064,0.015000000000000568,naive_prior,113.064,0.42600000000000193
2006-05-05,empsit,PAYEMS,BLS,2006-04-01,change,138.0,134966.0,-36.0,naive_prior,211.0,-73.0
2006-05-05,unrate,UNRATE,BLS,2006-04-01,level,4.7,4.7,0.0,naive_prior,4.7,0.0
2006-05-11,retail,RSAFS,Census,2006-04-01,level,362676.0,361046.0,-131.0,naive_prior,361046.0,1630.0
2006-05-17,cpi,CPIAUCSL,BLS,2006-04-01,level,201.0,199.8,0.0,naive_prior,199.8,1.1999999999999886
2006-05-17,cpi_core,CPILFESL,BLS,2006-04-01,level,204.8,204.2,0.0,naive_prior,204.2,0.6000000000000227
2006-05-26,pce,PCEPI,BEA,2006-04-01,level,114.037,113.49,0.0030000000000001137,naive_prior,113.49,0.5470000000000113
2006-06-02,empsit,PAYEMS,BLS,2006-05-01,change,75.0,135068.0,-37.0,naive_prior,138.0,-63.0
2006-06-02,unrate,UNRATE,BLS,2006-05-01,level,4.6,4.7,0.0,naive_prior,4.7,-0.10000000000000053
2006-06-13,retail,RSAFS,Census,2006-05-01,level,364198.0,362676.0,1267.0,naive_prior,362676.0,1522.0
2006-06-14,cpi,CPIAUCSL,BLS,2006-05-01,level,201.9,201.0,0.0,naive_prior,201.0,0.9000000000000057
2006-06-14,cpi_core,CPILFESL,BLS,2006-05-01,level,205.4,204.8,0.0,naive_prior,204.8,0.5999999999999943
2006-06-30,pce,PCEPI,BEA,2006-05-01,level,114.453,114.037,-0.0040000000000048885,naive_prior,114.037,0.4159999999999968
2006-07-07,empsit,PAYEMS,BLS,2006-06-01,change,121.0,135106.0,3.0,naive_prior,75.0,46.0
2006-07-07,unrate,UNRATE,BLS,2006-06-01,level,4.6,4.6,0.0,naive_prior,4.6,0.0
2006-07-14,retail,RSAFS,Census,2006-06-01,level,363806.0,364198.0,-94.0,naive_prior,364198.0,-392.0
2006-07-19,cpi,CPIAUCSL,BLS,2006-06-01,level,202.3,201.9,0.0,naive_prior,201.9,0.4000000000000057
2006-07-19,cpi_core,CPILFESL,BLS,2006-06-01,level,206.0,205.4,0.0,naive_prior,205.4,0.5999999999999943
2006-07-28,gdp,GDP,BEA,2006-04-01,level,13193.9,13020.9,-12.5,naive_prior,13020.9,173.0
2006-08-01,pce,PCEPI,BEA,2006-06-01,level,114.877,114.453,0.22499999999999432,naive_prior,114.453,0.4239999999999924
2006-08-04,empsit,PAYEMS,BLS,2006-07-01,change,113.0,135230.0,11.0,naive_prior,121.0,-8.0
2006-08-04,unrate,UNRATE,BLS,2006-07-01,level,4.8,4.6,0.0,naive_prior,4.6,0.20000000000000018
2006-08-11,retail,RSAFS,Census,2006-07-01,level,367941.0,363806.0,-932.0,naive_prior,363806.0,4135.0
2006-08-16,cpi,CPIAUCSL,BLS,2006-07-01,level,203.2,202.3,0.0,naive_prior,202.3,0.8999999999999773
2006-08-16,cpi_core,CPILFESL,BLS,2006-07-01,level,206.4,206.0,0.0,naive_prior,206.0,0.4000000000000057
2006-08-31,pce,PCEPI,BEA,2006-07-01,level,115.223,114.877,-0.03499999999999659,naive_prior,114.877,0.34600000000000364
2006-09-01,empsit,PAYEMS,BLS,2006-08-01,change,128.0,135354.0,18.0,naive_prior,113.0,15.0
2006-09-01,unrate,UNRATE,BLS,2006-08-01,level,4.7,4.8,0.0,naive_prior,4.8,-0.09999999999999964
2006-09-14,retail,RSAFS,Census,2006-08-01,level,368233.0,367941.0,-590.0,naive_prior,367941.0,292.0
2006-09-15,cpi,CPIAUCSL,BLS,2006-08-01,level,203.7,203.2,0.0,naive_prior,203.2,0.5
2006-09-15,cpi_core,CPILFESL,BLS,2006-08-01,level,206.9,206.4,0.0,naive_prior,206.4,0.5
2006-09-29,pce,PCEPI,BEA,2006-08-01,level,115.477,115.223,-0.02400000000000091,naive_prior,115.223,0.2540000000000049
2006-10-06,empsit,PAYEMS,BLS,2006-09-01,change,51.0,135500.0,62.0,naive_prior,128.0,-77.0
2006-10-06,unrate,UNRATE,BLS,2006-09-01,level,4.6,4.7,0.0,naive_prior,4.7,-0.10000000000000053
2006-10-13,retail,RSAFS,Census,2006-09-01,level,366166.0,368233.0,-497.0,naive_prior,368233.0,-2067.0
2006-10-18,cpi,CPIAUCSL,BLS,2006-09-01,level,202.7,203.7,0.0,naive_prior,203.7,-1.0
2006-10-18,cpi_core,CPILFESL,BLS,2006-09-01,level,207.4,206.9,0.0,naive_prior,206.9,0.5
2006-10-27,gdp,GDP,BEA,2006-07-01,level,13308.3,13193.9,3.399999999999636,naive_prior,13193.9,114.39999999999964
2006-10-30,pce,PCEPI,BEA,2006-09-01,level,115.14,115.477,0.024999999999991473,naive_prior,115.477,-0.3370000000000033
2006-11-03,empsit,PAYEMS,BLS,2006-10-01,change,92.0,135613.0,139.0,naive_prior,51.0,41.0
2006-11-03,unrate,UNRATE,BLS,2006-10-01,level,4.4,4.6,0.0,naive_prior,4.6,-0.1999999999999993
2006-11-14,retail,RSAFS,Census,2006-10-01,level,363673.0,366166.0,-1684.0,naive_prior,366166.0,-2493.0
2006-11-16,cpi,CPIAUCSL,BLS,2006-10-01,level,201.7,202.7,0.0,naive_prior,202.7,-1.0
2006-11-16,cpi_core,CPILFESL,BLS,2006-10-01,level,207.6,207.4,0.0,naive_prior,207.4,0.19999999999998863
2006-11-30,pce,PCEPI,BEA,2006-10-01,level,114.861,115.14,-0.02400000000000091,naive_prior,115.14,-0.27899999999999636
2006-12-08,empsit,PAYEMS,BLS,2006-11-01,change,132.0,135844.0,42.0,naive_prior,92.0,40.0
2006-12-08,unrate,UNRATE,BLS,2006-11-01,level,4.5,4.4,0.0,naive_prior,4.4,0.09999999999999964
2006-12-13,retail,RSAFS,Census,2006-11-01,level,368861.0,363673.0,1402.0,naive_prior,363673.0,5188.0
2006-12-15,cpi,CPIAUCSL,BLS,2006-11-01,level,201.7,201.7,0.0,naive_prior,201.7,0.0
2006-12-15,cpi_core,CPILFESL,BLS,2006-11-01,level,207.7,207.6,0.0,naive_prior,207.6,0.09999999999999432
2006-12-22,pce,PCEPI,BEA,2006-11-01,level,114.861,114.861,-0.009000000000000341,naive_prior,114.861,0.0
2007-01-05,empsit,PAYEMS,BLS,2006-12-01,change,167.0,136018.0,29.0,naive_prior,132.0,35.0
2007-01-05,unrate,UNRATE,BLS,2006-12-01,level,4.5,4.5,0.0,naive_prior,4.5,0.0
2007-01-12,retail,RSAFS,Census,2006-12-01,level,369865.0,368861.0,-2228.0,naive_prior,368861.0,1004.0
2007-01-18,cpi,CPIAUCSL,BLS,2006-12-01,level,202.8,201.7,0.0,naive_prior,201.7,1.1000000000000227
2007-01-18,cpi_core,CPILFESL,BLS,2006-12-01,level,208.1,207.7,0.0,naive_prior,207.7,0.4000000000000057
2007-01-31,gdp,GDP,BEA,2006-10-01,level,13487.2,13308.3,14.300000000001091,naive_prior,13308.3,178.90000000000146
2007-02-01,pce,PCEPI,BEA,2006-12-01,level,115.294,114.861,0.013999999999995794,naive_prior,114.861,0.4329999999999927
2007-02-02,empsit,PAYEMS,BLS,2007-01-01,change,111.0,136214.0,933.0,naive_prior,167.0,-56.0
2007-02-02,unrate,UNRATE,BLS,2007-01-01,level,4.6,4.5,0.0,naive_prior,4.5,0.09999999999999964
2007-02-14,retail,RSAFS,Census,2007-01-01,level,370418.0,369865.0,582.0,naive_prior,369865.0,553.0
2007-02-21,cpi,CPIAUCSL,BLS,2007-01-01,level,203.153,202.8,0.0,naive_prior,202.8,0.3529999999999802
2007-02-21,cpi_core,CPILFESL,BLS,2007-01-01,level,208.632,208.1,0.0,naive_prior,208.1,0.5320000000000107
2007-03-01,pce,PCEPI,BEA,2007-01-01,level,115.496,115.294,-0.033999999999991815,naive_prior,115.294,0.20199999999999818
2007-03-09,empsit,PAYEMS,BLS,2007-02-01,change,97.0,137258.0,55.0,naive_prior,111.0,-14.0
2007-03-09,unrate,UNRATE,BLS,2007-02-01,level,4.5,4.6,0.0,naive_prior,4.6,-0.09999999999999964
2007-03-13,retail,RSAFS,Census,2007-02-01,level,370495.0,370418.0,-249.0,naive_prior,370418.0,77.0
2007-03-16,cpi,CPIAUCSL,BLS,2007-02-01,level,203.906,203.153,0.0,naive_prior,203.153,0.7530000000000143
2007-03-16,cpi_core,CPILFESL,BLS,2007-02-01,level,209.135,208.632,0.0,naive_prior,208.632,0.5029999999999859
2007-03-30,pce,PCEPI,BEA,2007-02-01,level,115.914,115.496,-0.05100000000000193,naive_prior,115.496,0.41800000000000637
2007-04-06,empsit,PAYEMS,BLS,2007-03-01,change,180.0,137410.0,32.0,naive_prior,97.0,83.0
2007-04-06,unrate,UNRATE,BLS,2007-03-01,level,4.4,4.5,0.0,naive_prior,4.5,-0.09999999999999964
2007-04-16,retail,RSAFS,Census,2007-03-01,level,371567.0,370495.0,-1425.0,naive_prior,370495.0,1072.0
2007-04-17,cpi,CPIAUCSL,BLS,2007-03-01,level,205.146,203.906,0.0,naive_prior,203.906,1.2399999999999807
2007-04-17,cpi_core,CPILFESL,BLS,2007-03-01,level,209.263,209.135,0.0,naive_prior,209.135,0.12800000000001432
2007-04-27,gdp,GDP,BEA,2007-01-01,level,13632.6,13487.2,-29.0,naive_prior,13487.2,145.39999999999964
2007-04-30,pce,PCEPI,BEA,2007-03-01,level,116.415,115.914,-0.012000000000000455,naive_prior,115.914,0.5010000000000048
2007-05-04,empsit,PAYEMS,BLS,2007-04-01,change,88.0,137622.0,-26.0,naive_prior,180.0,-92.0
2007-05-04,unrate,UNRATE,BLS,2007-04-01,level,4.5,4.4,0.0,naive_prior,4.4,0.09999999999999964
2007-05-11,retail,RSAFS,Census,2007-04-01,level,372034.0,371567.0,1309.0,naive_prior,371567.0,467.0
2007-05-15,cpi,CPIAUCSL,BLS,2007-04-01,level,205.999,205.146,0.0,naive_prior,205.146,0.8530000000000086
2007-05-15,cpi_core,CPILFESL,BLS,2007-04-01,level,209.634,209.263,0.0,naive_prior,209.263,0.3709999999999809
2007-06-01,empsit,PAYEMS,BLS,2007-05-01,change,157.0,137684.0,-10.0,naive_prior,88.0,69.0
2007-06-01,pce,PCEPI,BEA,2007-04-01,level,116.742,116.415,-0.015000000000000568,naive_prior,116.415,0.3269999999999982
2007-06-01,unrate,UNRATE,BLS,2007-05-01,level,4.5,4.5,0.0,naive_prior,4.5,0.0
2007-06-13,retail,RSAFS,Census,2007-05-01,level,377885.0,372034.0,597.0,naive_prior,372034.0,5851.0
2007-06-15,cpi,CPIAUCSL,BLS,2007-05-01,level,207.387,205.999,0.0,naive_prior,205.999,1.3880000000000052
2007-06-15,cpi_core,CPILFESL,BLS,2007-05-01,level,209.948,209.634,0.0,naive_prior,209.634,0.3140000000000214
2007-06-29,pce,PCEPI,BEA,2007-05-01,level,117.301,116.742,0.007999999999995566,naive_prior,116.742,0.5589999999999975
2007-07-06,empsit,PAYEMS,BLS,2007-06-01,change,132.0,137831.0,75.0,naive_prior,157.0,-25.0
2007-07-06,unrate,UNRATE,BLS,2007-06-01,level,4.5,4.5,0.0,naive_prior,4.5,0.0
2007-07-13,retail,RSAFS,Census,2007-06-01,level,373946.0,377885.0,-598.0,naive_prior,377885.0,-3939.0
2007-07-18,cpi,CPIAUCSL,BLS,2007-06-01,level,207.784,207.387,0.0,naive_prior,207.387,0.39699999999999136
2007-07-18,cpi_core,CPILFESL,BLS,2007-06-01,level,210.436,209.948,0.0,naive_prior,209.948,0.48799999999999955
2007-07-27,gdp,GDP,BEA,2007-04-01,level,13755.9,13632.6,-80.70000000000073,naive_prior,13632.6,123.29999999999927
2007-07-31,pce,PCEPI,BEA,2007-06-01,level,117.663,117.301,0.19299999999999784,naive_prior,117.301,0.36199999999999477
2007-08-03,empsit,PAYEMS,BLS,2007-07-01,change,92.0,138038.0,-8.0,naive_prior,132.0,-40.0
2007-08-03,unrate,UNRATE,BLS,2007-07-01,level,4.6,4.5,0.0,naive_prior,4.5,0.09999999999999964
2007-08-13,retail,RSAFS,Census,2007-07-01,level,376051.0,373946.0,1011.0,naive_prior,373946.0,2105.0
2007-08-15,cpi,CPIAUCSL,BLS,2007-07-01,level,208.028,207.784,0.0,naive_prior,207.784,0.24399999999999977
2007-08-15,cpi_core,CPILFESL,BLS,2007-07-01,level,210.933,210.436,0.0,naive_prior,210.436,0.4969999999999857
2007-08-31,pce,PCEPI,BEA,2007-07-01,level,117.741,117.663,-0.02199999999999136,naive_prior,117.663,0.07800000000000296
2007-09-07,empsit,PAYEMS,BLS,2007-08-01,change,-4.0,138122.0,-81.0,naive_prior,92.0,-96.0
2007-09-07,unrate,UNRATE,BLS,2007-08-01,level,4.6,4.6,0.0,naive_prior,4.6,0.0
2007-09-14,retail,RSAFS,Census,2007-08-01,level,377615.0,376051.0,527.0,naive_prior,376051.0,1564.0
2007-09-19,cpi,CPIAUCSL,BLS,2007-08-01,level,207.738,208.028,0.0,naive_prior,208.028,-0.28999999999999204
2007-09-19,cpi_core,CPILFESL,BLS,2007-08-01,level,211.25,210.933,0.0,naive_prior,210.933,0.3170000000000073
2007-09-28,pce,PCEPI,BEA,2007-08-01,level,117.651,117.741,0.001999999999995339,naive_prior,117.741,-0.09000000000000341
2007-10-05,empsit,PAYEMS,BLS,2007-09-01,change,110.0,138037.0,118.0,naive_prior,-4.0,114.0
2007-10-05,unrate,UNRATE,BLS,2007-09-01,level,4.7,4.6,0.0,naive_prior,4.6,0.10000000000000053
2007-10-12,retail,RSAFS,Census,2007-09-01,level,380230.0,377615.0,413.0,naive_prior,377615.0,2615.0
2007-10-17,cpi,CPIAUCSL,BLS,2007-09-01,level,208.292,207.738,0.0,naive_prior,207.738,0.554000000000002
2007-10-17,cpi_core,CPILFESL,BLS,2007-09-01,level,211.714,211.25,0.0,naive_prior,211.25,0.46399999999999864
2007-10-31,gdp,GDP,BEA,2007-07-01,level,13926.7,13755.9,12.899999999999636,naive_prior,13755.9,170.8000000000011
2007-11-01,pce,PCEPI,BEA,2007-09-01,level,117.987,117.651,0.07399999999999807,naive_prior,117.651,0.3359999999999985
2007-11-02,empsit,PAYEMS,BLS,2007-10-01,change,166.0,138265.0,-10.0,naive_prior,110.0,56.0
2007-11-02,unrate,UNRATE,BLS,2007-10-01,level,4.7,4.7,0.0,naive_prior,4.7,0.0
2007-11-14,retail,RSAFS,Census,2007-10-01,level,380259.0,380230.0,-595.0,naive_prior,380230.0,29.0
2007-11-15,cpi,CPIAUCSL,BLS,2007-10-01,level,208.903,208.292,0.0,naive_prior,208.292,0.61099999999999
2007-11-15,cpi_core,CPILFESL,BLS,2007-10-01,level,212.05,211.714,0.0,naive_prior,211.714,0.33600000000001273
2007-11-30,pce,PCEPI,BEA,2007-10-01,level,118.356,117.987,0.04000000000000625,naive_prior,117.987,0.3689999999999998
2007-12-07,empsit,PAYEMS,BLS,2007-11-01,change,94.0,138421.0,-48.0,naive_prior,166.0,-72.0
2007-12-07,unrate,UNRATE,BLS,2007-11-01,level,4.7,4.7,0.0,naive_prior,4.7,0.0
2007-12-13,retail,RSAFS,Census,2007-11-01,level,385753.0,380259.0,829.0,naive_prior,380259.0,5494.0
2007-12-14,cpi,CPIAUCSL,BLS,2007-11-01,level,210.565,208.903,0.0,naive_prior,208.903,1.6620000000000061
2007-12-14,cpi_core,CPILFESL,BLS,2007-11-01,level,212.633,212.05,0.0,naive_prior,212.05,0.5829999999999984
2007-12-21,pce,PCEPI,BEA,2007-11-01,level,119.137,118.356,0.10500000000000398,naive_prior,118.356,0.7810000000000059
2008-01-04,empsit,PAYEMS,BLS,2007-12-01,change,18.0,138467.0,10.0,naive_prior,94.0,-76.0
2008-01-04,unrate,UNRATE,BLS,2007-12-01,level,5.0,4.7,0.0,naive_prior,4.7,0.2999999999999998
2008-01-15,retail,RSAFS,Census,2007-12-01,level,382928.0,385753.0,-1411.0,naive_prior,385753.0,-2825.0
2008-01-16,cpi,CPIAUCSL,BLS,2007-12-01,level,211.16,210.565,0.0,naive_prior,210.565,0.5949999999999989
2008-01-16,cpi_core,CPILFESL,BLS,2007-12-01,level,213.148,212.633,0.0,naive_prior,212.633,0.5149999999999864
2008-01-30,gdp,GDP,BEA,2007-10-01,level,14080.8,13926.7,43.79999999999927,naive_prior,13926.7,154.09999999999854
2008-01-31,pce,PCEPI,BEA,2007-12-01,level,119.425,119.137,-0.007999999999995566,naive_prior,119.137,0.2879999999999967
2008-02-01,empsit,PAYEMS,BLS,2008-01-01,change,-17.0,138495.0,-376.0,naive_prior,18.0,-35.0
2008-02-01,unrate,UNRATE,BLS,2008-01-01,level,4.9,5.0,0.0,naive_prior,5.0,-0.09999999999999964
2008-02-13,retail,RSAFS,Census,2008-01-01,level,382906.0,382928.0,-1274.0,naive_prior,382928.0,-22.0
2008-02-20,cpi,CPIAUCSL,BLS,2008-01-01,level,212.516,211.16,0.5200000000000102,naive_prior,211.16,1.3559999999999945
2008-02-20,cpi_core,CPILFESL,BLS,2008-01-01,level,213.765,213.148,-0.044999999999987494,naive_prior,213.148,0.6169999999999902
2008-02-29,pce,PCEPI,BEA,2008-01-01,level,120.0,119.425,0.13400000000000034,naive_prior,119.425,0.5750000000000028
2008-03-07,empsit,PAYEMS,BLS,2008-02-01,change,-63.0,138102.0,-46.0,naive_prior,-17.0,-46.0
2008-03-07,unrate,UNRATE,BLS,2008-02-01,level,4.8,4.9,0.0,naive_prior,4.9,-0.10000000000000053
2008-03-13,retail,RSAFS,Census,2008-02-01,level,380197.0,382906.0,-570.0,naive_prior,382906.0,-2709.0
2008-03-14,cpi,CPIAUCSL,BLS,2008-02-01,level,212.571,212.516,0.0,naive_prior,212.516,0.05500000000000682
2008-03-14,cpi_core,CPILFESL,BLS,2008-02-01,level,213.851,213.765,0.0,naive_prior,213.765,0.08600000000001273
2008-03-28,pce,PCEPI,BEA,2008-02-01,level,119.988,120.0,-0.1560000000000059,naive_prior,120.0,-0.012000000000000455
2008-04-04,empsit,PAYEMS,BLS,2008-03-01,change,-80.0,137993.0,-67.0,naive_prior,-63.0,-17.0
2008-04-04,unrate,UNRATE,BLS,2008-03-01,level,5.1,4.8,0.0,naive_prior,4.8,0.2999999999999998
2008-04-14,retail,RSAFS,Census,2008-03-01,level,381416.0,380197.0,633.0,naive_prior,380197.0,1219.0
2008-04-16,cpi,CPIAUCSL,BLS,2008-03-01,level,213.301,212.571,0.0,naive_prior,212.571,0.7299999999999898
2008-04-16,cpi_core,CPILFESL,BLS,2008-03-01,level,214.176,213.851,0.0,naive_prior,213.851,0.32499999999998863
2008-04-30,gdp,GDP,BEA,2008-01-01,level,14185.2,14080.8,-6.599999999998545,naive_prior,14080.8,104.40000000000146
2008-05-01,pce,PCEPI,BEA,2008-03-01,level,120.348,119.988,0.0010000000000047748,naive_prior,119.988,0.35999999999999943
2008-05-02,empsit,PAYEMS,BLS,2008-04-01,change,-20.0,137846.0,-8.0,naive_prior,-80.0,60.0
2008-05-02,unrate,UNRATE,BLS,2008-04-01,level,5.0,5.1,0.0,naive_prior,5.1,-0.09999999999999964
2008-05-13,retail,RSAFS,Census,2008-04-01,level,378148.0,381416.0,-2564.0,naive_prior,381416.0,-3268.0
2008-05-14,cpi,CPIAUCSL,BLS,2008-04-01,level,213.743,213.301,0.0,naive_prior,213.301,0.4420000000000073
2008-05-14,cpi_core,CPILFESL,BLS,2008-04-01,level,214.398,214.176,0.0,naive_prior,214.176,0.2220000000000084
2008-05-30,pce,PCEPI,BEA,2008-04-01,level,120.615,120.348,-0.01300000000000523,naive_prior,120.348,0.2669999999999959
2008-06-06,empsit,PAYEMS,BLS,2008-05-01,change,-49.0,137818.0,-15.0,naive_prior,-20.0,-29.0
2008-06-06,unrate,UNRATE,BLS,2008-05-01,level,5.5,5.0,0.0,naive_prior,5.0,0.5
2008-06-12,retail,RSAFS,Census,2008-05-01,level,385448.0,378148.0,3415.0,naive_prior,378148.0,7300.0
2008-06-13,cpi,CPIAUCSL,BLS,2008-05-01,level,215.132,213.743,0.0,naive_prior,213.743,1.38900000000001
2008-06-13,cpi_core,CPILFESL,BLS,2008-05-01,level,214.832,214.398,0.0,naive_prior,214.398,0.4339999999999975
2008-06-27,pce,PCEPI,BEA,2008-05-01,level,121.151,120.615,0.049000000000006594,naive_prior,120.615,0.5360000000000014
2008-07-03,empsit,PAYEMS,BLS,2008-06-01,change,-62.0,137754.0,-52.0,naive_prior,-49.0,-13.0
2008-07-03,unrate,UNRATE,BLS,2008-06-01,level,5.5,5.5,0.0,naive_prior,5.5,0.0
2008-07-15,retail,RSAFS,Census,2008-06-01,level,384211.0,385448.0,-1504.0,naive_prior,385448.0,-1237.0
2008-07-16,cpi,CPIAUCSL,BLS,2008-06-01,level,217.403,215.132,0.0,naive_prior,215.132,2.2709999999999866
2008-07-16,cpi_core,CPILFESL,BLS,2008-06-01,level,215.526,214.832,0.0,naive_prior,214.832,0.6940000000000168
2008-07-31,gdp,GDP,BEA,2008-04-01,level,14256.5,14185.2,-34.400000000001455,naive_prior,14185.2,71.29999999999927
2008-08-01,empsit,PAYEMS,BLS,2008-07-01,change,-51.0,137640.0,26.0,naive_prior,-62.0,11.0
2008-08-01,unrate,UNRATE,BLS,2008-07-01,level,5.7,5.5,0.0,naive_prior,5.5,0.20000000000000018
2008-08-04,pce,PCEPI,BEA,2008-06-01,level,122.325,121.151,0.2540000000000049,naive_prior,121.151,1.1740000000000066
2008-08-13,retail,RSAFS,Census,2008-07-01,level,384631.0,384211.0,891.0,naive_prior,384211.0,420.0
2008-08-14,cpi,CPIAUCSL,BLS,2008-07-01,level,219.181,217.403,0.0,naive_prior,217.403,1.77800000000002
2008-08-14,cpi_core,CPILFESL,BLS,2008-07-01,level,216.23,215.526,0.0,naive_prior,215.526,0.7039999999999793
2008-08-29,pce,PCEPI,BEA,2008-07-01,level,123.087,122.325,-0.01300000000000523,naive_prior,122.325,0.7620000000000005
2008-09-05,empsit,PAYEMS,BLS,2008-08-01,change,-84.0,137615.0,-58.0,naive_prior,-51.0,-33.0
2008-09-05,unrate,UNRATE,BLS,2008-08-01,level,6.1,5.7,0.0,naive_prior,5.7,0.39999999999999947
2008-09-12,retail,RSAFS,Census,2008-08-01,level,381169.0,384631.0,-2441.0,naive_prior,384631.0,-3462.0
2008-09-16,cpi,CPIAUCSL,BLS,2008-08-01,level,218.88,219.181,0.0,naive_prior,219.181,-0.30100000000001614
2008-09-16,cpi_core,CPILFESL,BLS,2008-08-01,level,216.65,216.23,0.0,naive_prior,216.23,0.4200000000000159
2008-09-29,pce,PCEPI,BEA,2008-08-01,level,123.171,123.087,0.04200000000000159,naive_prior,123.087,0.08400000000000318
2008-10-03,empsit,PAYEMS,BLS,2008-09-01,change,-159.0,137473.0,4.0,naive_prior,-84.0,-75.0
2008-10-03,unrate,UNRATE,BLS,2008-09-01,level,6.1,6.1,0.0,naive_prior,6.1,0.0
2008-10-15,retail,RSAFS,Census,2008-09-01,level,375473.0,381169.0,-1293.0,naive_prior,381169.0,-5696.0
2008-10-16,cpi,CPIAUCSL,BLS,2008-09-01,level,218.813,218.88,0.0,naive_prior,218.88,-0.06700000000000728
2008-10-16,cpi_core,CPILFESL,BLS,2008-09-01,level,216.956,216.65,0.0,naive_prior,216.65,0.3059999999999832
2008-10-30,gdp,GDP,BEA,2008-07-01,level,14429.2,14256.5,38.0,naive_prior,14256.5,172.70000000000073
2008-10-31,pce,PCEPI,BEA,2008-09-01,level,123.247,123.171,-0.05300000000001148,naive_prior,123.171,0.0759999999999934
2008-11-07,empsit,PAYEMS,BLS,2008-10-01,change,-240.0,137318.0,-179.0,naive_prior,-159.0,-81.0
2008-11-07,unrate,UNRATE,BLS,2008-10-01,level,6.5,6.1,0.0,naive_prior,6.1,0.40000000000000036
2008-11-14,retail,RSAFS,Census,2008-10-01,level,363696.0,375473.0,-1408.0,naive_prior,375473.0,-11777.0
2008-11-19,cpi,CPIAUCSL,BLS,2008-10-01,level,216.71,218.813,0.0,naive_prior,218.813,-2.10299999999998
2008-11-19,cpi_core,CPILFESL,BLS,2008-10-01,level,216.801,216.956,0.0,naive_prior,216.956,-0.15500000000000114
2008-11-26,pce,PCEPI,BEA,2008-10-01,level,122.479,123.247,-0.07399999999999807,naive_prior,123.247,-0.7680000000000007
2008-12-05,empsit,PAYEMS,BLS,2008-11-01,change,-533.0,136899.0,-199.0,naive_prior,-240.0,-293.0
2008-12-05,unrate,UNRATE,BLS,2008-11-01,level,6.7,6.5,0.0,naive_prior,6.5,0.20000000000000018
2008-12-12,retail,RSAFS,Census,2008-11-01,level,355655.0,363696.0,-1661.0,naive_prior,363696.0,-8041.0
2008-12-16,cpi,CPIAUCSL,BLS,2008-11-01,level,213.06,216.71,0.0,naive_prior,216.71,-3.6500000000000057
2008-12-16,cpi_core,CPILFESL,BLS,2008-11-01,level,216.849,216.801,0.0,naive_prior,216.801,0.04800000000000182
2008-12-24,pce,PCEPI,BEA,2008-11-01,level,121.075,122.479,-0.04599999999999227,naive_prior,122.479,-1.4039999999999964
2009-01-09,empsit,PAYEMS,BLS,2008-12-01,change,-524.0,136167.0,-154.0,naive_prior,-533.0,9.0
2009-01-09,unrate,UNRATE,BLS,2008-12-01,level,7.2,6.7,0.09999999999999964,naive_prior,6.7,0.5
2009-01-14,retail,RSAFS,Census,2008-12-01,level,343242.0,355655.0,-3028.0,naive_prior,355655.0,-12413.0
2009-01-16,cpi,CPIAUCSL,BLS,2008-12-01,level,211.49,213.06,0.0,naive_prior,213.06,-1.5699999999999932
2009-01-16,cpi_core,CPILFESL,BLS,2008-12-01,level,216.816,216.849,0.0,naive_prior,216.849,-0.03299999999998704
2009-01-30,gdp,GDP,BEA,2008-10-01,level,14264.6,14429.2,-16.400000000001455,naive_prior,14429.2,-164.60000000000036
2009-02-02,pce,PCEPI,BEA,2008-12-01,level,120.434,121.075,-0.028000000000005798,naive_prior,121.075,-0.6410000000000053
2009-02-06,empsit,PAYEMS,BLS,2009-01-01,change,-598.0,135489.0,-311.0,naive_prior,-524.0,-74.0
2009-02-06,unrate,UNRATE,BLS,2009-01-01,level,7.6,7.2,0.0,naive_prior,7.2,0.39999999999999947
2009-02-12,retail,RSAFS,Census,2009-01-01,level,344649.0,343242.0,-2170.0,naive_prior,343242.0,1407.0
2009-02-20,cpi,CPIAUCSL,BLS,2009-01-01,level,212.174,211.49,0.08699999999998909,naive_prior,211.49,0.6839999999999975
2009-02-20,cpi_core,CPILFESL,BLS,2009-01-01,level,217.265,216.816,0.0660000000000025,naive_prior,216.816,0.44899999999998386
2009-03-02,pce,PCEPI,BEA,2009-01-01,level,120.847,120.434,0.17199999999999704,naive_prior,120.434,0.4129999999999967
2009-03-06,empsit,PAYEMS,BLS,2009-02-01,change,-651.0,134580.0,-161.0,naive_prior,-598.0,-53.0
2009-03-06,unrate,UNRATE,BLS,2009-02-01,level,8.1,7.6,0.0,naive_prior,7.6,0.5
2009-03-12,retail,RSAFS,Census,2009-02-01,level,346810.0,344649.0,2542.0,naive_prior,344649.0,2161.0
2009-03-18,cpi,CPIAUCSL,BLS,2009-02-01,level,213.007,212.174,0.0,naive_prior,212.174,0.8329999999999984
2009-03-18,cpi_core,CPILFESL,BLS,2009-02-01,level,217.67,217.265,0.0,naive_prior,217.265,0.40500000000000114
2009-03-27,pce,PCEPI,BEA,2009-02-01,level,121.397,120.847,0.12700000000000955,naive_prior,120.847,0.5500000000000114
2009-04-03,empsit,PAYEMS,BLS,2009-03-01,change,-663.0,133768.0,-86.0,naive_prior,-651.0,-12.0
2009-04-03,unrate,UNRATE,BLS,2009-03-01,level,8.5,8.1,0.0,naive_prior,8.1,0.40000000000000036
2009-04-14,retail,RSAFS,Census,2009-03-01,level,344380.0,346810.0,1549.0,naive_prior,346810.0,-2430.0
2009-04-15,cpi,CPIAUCSL,BLS,2009-03-01,level,212.714,213.007,0.0,naive_prior,213.007,-0.29300000000000637
2009-04-15,cpi_core,CPILFESL,BLS,2009-03-01,level,218.042,217.67,0.0,naive_prior,217.67,0.3720000000000141
2009-04-29,gdp,GDP,BEA,2009-01-01,level,14075.5,14264.6,-64.30000000000109,naive_prior,14264.6,-189.10000000000036
2009-04-30,pce,PCEPI,BEA,2009-03-01,level,121.323,121.397,-0.04400000000001114,naive_prior,121.397,-0.07400000000001228
2009-05-08,empsit,PAYEMS,BLS,2009-04-01,change,-539.0,133019.0,-66.0,naive_prior,-663.0,124.0
2009-05-08,unrate,UNRATE,BLS,2009-04-01,level,8.9,8.5,0.0,naive_prior,8.5,0.40000000000000036
2009-05-13,retail,RSAFS,Census,2009-04-01,level,337677.0,344380.0,-5450.0,naive_prior,344380.0,-6703.0
2009-05-15,cpi,CPIAUCSL,BLS,2009-04-01,level,212.671,212.714,0.0,naive_prior,212.714,-0.043000000000006366
2009-05-15,cpi_core,CPILFESL,BLS,2009-04-01,level,218.594,218.042,0.0,naive_prior,218.042,0.5519999999999925
2009-05-28,claims,ICSA,DOL,1967-01-14,level,207000.0,208000.0,0.0,naive_prior,208000.0,-1000.0
2009-05-28,claims,ICSA,DOL,1967-01-21,level,217000.0,207000.0,0.0,naive_prior,207000.0,10000.0
2009-05-28,claims,ICSA,DOL,1967-01-28,level,204000.0,217000.0,0.0,naive_prior,217000.0,-13000.0
2009-05-28,claims,ICSA,DOL,1967-02-04,level,216000.0,204000.0,0.0,naive_prior,204000.0,12000.0
2009-05-28,claims,ICSA,DOL,1967-02-11,level,229000.0,216000.0,0.0,naive_prior,216000.0,13000.0
2009-05-28,claims,ICSA,DOL,1967-02-18,level,229000.0,229000.0,0.0,naive_prior,229000.0,0.0
2009-05-28,claims,ICSA,DOL,1967-02-25,level,242000.0,229000.0,0.0,naive_prior,229000.0,13000.0
2009-05-28,claims,ICSA,DOL,1967-03-04,level,310000.0,242000.0,0.0,naive_prior,242000.0,68000.0
2009-05-28,claims,ICSA,DOL,1967-03-11,level,241000.0,310000.0,0.0,naive_prior,310000.0,-69000.0
2009-05-28,claims,ICSA,DOL,1967-03-18,level,245000.0,241000.0,0.0,naive_prior,241000.0,4000.0
2009-05-28,claims,ICSA,DOL,1967-03-25,level,247000.0,245000.0,0.0,naive_prior,245000.0,2000.0
2009-05-28,claims,ICSA,DOL,1967-04-01,level,259000.0,247000.0,0.0,naive_prior,247000.0,12000.0
2009-05-28,claims,ICSA,DOL,1967-04-08,level,257000.0,259000.0,0.0,naive_prior,259000.0,-2000.0
2009-05-28,claims,ICSA,DOL,1967-04-15,level,299000.0,257000.0,0.0,naive_prior,257000.0,42000.0
2009-05-28,claims,ICSA,DOL,1967-04-22,level,245000.0,299000.0,0.0,naive_prior,299000.0,-54000.0
2009-05-28,claims,ICSA,DOL,1967-04-29,level,255000.0,245000.0,0.0,naive_prior,245000.0,10000.0
2009-05-28,claims,ICSA,DOL,1967-05-06,level,254000.0,255000.0,0.0,naive_prior,255000.0,-1000.0
2009-05-28,claims,ICSA,DOL,1967-05-13,level,231000.0,254000.0,0.0,naive_prior,254000.0,-23000.0
2009-05-28,claims,ICSA,DOL,1967-05-20,level,230000.0,231000.0,0.0,naive_prior,231000.0,-1000.0
2009-05-28,claims,ICSA,DOL,1967-05-27,level,228000.0,230000.0,0.0,naive_prior,230000.0,-2000.0
2009-05-28,claims,ICSA,DOL,1967-06-03,level,248000.0,228000.0,0.0,naive_prior,228000.0,20000.0
2009-05-28,claims,ICSA,DOL,1967-06-10,level,238000.0,248000.0,0.0,naive_prior,248000.0,-10000.0
2009-05-28,claims,ICSA,DOL,1967-06-17,level,224000.0,238000.0,0.0,naive_prior,238000.0,-14000.0
2009-05-28,claims,ICSA,DOL,1967-06-24,level,218000.0,224000.0,0.0,naive_prior,224000.0,-6000.0
2009-05-28,claims,ICSA,DOL,1967-07-01,level,209000.0,218000.0,0.0,naive_prior,218000.0,-9000.0
2009-05-28,claims,ICSA,DOL,1967-07-08,level,240000.0,209000.0,0.0,naive_prior,209000.0,31000.0
2009-05-28,claims,ICSA,DOL,1967-07-15,level,241000.0,240000.0,0.0,naive_prior,240000.0,1000.0
2009-05-28,claims,ICSA,DOL,1967-07-22,level,240000.0,241000.0,0.0,naive_prior,241000.0,-1000.0
2009-05-28,claims,ICSA,DOL,1967-07-29,level,209000.0,240000.0,0.0,naive_prior,240000.0,-31000.0
2009-05-28,claims,ICSA,DOL,1967-08-05,level,221000.0,209000.0,0.0,naive_prior,209000.0,12000.0
2009-05-28,claims,ICSA,DOL,1967-08-12,level,202000.0,221000.0,0.0,naive_prior,221000.0,-19000.0
2009-05-28,claims,ICSA,DOL,1967-08-19,level,215000.0,202000.0,0.0,naive_prior,202000.0,13000.0
2009-05-28,claims,ICSA,DOL,1967-08-26,level,213000.0,215000.0,0.0,naive_prior,215000.0,-2000.0
2009-05-28,claims,ICSA,DOL,1967-09-02,level,218000.0,213000.0,0.0,naive_prior,213000.0,5000.0
2009-05-28,claims,ICSA,DOL,1967-09-09,level,231000.0,218000.0,0.0,naive_prior,218000.0,13000.0
2009-05-28,claims,ICSA,DOL,1967-09-16,level,220000.0,231000.0,0.0,naive_prior,231000.0,-11000.0
2009-05-28,claims,ICSA,DOL,1967-09-23,level,209000.0,220000.0,0.0,naive_prior,220000.0,-11000.0
2009-05-28,claims,ICSA,DOL,1967-09-30,level,204000.0,209000.0,0.0,naive_prior,209000.0,-5000.0
2009-05-28,claims,ICSA,DOL,1967-10-07,level,231000.0,204000.0,0.0,naive_prior,204000.0,27000.0
2009-05-28,claims,ICSA,DOL,1967-10-14,level,206000.0,231000.0,0.0,naive_prior,231000.0,-25000.0
2009-05-28,claims,ICSA,DOL,1967-10-21,level,223000.0,206000.0,0.0,naive_prior,206000.0,17000.0
2009-05-28,claims,ICSA,DOL,1967-10-28,level,207000.0,223000.0,0.0,naive_prior,223000.0,-16000.0
2009-05-28,claims,ICSA,DOL,1967-11-04,level,222000.0,207000.0,0.0,naive_prior,207000.0,15000.0
2009-05-28,claims,ICSA,DOL,1967-11-11,level,214000.0,222000.0,0.0,naive_prior,222000.0,-8000.0
2009-05-28,claims,ICSA,DOL,1967-11-18,level,198000.0,214000.0,0.0,naive_prior,214000.0,-16000.0
2009-05-28,claims,ICSA,DOL,1967-11-25,level,191000.0,198000.0,0.0,naive_prior,198000.0,-7000.0
2009-05-28,claims,ICSA,DOL,1967-12-02,level,196000.0,191000.0,0.0,naive_prior,191000.0,5000.0
2009-05-28,claims,ICSA,DOL,1967-12-09,level,221000.0,196000.0,0.0,naive_prior,196000.0,25000.0
2009-05-28,claims,ICSA,DOL,1967-12-16,level,204000.0,221000.0,0.0,naive_prior,221000.0,-17000.0
2009-05-28,claims,ICSA,DOL,1967-12-23,level,219000.0,204000.0,0.0,naive_prior,204000.0,15000.0
2009-05-28,claims,ICSA,DOL,1967-12-30,level,216000.0,219000.0,0.0,naive_prior,219000.0,-3000.0
2009-05-28,claims,ICSA,DOL,1968-01-06,level,222000.0,216000.0,0.0,naive_prior,216000.0,6000.0
2009-05-28,claims,ICSA,DOL,1968-01-13,level,222000.0,222000.0,0.0,naive_prior,222000.0,0.0
2009-05-28,claims,ICSA,DOL,1968-01-20,level,221000.0,222000.0,0.0,naive_prior,222000.0,-1000.0
2009-05-28,claims,ICSA,DOL,1968-01-27,level,198000.0,221000.0,0.0,naive_prior,221000.0,-23000.0
2009-05-28,claims,ICSA,DOL,1968-02-03,level,244000.0,198000.0,0.0,naive_prior,198000.0,46000.0
2009-05-28,claims,ICSA,DOL,1968-02-10,level,210000.0,244000.0,0.0,naive_prior,244000.0,-34000.0
2009-05-28,claims,ICSA,DOL,1968-02-17,level,196000.0,210000.0,0.0,naive_prior,210000.0,-14000.0
2009-05-28,claims,ICSA,DOL,1968-02-24,level,193000.0,196000.0,0.0,naive_prior,196000.0,-3000.0
2009-05-28,claims,ICSA,DOL,1968-03-02,level,190000.0,193000.0,0.0,naive_prior,193000.0,-3000.0
2009-05-28,claims,ICSA,DOL,1968-03-09,level,204000.0,190000.0,0.0,naive_prior,190000.0,14000.0
2009-05-28,claims,ICSA,DOL,1968-03-16,level,190000.0,204000.0,0.0,naive_prior,204000.0,-14000.0
2009-05-28,claims,ICSA,DOL,1968-03-23,level,200000.0,190000.0,0.0,naive_prior,190000.0,10000.0
2009-05-28,claims,ICSA,DOL,1968-03-30,level,192000.0,200000.0,0.0,naive_prior,200000.0,-8000.0
2009-05-28,claims,ICSA,DOL,1968-04-06,level,191000.0,192000.0,0.0,naive_prior,192000.0,-1000.0
2009-05-28,claims,ICSA,DOL,1968-04-13,level,171000.0,191000.0,0.0,naive_prior,191000.0,-20000.0
2009-05-28,claims,ICSA,DOL,1968-04-20,level,183000.0,171000.0,0.0,naive_prior,171000.0,12000.0
2009-05-28,claims,ICSA,DOL,1968-04-27,level,251000.0,183000.0,0.0,naive_prior,183000.0,68000.0
2009-05-28,claims,ICSA,DOL,1968-05-04,level,209000.0,251000.0,0.0,naive_prior,251000.0,-42000.0
2009-05-28,claims,ICSA,DOL,1968-05-11,level,194000.0,209000.0,0.0,naive_prior,209000.0,-15000.0
2009-05-28,claims,ICSA,DOL,1968-05-18,level,199000.0,194000.0,0.0,naive_prior,194000.0,5000.0
2009-05-28,claims,ICSA,DOL,1968-05-25,level,194000.0,199000.0,0.0,naive_prior,199000.0,-5000.0
2009-05-28,claims,ICSA,DOL,1968-06-01,level,199000.0,194000.0,0.0,naive_prior,194000.0,5000.0
2009-05-28,claims,ICSA,DOL,1968-06-08,level,192000.0,199000.0,0.0,naive_prior,199000.0,-7000.0
2009-05-28,claims,ICSA,DOL,1968-06-15,level,194000.0,192000.0,0.0,naive_prior,192000.0,2000.0
2009-05-28,claims,ICSA,DOL,1968-06-22,level,189000.0,194000.0,0.0,naive_prior,194000.0,-5000.0
2009-05-28,claims,ICSA,DOL,1968-06-29,level,194000.0,189000.0,0.0,naive_prior,189000.0,5000.0
2009-05-28,claims,ICSA,DOL,1968-07-06,level,214000.0,194000.0,0.0,naive_prior,194000.0,20000.0
2009-05-28,claims,ICSA,DOL,1968-07-13,level,186000.0,214000.0,0.0,naive_prior,214000.0,-28000.0
2009-05-28,claims,ICSA,DOL,1968-07-20,level,180000.0,186000.0,0.0,naive_prior,186000.0,-6000.0
2009-05-28,claims,ICSA,DOL,1968-07-27,level,205000.0,180000.0,0.0,naive_prior,180000.0,25000.0
2009-05-28,claims,ICSA,DOL,1968-08-03,level,206000.0,205000.0,0.0,naive_prior,205000.0,1000.0
2009-05-28,claims,ICSA,DOL,1968-08-10,level,218000.0,206000.0,0.0,naive_prior,206000.0,12000.0
2009-05-28,claims,ICSA,DOL,1968-08-17,level,192000.0,218000.0,0.0,naive_prior,218000.0,-26000.0
2009-05-28,claims,ICSA,DOL,1968-08-24,level,193000.0,192000.0,0.0,naive_prior,192000.0,1000.0
2009-05-28,claims,ICSA,DOL,1968-08-31,level,188000.0,193000.0,0.0,naive_prior,193000.0,-5000.0
2009-05-28,claims,ICSA,DOL,1968-09-07,level,189000.0,188000.0,0.0,naive_prior,188000.0,1000.0
2009-05-28,claims,ICSA,DOL,1968-09-14,level,195000.0,189000.0,0.0,naive_prior,189000.0,6000.0
2009-05-28,claims,ICSA,DOL,1968-09-21,level,191000.0,195000.0,0.0,naive_prior,195000.0,-4000.0
2009-05-28,claims,ICSA,DOL,1968-09-28,level,189000.0,191000.0,0.0,naive_prior,191000.0,-2000.0
2009-05-28,claims,ICSA,DOL,1968-10-05,level,185000.0,189000.0,0.0,naive_prior,189000.0,-4000.0
2009-05-28,claims,ICSA,DOL,1968-10-12,level,186000.0,185000.0,0.0,naive_prior,185000.0,1000.0
2009-05-28,claims,ICSA,DOL,1968-10-19,level,191000.0,186000.0,0.0,naive_prior,186000.0,5000.0
2009-05-28,claims,ICSA,DOL,1968-10-26,level,182000.0,191000.0,0.0,naive_prior,191000.0,-9000.0
2009-05-28,claims,ICSA,DOL,1968-11-02,level,181000.0,182000.0,0.0,naive_prior,182000.0,-1000.0
2009-05-28,claims,ICSA,DOL,1968-11-09,level,183000.0,181000.0,0.0,naive_prior,181000.0,2000.0
2009-05-28,claims,ICSA,DOL,1968-11-16,level,192000.0,183000.0,0.0,naive_prior,183000.0,9000.0
2009-05-28,claims,ICSA,DOL,1968-11-23,level,199000.0,192000.0,0.0,naive_prior,192000.0,7000.0
2009-05-28,claims,ICSA,DOL,1968-11-30,level,162000.0,199000.0,0.0,naive_prior,199000.0,-37000.0
2009-05-28,claims,ICSA,DOL,1968-12-07,level,188000.0,162000.0,0.0,naive_prior,162000.0,26000.0
2009-05-28,claims,ICSA,DOL,1968-12-14,level,195000.0,188000.0,0.0,naive_prior,188000.0,7000.0
2009-05-28,claims,ICSA,DOL,1968-12-21,level,192000.0,195000.0,0.0,naive_prior,195000.0,-3000.0
2009-05-28,claims,ICSA,DOL,1968-12-28,level,223000.0,192000.0,0.0,naive_prior,192000.0,31000.0
2009-05-28,claims,ICSA,DOL,1969-01-04,level,190000.0,223000.0,0.0,naive_prior,223000.0,-33000.0
2009-05-28,claims,ICSA,DOL,1969-01-11,level,191000.0,190000.0,0.0,naive_prior,190000.0,1000.0
2009-05-28,claims,ICSA,DOL,1969-01-18,level,192000.0,191000.0,0.0,naive_prior,191000.0,1000.0
2009-05-28,claims,ICSA,DOL,1969-01-25,level,193000.0,192000.0,0.0,naive_prior,192000.0,1000.0
2009-05-28,claims,ICSA,DOL,1969-02-01,level,203000.0,193000.0,0.0,naive_prior,193000.0,10000.0
2009-05-28,claims,ICSA,DOL,1969-02-08,level,197000.0,203000.0,0.0,naive_prior,203000.0,-6000.0
2009-05-28,claims,ICSA,DOL,1969-02-15,level,192000.0,197000.0,0.0,naive_prior,197000.0,-5000.0
2009-05-28,claims,ICSA,DOL,1969-02-22,level,192000.0,192000.0,0.0,naive_prior,192000.0,0.0
2009-05-28,claims,ICSA,DOL,1969-03-01,level,201000.0,192000.0,0.0,naive_prior,192000.0,9000.0
2009-05-28,claims,ICSA,DOL,1969-03-08,level,191000.0,201000.0,0.0,naive_prior,201000.0,-10000.0
2009-05-28,claims,ICSA,DOL,1969-03-15,level,189000.0,191000.0,0.0,naive_prior,191000.0,-2000.0
2009-05-28,claims,ICSA,DOL,1969-03-22,level,181000.0,189000.0,0.0,naive_prior,189000.0,-8000.0
2009-05-28,claims,ICSA,DOL,1969-03-29,level,183000.0,181000.0,0.0,naive_prior,181000.0,2000.0
2009-05-28,claims,ICSA,DOL,1969-04-05,level,182000.0,183000.0,0.0,naive_prior,183000.0,-1000.0
2009-05-28,claims,ICSA,DOL,1969-04-12,level,190000.0,182000.0,0.0,naive_prior,182000.0,8000.0
2009-05-28,claims,ICSA,DOL,1969-04-19,level,187000.0,190000.0,0.0,naive_prior,190000.0,-3000.0
2009-05-28,claims,ICSA,DOL,1969-04-26,level,177000.0,187000.0,0.0,naive_prior,187000.0,-10000.0
2009-05-28,claims,ICSA,DOL,1969-05-03,level,177000.0,177000.0,0.0,naive_prior,177000.0,0.0
2009-05-28,claims,ICSA,DOL,1969-05-10,level,183000.0,177000.0,0.0,naive_prior,177000.0,6000.0
2009-05-28,claims,ICSA,DOL,1969-05-17,level,179000.0,183000.0,0.0,naive_prior,183000.0,-4000.0
2009-05-28,claims,ICSA,DOL,1969-05-24,level,180000.0,179000.0,0.0,naive_prior,179000.0,1000.0
2009-05-28,claims,ICSA,DOL,1969-05-31,level,187000.0,180000.0,0.0,naive_prior,180000.0,7000.0
2009-05-28,claims,ICSA,DOL,1969-06-07,level,192000.0,187000.0,0.0,naive_prior,187000.0,5000.0
2009-05-28,claims,ICSA,DOL,1969-06-14,level,182000.0,192000.0,0.0,naive_prior,192000.0,-10000.0
2009-05-28,claims,ICSA,DOL,1969-06-21,level,191000.0,182000.0,0.0,naive_prior,182000.0,9000.0
2009-05-28,claims,ICSA,DOL,1969-06-28,level,203000.0,191000.0,0.0,naive_prior,191000.0,12000.0
2009-05-28,claims,ICSA,DOL,1969-07-05,level,227000.0,203000.0,0.0,naive_prior,203000.0,24000.0
2009-05-28,claims,ICSA,DOL,1969-07-12,level,210000.0,227000.0,0.0,naive_prior,227000.0,-17000.0
2009-05-28,claims,ICSA,DOL,1969-07-19,level,206000.0,210000.0,0.0,naive_prior,210000.0,-4000.0
2009-05-28,claims,ICSA,DOL,1969-07-26,level,192000.0,206000.0,0.0,naive_prior,206000.0,-14000.0
2009-05-28,claims,ICSA,DOL,1969-08-02,level,196000.0,192000.0,0.0,naive_prior,192000.0,4000.0
2009-05-28,claims,ICSA,DOL,1969-08-09,level,203000.0,196000.0,0.0,naive_prior,196000.0,7000.0
2009-05-28,claims,ICSA,DOL,1969-08-16,level,199000.0,203000.0,0.0,naive_prior,203000.0,-4000.0
2009-05-28,claims,ICSA,DOL,1969-08-23,level,199000.0,199000.0,0.0,naive_prior,199000.0,0.0
2009-05-28,claims,ICSA,DOL,1969-08-30,level,195000.0,199000.0,0.0,naive_prior,199000.0,-4000.0
2009-05-28,claims,ICSA,DOL,1969-09-06,level,182000.0,195000.0,0.0,naive_prior,195000.0,-13000.0
2009-05-28,claims,ICSA,DOL,1969-09-13,level,209000.0,182000.0,0.0,naive_prior,182000.0,27000.0
2009-05-28,claims,ICSA,DOL,1969-09-20,level,195000.0,209000.0,0.0,naive_prior,209000.0,-14000.0
2009-05-28,claims,ICSA,DOL,1969-09-27,level,193000.0,195000.0,0.0,naive_prior,195000.0,-2000.0
2009-05-28,claims,ICSA,DOL,1969-10-04,level,193000.0,193000.0,0.0,naive_prior,193000.0,0.0
2009-05-28,claims,ICSA,DOL,1969-10-11,level,200000.0,193000.0,0.0,naive_prior,193000.0,7000.0
2009-05-28,claims,ICSA,DOL,1969-10-18,level,199000.0,200000.0,0.0,naive_prior,200000.0,-1000.0
2009-05-28,claims,ICSA,DOL,1969-10-25,level,205000.0,199000.0,0.0,naive_prior,199000.0,6000.0
2009-05-28,claims,ICSA,DOL,1969-11-01,level,198000.0,205000.0,0.0,naive_prior,205000.0,-7000.0
2009-05-28,claims,ICSA,DOL,1969-11-08,level,211000.0,198000.0,0.0,naive_prior,198000.0,13000.0
2009-05-28,claims,ICSA,DOL,1969-11-15,level,197000.0,211000.0,0.0,naive_prior,211000.0,-14000.0
2009-05-28,claims,ICSA,DOL,1969-11-22,level,217000.0,197000.0,0.0,naive_prior,197000.0,20000.0
2009-05-28,claims,ICSA,DOL,1969-11-29,level,202000.0,217000.0,0.0,naive_prior,217000.0,-15000.0
2009-05-28,claims,ICSA,DOL,1969-12-06,level,202000.0,202000.0,0.0,naive_prior,202000.0,0.0
2009-05-28,claims,ICSA,DOL,1969-12-13,level,222000.0,202000.0,0.0,naive_prior,202000.0,20000.0
2009-05-28,claims,ICSA,DOL,1969-12-20,level,232000.0,222000.0,0.0,naive_prior,222000.0,10000.0
2009-05-28,claims,ICSA,DOL,1969-12-27,level,223000.0,232000.0,0.0,naive_prior,232000.0,-9000.0
2009-05-28,claims,ICSA,DOL,1970-01-03,level,230000.0,223000.0,0.0,naive_prior,223000.0,7000.0
2009-05-28,claims,ICSA,DOL,1970-01-10,level,242000.0,230000.0,0.0,naive_prior,230000.0,12000.0
2009-05-28,claims,ICSA,DOL,1970-01-17,level,268000.0,242000.0,0.0,naive_prior,242000.0,26000.0
2009-05-28,claims,ICSA,DOL,1970-01-24,level,256000.0,268000.0,0.0,naive_prior,268000.0,-12000.0
2009-05-28,claims,ICSA,DOL,1970-01-31,level,239000.0,256000.0,0.0,naive_prior,256000.0,-17000.0
2009-05-28,claims,ICSA,DOL,1970-02-07,level,256000.0,239000.0,0.0,naive_prior,239000.0,17000.0
2009-05-28,claims,ICSA,DOL,1970-02-14,level,265000.0,256000.0,0.0,naive_prior,256000.0,9000.0
2009-05-28,claims,ICSA,DOL,1970-02-21,level,271000.0,265000.0,0.0,naive_prior,265000.0,6000.0
2009-05-28,claims,ICSA,DOL,1970-02-28,level,242000.0,271000.0,0.0,naive_prior,271000.0,-29000.0
2009-05-28,claims,ICSA,DOL,1970-03-07,level,262000.0,242000.0,0.0,naive_prior,242000.0,20000.0
2009-05-28,claims,ICSA,DOL,1970-03-14,level,271000.0,262000.0,0.0,naive_prior,262000.0,9000.0
2009-05-28,claims,ICSA,DOL,1970-03-21,level,264000.0,271000.0,0.0,naive_prior,271000.0,-7000.0
2009-05-28,claims,ICSA,DOL,1970-03-28,level,276000.0,264000.0,0.0,naive_prior,264000.0,12000.0
2009-05-28,claims,ICSA,DOL,1970-04-04,level,273000.0,276000.0,0.0,naive_prior,276000.0,-3000.0
2009-05-28,claims,ICSA,DOL,1970-04-11,level,305000.0,273000.0,0.0,naive_prior,273000.0,32000.0
2009-05-28,claims,ICSA,DOL,1970-04-18,level,374000.0,305000.0,0.0,naive_prior,305000.0,69000.0
2009-05-28,claims,ICSA,DOL,1970-04-25,level,349000.0,374000.0,0.0,naive_prior,374000.0,-25000.0
2009-05-28,claims,ICSA,DOL,1970-05-02,level,334000.0,349000.0,0.0,naive_prior,349000.0,-15000.0
2009-05-28,claims,ICSA,DOL,1970-05-09,level,318000.0,334000.0,0.0,naive_prior,334000.0,-16000.0
2009-05-28,claims,ICSA,DOL,1970-05-16,level,303000.0,318000.0,0.0,naive_prior,318000.0,-15000.0
2009-05-28,claims,ICSA,DOL,1970-05-23,level,296000.0,303000.0,0.0,naive_prior,303000.0,-7000.0
2009-05-28,claims,ICSA,DOL,1970-05-30,level,301000.0,296000.0,0.0,naive_prior,296000.0,5000.0
2009-05-28,claims,ICSA,DOL,1970-06-06,level,301000.0,301000.0,0.0,naive_prior,301000.0,0.0
2009-05-28,claims,ICSA,DOL,1970-06-13,level,298000.0,301000.0,0.0,naive_prior,301000.0,-3000.0
2009-05-28,claims,ICSA,DOL,1970-06-20,level,296000.0,298000.0,0.0,naive_prior,298000.0,-2000.0
2009-05-28,claims,ICSA,DOL,1970-06-27,level,291000.0,296000.0,0.0,naive_prior,296000.0,-5000.0
2009-05-28,claims,ICSA,DOL,1970-07-04,level,277000.0,291000.0,0.0,naive_prior,291000.0,-14000.0
2009-05-28,claims,ICSA,DOL,1970-07-11,level,288000.0,277000.0,0.0,naive_prior,277000.0,11000.0
2009-05-28,claims,ICSA,DOL,1970-07-18,level,294000.0,288000.0,0.0,naive_prior,288000.0,6000.0
2009-05-28,claims,ICSA,DOL,1970-07-25,level,287000.0,294000.0,0.0,naive_prior,294000.0,-7000.0
2009-05-28,claims,ICSA,DOL,1970-08-01,level,261000.0,287000.0,0.0,naive_prior,287000.0,-26000.0
2009-05-28,claims,ICSA,DOL,1970-08-08,level,266000.0,261000.0,0.0,naive_prior,261000.0,5000.0
2009-05-28,claims,ICSA,DOL,1970-08-15,level,300000.0,266000.0,0.0,naive_prior,266000.0,34000.0
2009-05-28,claims,ICSA,DOL,1970-08-22,level,303000.0,300000.0,0.0,naive_prior,300000.0,3000.0
2009-05-28,claims,ICSA,DOL,1970-08-29,level,297000.0,303000.0,0.0,naive_prior,303000.0,-6000.0
2009-05-28,claims,ICSA,DOL,1970-09-05,level,324000.0,297000.0,0.0,naive_prior,297000.0,27000.0
2009-05-28,claims,ICSA,DOL,1970-09-12,level,292000.0,324000.0,0.0,naive_prior,324000.0,-32000.0
2009-05-28,claims,ICSA,DOL,1970-09-19,level,325000.0,292000.0,0.0,naive_prior,292000.0,33000.0
2009-05-28,claims,ICSA,DOL,1970-09-26,level,333000.0,325000.0,0.0,naive_prior,325000.0,8000.0
2009-05-28,claims,ICSA,DOL,1970-10-03,level,350000.0,333000.0,0.0,naive_prior,333000.0,17000.0
2009-05-28,claims,ICSA,DOL,1970-10-10,level,327000.0,350000.0,0.0,naive_prior,350000.0,-23000.0
2009-05-28,claims,ICSA,DOL,1970-10-17,level,334000.0,327000.0,0.0,naive_prior,327000.0,7000.0
2009-05-28,claims,ICSA,DOL,1970-10-24,level,330000.0,334000.0,0.0,naive_prior,334000.0,-4000.0
2009-05-28,claims,ICSA,DOL,1970-10-31,level,327000.0,330000.0,0.0,naive_prior,330000.0,-3000.0
2009-05-28,claims,ICSA,DOL,1970-11-07,level,336000.0,327000.0,0.0,naive_prior,327000.0,9000.0
2009-05-28,claims,ICSA,DOL,1970-11-14,level,314000.0,336000.0,0.0,naive_prior,336000.0,-22000.0
2009-05-28,claims,ICSA,DOL,1970-11-21,level,314000.0,314000.0,0.0,naive_prior,314000.0,0.0
2009-05-28,claims,ICSA,DOL,1970-11-28,level,337000.0,314000.0,0.0,naive_prior,314000.0,23000.0
2009-05-28,claims,ICSA,DOL,1970-12-05,level,308000.0,337000.0,0.0,naive_prior,337000.0,-29000.0
2009-05-28,claims,ICSA,DOL,1970-12-12,level,306000.0,308000.0,0.0,naive_prior,308000.0,-2000.0
2009-05-28,claims,ICSA,DOL,1970-12-19,level,289000.0,306000.0,0.0,naive_prior,306000.0,-17000.0
2009-05-28,claims,ICSA,DOL,1970-12-26,level,321000.0,289000.0,0.0,naive_prior,289000.0,32000.0
2009-05-28,claims,ICSA,DOL,1971-01-02,level,303000.0,321000.0,0.0,naive_prior,321000.0,-18000.0
2009-05-28,claims,ICSA,DOL,1971-01-09,level,288000.0,303000.0,0.0,naive_prior,303000.0,-15000.0
2009-05-28,claims,ICSA,DOL,1971-01-16,level,299000.0,288000.0,0.0,naive_prior,288000.0,11000.0
2009-05-28,claims,ICSA,DOL,1971-01-23,level,312000.0,299000.0,0.0,naive_prior,299000.0,13000.0
2009-05-28,claims,ICSA,DOL,1971-01-30,level,292000.0,312000.0,0.0,naive_prior,312000.0,-20000.0
2009-05-28,claims,ICSA,DOL,1971-02-06,level,296000.0,292000.0,0.0,naive_prior,292000.0,4000.0
2009-05-28,claims,ICSA,DOL,1971-02-13,level,282000.0,296000.0,0.0,naive_prior,296000.0,-14000.0
2009-05-28,claims,ICSA,DOL,1971-02-20,level,268000.0,282000.0,0.0,naive_prior,282000.0,-14000.0
2009-05-28,claims,ICSA,DOL,1971-02-27,level,290000.0,268000.0,0.0,naive_prior,268000.0,22000.0
2009-05-28,claims,ICSA,DOL,1971-03-06,level,297000.0,290000.0,0.0,naive_prior,290000.0,7000.0
2009-05-28,claims,ICSA,DOL,1971-03-13,level,287000.0,297000.0,0.0,naive_prior,297000.0,-10000.0
2009-05-28,claims,ICSA,DOL,1971-03-20,level,291000.0,287000.0,0.0,naive_prior,287000.0,4000.0
2009-05-28,claims,ICSA,DOL,1971-03-27,level,300000.0,291000.0,0.0,naive_prior,291000.0,9000.0
2009-05-28,claims,ICSA,DOL,1971-04-03,level,299000.0,300000.0,0.0,naive_prior,300000.0,-1000.0
2009-05-28,claims,ICSA,DOL,1971-04-10,level,279000.0,299000.0,0.0,naive_prior,299000.0,-20000.0
2009-05-28,claims,ICSA,DOL,1971-04-17,level,284000.0,279000.0,0.0,naive_prior,279000.0,5000.0
2009-05-28,claims,ICSA,DOL,1971-04-24,level,288000.0,284000.0,0.0,naive_prior,284000.0,4000.0
2009-05-28,claims,ICSA,DOL,1971-05-01,level,290000.0,288000.0,0.0,naive_prior,288000.0,2000.0
2009-05-28,claims,ICSA,DOL,1971-05-08,level,293000.0,290000.0,0.0,naive_prior,290000.0,3000.0
2009-05-28,claims,ICSA,DOL,1971-05-15,level,284000.0,293000.0,0.0,naive_prior,293000.0,-9000.0
2009-05-28,claims,ICSA,DOL,1971-05-22,level,295000.0,284000.0,0.0,naive_prior,284000.0,11000.0
2009-05-28,claims,ICSA,DOL,1971-05-29,level,299000.0,295000.0,0.0,naive_prior,295000.0,4000.0
2009-05-28,claims,ICSA,DOL,1971-06-05,level,301000.0,299000.0,0.0,naive_prior,299000.0,2000.0
2009-05-28,claims,ICSA,DOL,1971-06-12,level,295000.0,301000.0,0.0,naive_prior,301000.0,-6000.0
2009-05-28,claims,ICSA,DOL,1971-06-19,level,299000.0,295000.0,0.0,naive_prior,295000.0,4000.0
2009-05-28,claims,ICSA,DOL,1971-06-26,level,291000.0,299000.0,0.0,naive_prior,299000.0,-8000.0
2009-05-28,claims,ICSA,DOL,1971-07-03,level,277000.0,291000.0,0.0,naive_prior,291000.0,-14000.0
2009-05-28,claims,ICSA,DOL,1971-07-10,level,264000.0,277000.0,0.0,naive_prior,277000.0,-13000.0
2009-05-28,claims,ICSA,DOL,1971-07-17,level,313000.0,264000.0,0.0,naive_prior,264000.0,49000.0
2009-05-28,claims,ICSA,DOL,1971-07-24,level,304000.0,313000.0,0.0,naive_prior,313000.0,-9000.0
2009-05-28,claims,ICSA,DOL,1971-07-31,level,308000.0,304000.0,0.0,naive_prior,304000.0,4000.0
2009-05-28,claims,ICSA,DOL,1971-08-07,level,349000.0,308000.0,0.0,naive_prior,308000.0,41000.0
2009-05-28,claims,ICSA,DOL,1971-08-14,level,325000.0,349000.0,0.0,naive_prior,349000.0,-24000.0
2009-05-28,claims,ICSA,DOL,1971-08-21,level,320000.0,325000.0,0.0,naive_prior,325000.0,-5000.0
2009-05-28,claims,ICSA,DOL,1971-08-28,level,307000.0,320000.0,0.0,naive_prior,320000.0,-13000.0
2009-05-28,claims,ICSA,DOL,1971-09-04,level,359000.0,307000.0,0.0,naive_prior,307000.0,52000.0
2009-05-28,claims,ICSA,DOL,1971-09-11,level,312000.0,359000.0,0.0,naive_prior,359000.0,-47000.0
2009-05-28,claims,ICSA,DOL,1971-09-18,level,302000.0,312000.0,0.0,naive_prior,312000.0,-10000.0
2009-05-28,claims,ICSA,DOL,1971-09-25,level,308000.0,302000.0,0.0,naive_prior,302000.0,6000.0
2009-05-28,claims,ICSA,DOL,1971-10-02,level,299000.0,308000.0,0.0,naive_prior,308000.0,-9000.0
2009-05-28,claims,ICSA,DOL,1971-10-09,level,313000.0,299000.0,0.0,naive_prior,299000.0,14000.0
2009-05-28,claims,ICSA,DOL,1971-10-16,level,299000.0,313000.0,0.0,naive_prior,313000.0,-14000.0
2009-05-28,claims,ICSA,DOL,1971-10-23,level,294000.0,299000.0,0.0,naive_prior,299000.0,-5000.0
2009-05-28,claims,ICSA,DOL,1971-10-30,level,283000.0,294000.0,0.0,naive_prior,294000.0,-11000.0
2009-05-28,claims,ICSA,DOL,1971-11-06,level,301000.0,283000.0,0.0,naive_prior,283000.0,18000.0
2009-05-28,claims,ICSA,DOL,1971-11-13,level,295000.0,301000.0,0.0,naive_prior,301000.0,-6000.0
2009-05-28,claims,ICSA,DOL,1971-11-20,level,274000.0,295000.0,0.0,naive_prior,295000.0,-21000.0
2009-05-28,claims,ICSA,DOL,1971-11-27,level,278000.0,274000.0,0.0,naive_prior,274000.0,4000.0
2009-05-28,claims,ICSA,DOL,1971-12-04,level,299000.0,278000.0,0.0,naive_prior,278000.0,21000.0
2009-05-28,claims,ICSA,DOL,1971-12-11,level,280000.0,299000.0,0.0,naive_prior,299000.0,-19000.0
2009-05-28,claims,ICSA,DOL,1971-12-18,level,269000.0,280000.0,0.0,naive_prior,280000.0,-11000.0
2009-05-28,claims,ICSA,DOL,1971-12-25,level,244000.0,269000.0,0.0,naive_prior,269000.0,-25000.0
2009-05-28,claims,ICSA,DOL,1972-01-01,level,279000.0,244000.0,0.0,naive_prior,244000.0,35000.0
2009-05-28,claims,ICSA,DOL,1972-01-08,level,295000.0,279000.0,0.0,naive_prior,279000.0,16000.0
2009-05-28,claims,ICSA,DOL,1972-01-15,level,250000.0,295000.0,0.0,naive_prior,295000.0,-45000.0
2009-05-28,claims,ICSA,DOL,1972-01-22,level,263000.0,250000.0,0.0,naive_prior,250000.0,13000.0
2009-05-28,claims,ICSA,DOL,1972-01-29,level,269000.0,263000.0,0.0,naive_prior,263000.0,6000.0
2009-05-28,claims,ICSA,DOL,1972-02-05,level,276000.0,269000.0,0.0,naive_prior,269000.0,7000.0
2009-05-28,claims,ICSA,DOL,1972-02-12,level,266000.0,276000.0,0.0,naive_prior,276000.0,-10000.0
2009-05-28,claims,ICSA,DOL,1972-02-19,level,258000.0,266000.0,0.0,naive_prior,266000.0,-8000.0
2009-05-28,claims,ICSA,DOL,1972-02-26,level,254000.0,258000.0,0.0,naive_prior,258000.0,-4000.0
2009-05-28,claims,ICSA,DOL,1972-03-04,level,257000.0,254000.0,0.0,naive_prior,254000.0,3000.0
2009-05-28,claims,ICSA,DOL,1972-03-11,level,264000.0,257000.0,0.0,naive_prior,257000.0,7000.0
2009-05-28,claims,ICSA,DOL,1972-03-18,level,266000.0,264000.0,0.0,naive_prior,264000.0,2000.0
2009-05-28,claims,ICSA,DOL,1972-03-25,level,264000.0,266000.0,0.0,naive_prior,266000.0,-2000.0
2009-05-28,claims,ICSA,DOL,1972-04-01,level,258000.0,264000.0,0.0,naive_prior,264000.0,-6000.0
2009-05-28,claims,ICSA,DOL,1972-04-08,level,274000.0,258000.0,0.0,naive_prior,258000.0,16000.0
2009-05-28,claims,ICSA,DOL,1972-04-15,level,259000.0,274000.0,0.0,naive_prior,274000.0,-15000.0
2009-05-28,claims,ICSA,DOL,1972-04-22,level,259000.0,259000.0,0.0,naive_prior,259000.0,0.0
2009-05-28,claims,ICSA,DOL,1972-04-29,level,265000.0,259000.0,0.0,naive_prior,259000.0,6000.0
2009-05-28,claims,ICSA,DOL,1972-05-06,level,271000.0,265000.0,0.0,naive_prior,265000.0,6000.0
2009-05-28,claims,ICSA,DOL,1972-05-13,level,266000.0,271000.0,0.0,naive_prior,271000.0,-5000.0
2009-05-28,claims,ICSA,DOL,1972-05-20,level,267000.0,266000.0,0.0,naive_prior,266000.0,1000.0
2009-05-28,claims,ICSA,DOL,1972-05-27,level,267000.0,267000.0,0.0,naive_prior,267000.0,0.0
2009-05-28,claims,ICSA,DOL,1972-06-03,level,264000.0,267000.0,0.0,naive_prior,267000.0,-3000.0
2009-05-28,claims,ICSA,DOL,1972-06-10,level,268000.0,264000.0,0.0,naive_prior,264000.0,4000.0
2009-05-28,claims,ICSA,DOL,1972-06-17,level,275000.0,268000.0,0.0,naive_prior,268000.0,7000.0
2009-05-28,claims,ICSA,DOL,1972-06-24,level,286000.0,275000.0,0.0,naive_prior,275000.0,11000.0
2009-05-28,claims,ICSA,DOL,1972-07-01,level,350000.0,286000.0,0.0,naive_prior,286000.0,64000.0
2009-05-28,claims,ICSA,DOL,1972-07-08,level,297000.0,350000.0,0.0,naive_prior,350000.0,-53000.0
2009-05-28,claims,ICSA,DOL,1972-07-15,level,318000.0,297000.0,0.0,naive_prior,297000.0,21000.0
2009-05-28,claims,ICSA,DOL,1972-07-22,level,276000.0,318000.0,0.0,naive_prior,318000.0,-42000.0
2009-05-28,claims,ICSA,DOL,1972-07-29,level,247000.0,276000.0,0.0,naive_prior,276000.0,-29000.0
2009-05-28,claims,ICSA,DOL,1972-08-05,level,250000.0,247000.0,0.0,naive_prior,247000.0,3000.0
2009-05-28,claims,ICSA,DOL,1972-08-12,level,246000.0,250000.0,0.0,naive_prior,250000.0,-4000.0
2009-05-28,claims,ICSA,DOL,1972-08-19,level,256000.0,246000.0,0.0,naive_prior,246000.0,10000.0
2009-05-28,claims,ICSA,DOL,1972-08-26,level,262000.0,256000.0,0.0,naive_prior,256000.0,6000.0
2009-05-28,claims,ICSA,DOL,1972-09-02,level,258000.0,262000.0,0.0,naive_prior,262000.0,-4000.0
2009-05-28,claims,ICSA,DOL,1972-09-09,level,259000.0,258000.0,0.0,naive_prior,258000.0,1000.0
2009-05-28,claims,ICSA,DOL,1972-09-16,level,258000.0,259000.0,0.0,naive_prior,259000.0,-1000.0
2009-05-28,claims,ICSA,DOL,1972-09-23,level,255000.0,258000.0,0.0,naive_prior,258000.0,-3000.0
2009-05-28,claims,ICSA,DOL,1972-09-30,level,251000.0,255000.0,0.0,naive_prior,255000.0,-4000.0
2009-05-28,claims,ICSA,DOL,1972-10-07,level,263000.0,251000.0,0.0,naive_prior,251000.0,12000.0
2009-05-28,claims,ICSA,DOL,1972-10-14,level,250000.0,263000.0,0.0,naive_prior,263000.0,-13000.0
2009-05-28,claims,ICSA,DOL,1972-10-21,level,257000.0,250000.0,0.0,naive_prior,250000.0,7000.0
2009-05-28,claims,ICSA,DOL,1972-10-28,level,234000.0,257000.0,0.0,naive_prior,257000.0,-23000.0
2009-05-28,claims,ICSA,DOL,1972-11-04,level,255000.0,234000.0,0.0,naive_prior,234000.0,21000.0
2009-05-28,claims,ICSA,DOL,1972-11-11,level,242000.0,255000.0,0.0,naive_prior,255000.0,-13000.0
2009-05-28,claims,ICSA,DOL,1972-11-18,level,271000.0,242000.0,0.0,naive_prior,242000.0,29000.0
2009-05-28,claims,ICSA,DOL,1972-11-25,level,235000.0,271000.0,0.0,naive_prior,271000.0,-36000.0
2009-05-28,claims,ICSA,DOL,1972-12-02,level,226000.0,235000.0,0.0,naive_prior,235000.0,-9000.0
2009-05-28,claims,ICSA,DOL,1972-12-09,level,252000.0,226000.0,0.0,naive_prior,226000.0,26000.0
2009-05-28,claims,ICSA,DOL,1972-12-16,level,263000.0,252000.0,0.0,naive_prior,252000.0,11000.0
2009-05-28,claims,ICSA,DOL,1972-12-23,level,246000.0,263000.0,0.0,naive_prior,263000.0,-17000.0
2009-05-28,claims,ICSA,DOL,1972-12-30,level,225000.0,246000.0,0.0,naive_prior,246000.0,-21000.0
2009-05-28,claims,ICSA,DOL,1973-01-06,level,226000.0,225000.0,0.0,naive_prior,225000.0,1000.0
2009-05-28,claims,ICSA,DOL,1973-01-13,level,245000.0,226000.0,0.0,naive_prior,226000.0,19000.0
2009-05-28,claims,ICSA,DOL,1973-01-20,level,229000.0,245000.0,0.0,naive_prior,245000.0,-16000.0
2009-05-28,claims,ICSA,DOL,1973-01-27,level,214000.0,229000.0,0.0,naive_prior,229000.0,-15000.0
2009-05-28,claims,ICSA,DOL,1973-02-03,level,228000.0,214000.0,0.0,naive_prior,214000.0,14000.0
2009-05-28,claims,ICSA,DOL,1973-02-10,level,226000.0,228000.0,0.0,naive_prior,228000.0,-2000.0
2009-05-28,claims,ICSA,DOL,1973-02-17,level,216000.0,226000.0,0.0,naive_prior,226000.0,-10000.0
2009-05-28,claims,ICSA,DOL,1973-02-24,level,218000.0,216000.0,0.0,naive_prior,216000.0,2000.0
2009-05-28,claims,ICSA,DOL,1973-03-03,level,225000.0,218000.0,0.0,naive_prior,218000.0,7000.0
2009-05-28,claims,ICSA,DOL,1973-03-10,level,229000.0,225000.0,0.0,naive_prior,225000.0,4000.0
2009-05-28,claims,ICSA,DOL,1973-03-17,level,228000.0,229000.0,0.0,naive_prior,229000.0,-1000.0
2009-05-28,claims,ICSA,DOL,1973-03-24,level,232000.0,228000.0,0.0,naive_prior,228000.0,4000.0
2009-05-28,claims,ICSA,DOL,1973-03-31,level,222000.0,232000.0,0.0,naive_prior,232000.0,-10000.0
2009-05-28,claims,ICSA,DOL,1973-04-07,level,247000.0,222000.0,0.0,naive_prior,222000.0,25000.0
2009-05-28,claims,ICSA,DOL,1973-04-14,level,230000.0,247000.0,0.0,naive_prior,247000.0,-17000.0
2009-05-28,claims,ICSA,DOL,1973-04-21,level,243000.0,230000.0,0.0,naive_prior,230000.0,13000.0
2009-05-28,claims,ICSA,DOL,1973-04-28,level,236000.0,243000.0,0.0,naive_prior,243000.0,-7000.0
2009-05-28,claims,ICSA,DOL,1973-05-05,level,248000.0,236000.0,0.0,naive_prior,236000.0,12000.0
2009-05-28,claims,ICSA,DOL,1973-05-12,level,238000.0,248000.0,0.0,naive_prior,248000.0,-10000.0
2009-05-28,claims,ICSA,DOL,1973-05-19,level,237000.0,238000.0,0.0,naive_prior,238000.0,-1000.0
2009-05-28,claims,ICSA,DOL,1973-05-26,level,238000.0,237000.0,0.0,naive_prior,237000.0,1000.0
2009-05-28,claims,ICSA,DOL,1973-06-02,level,232000.0,238000.0,0.0,naive_prior,238000.0,-6000.0
2009-05-28,claims,ICSA,DOL,1973-06-09,level,246000.0,232000.0,0.0,naive_prior,232000.0,14000.0
2009-05-28,claims,ICSA,DOL,1973-06-16,level,237000.0,246000.0,0.0,naive_prior,246000.0,-9000.0
2009-05-28,claims,ICSA,DOL,1973-06-23,level,242000.0,237000.0,0.0,naive_prior,237000.0,5000.0
2009-05-28,claims,ICSA,DOL,1973-06-30,level,237000.0,242000.0,0.0,naive_prior,242000.0,-5000.0
2009-05-28,claims,ICSA,DOL,1973-07-07,level,248000.0,237000.0,0.0,naive_prior,237000.0,11000.0
2009-05-28,claims,ICSA,DOL,1973-07-14,level,232000.0,248000.0,0.0,naive_prior,248000.0,-16000.0
2009-05-28,claims,ICSA,DOL,1973-07-21,level,241000.0,232000.0,0.0,naive_prior,232000.0,9000.0
2009-05-28,claims,ICSA,DOL,1973-07-28,level,250000.0,241000.0,0.0,naive_prior,241000.0,9000.0
2009-05-28,claims,ICSA,DOL,1973-08-04,level,256000.0,250000.0,0.0,naive_prior,250000.0,6000.0
2009-05-28,claims,ICSA,DOL,1973-08-11,level,265000.0,256000.0,0.0,naive_prior,256000.0,9000.0
2009-05-28,claims,ICSA,DOL,1973-08-18,level,258000.0,265000.0,0.0,naive_prior,265000.0,-7000.0
2009-05-28,claims,ICSA,DOL,1973-08-25,level,254000.0,258000.0,0.0,naive_prior,258000.0,-4000.0
2009-05-28,claims,ICSA,DOL,1973-09-01,level,242000.0,254000.0,0.0,naive_prior,254000.0,-12000.0
2009-05-28,claims,ICSA,DOL,1973-09-08,level,252000.0,242000.0,0.0,naive_prior,242000.0,10000.0
2009-05-28,claims,ICSA,DOL,1973-09-15,level,245000.0,252000.0,0.0,naive_prior,252000.0,-7000.0
2009-05-28,claims,ICSA,DOL,1973-09-22,level,246000.0,245000.0,0.0,naive_prior,245000.0,1000.0
2009-05-28,claims,ICSA,DOL,1973-09-29,level,249000.0,246000.0,0.0,naive_prior,246000.0,3000.0
2009-05-28,claims,ICSA,DOL,1973-10-06,level,236000.0,249000.0,0.0,naive_prior,249000.0,-13000.0
2009-05-28,claims,ICSA,DOL,1973-10-13,level,246000.0,236000.0,0.0,naive_prior,236000.0,10000.0
2009-05-28,claims,ICSA,DOL,1973-10-20,level,249000.0,246000.0,0.0,naive_prior,246000.0,3000.0
2009-05-28,claims,ICSA,DOL,1973-10-27,level,235000.0,249000.0,0.0,naive_prior,249000.0,-14000.0
2009-05-28,claims,ICSA,DOL,1973-11-03,level,246000.0,235000.0,0.0,naive_prior,235000.0,11000.0
2009-05-28,claims,ICSA,DOL,1973-11-10,level,282000.0,246000.0,0.0,naive_prior,246000.0,36000.0
2009-05-28,claims,ICSA,DOL,1973-11-17,level,254000.0,282000.0,0.0,naive_prior,282000.0,-28000.0
2009-05-28,claims,ICSA,DOL,1973-11-24,level,233000.0,254000.0,0.0,naive_prior,254000.0,-21000.0
2009-05-28,claims,ICSA,DOL,1973-12-01,level,256000.0,233000.0,0.0,naive_prior,233000.0,23000.0
2009-05-28,claims,ICSA,DOL,1973-12-08,level,266000.0,256000.0,0.0,naive_prior,256000.0,10000.0
2009-05-28,claims,ICSA,DOL,1973-12-15,level,272000.0,266000.0,0.0,naive_prior,266000.0,6000.0
2009-05-28,claims,ICSA,DOL,1973-12-22,level,326000.0,272000.0,0.0,naive_prior,272000.0,54000.0
2009-05-28,claims,ICSA,DOL,1973-12-29,level,300000.0,326000.0,0.0,naive_prior,326000.0,-26000.0
2009-05-28,claims,ICSA,DOL,1974-01-05,level,269000.0,300000.0,0.0,naive_prior,300000.0,-31000.0
2009-05-28,claims,ICSA,DOL,1974-01-12,level,340000.0,269000.0,0.0,naive_prior,269000.0,71000.0
2009-05-28,claims,ICSA,DOL,1974-01-19,level,321000.0,340000.0,0.0,naive_prior,340000.0,-19000.0
2009-05-28,claims,ICSA,DOL,1974-01-26,level,291000.0,321000.0,0.0,naive_prior,321000.0,-30000.0
2009-05-28,claims,ICSA,DOL,1974-02-02,level,302000.0,291000.0,0.0,naive_prior,291000.0,11000.0
2009-05-28,claims,ICSA,DOL,1974-02-09,level,369000.0,302000.0,0.0,naive_prior,302000.0,67000.0
2009-05-28,claims,ICSA,DOL,1974-02-16,level,311000.0,369000.0,0.0,naive_prior,369000.0,-58000.0
2009-05-28,claims,ICSA,DOL,1974-02-23,level,292000.0,311000.0,0.0,naive_prior,311000.0,-19000.0
2009-05-28,claims,ICSA,DOL,1974-03-02,level,301000.0,292000.0,0.0,naive_prior,292000.0,9000.0
2009-05-28,claims,ICSA,DOL,1974-03-09,level,305000.0,301000.0,0.0,naive_prior,301000.0,4000.0
2009-05-28,claims,ICSA,DOL,1974-03-16,level,315000.0,305000.0,0.0,naive_prior,305000.0,10000.0
2009-05-28,claims,ICSA,DOL,1974-03-23,level,314000.0,315000.0,0.0,naive_prior,315000.0,-1000.0
2009-05-28,claims,ICSA,DOL,1974-03-30,level,323000.0,314000.0,0.0,naive_prior,314000.0,9000.0
2009-05-28,claims,ICSA,DOL,1974-04-06,level,296000.0,323000.0,0.0,naive_prior,323000.0,-27000.0
2009-05-28,claims,ICSA,DOL,1974-04-13,level,297000.0,296000.0,0.0,naive_prior,296000.0,1000.0
2009-05-28,claims,ICSA,DOL,1974-04-20,level,296000.0,297000.0,0.0,naive_prior,297000.0,-1000.0
2009-05-28,claims,ICSA,DOL,1974-04-27,level,283000.0,296000.0,0.0,naive_prior,296000.0,-13000.0
2009-05-28,claims,ICSA,DOL,1974-05-04,level,287000.0,283000.0,0.0,naive_prior,283000.0,4000.0
2009-05-28,claims,ICSA,DOL,1974-05-11,level,296000.0,287000.0,0.0,naive_prior,287000.0,9000.0
2009-05-28,claims,ICSA,DOL,1974-05-18,level,298000.0,296000.0,0.0,naive_prior,296000.0,2000.0
2009-05-28,claims,ICSA,DOL,1974-05-25,level,309000.0,298000.0,0.0,naive_prior,298000.0,11000.0
2009-05-28,claims,ICSA,DOL,1974-06-01,level,278000.0,309000.0,0.0,naive_prior,309000.0,-31000.0
2009-05-28,claims,ICSA,DOL,1974-06-08,level,314000.0,278000.0,0.0,naive_prior,278000.0,36000.0
2009-05-28,claims,ICSA,DOL,1974-06-15,level,303000.0,314000.0,0.0,naive_prior,314000.0,-11000.0
2009-05-28,claims,ICSA,DOL,1974-06-22,level,308000.0,303000.0,0.0,naive_prior,303000.0,5000.0
2009-05-28,claims,ICSA,DOL,1974-06-29,level,325000.0,308000.0,0.0,naive_prior,308000.0,17000.0
2009-05-28,claims,ICSA,DOL,1974-07-06,level,311000.0,325000.0,0.0,naive_prior,325000.0,-14000.0
2009-05-28,claims,ICSA,DOL,1974-07-13,level,304000.0,311000.0,0.0,naive_prior,311000.0,-7000.0
2009-05-28,claims,ICSA,DOL,1974-07-20,level,303000.0,304000.0,0.0,naive_prior,304000.0,-1000.0
2009-05-28,claims,ICSA,DOL,1974-07-27,level,320000.0,303000.0,0.0,naive_prior,303000.0,17000.0
2009-05-28,claims,ICSA,DOL,1974-08-03,level,335000.0,320000.0,0.0,naive_prior,320000.0,15000.0
2009-05-28,claims,ICSA,DOL,1974-08-10,level,347000.0,335000.0,0.0,naive_prior,335000.0,12000.0
2009-05-28,claims,ICSA,DOL,1974-08-17,level,332000.0,347000.0,0.0,naive_prior,347000.0,-15000.0
2009-05-28,claims,ICSA,DOL,1974-08-24,level,343000.0,332000.0,0.0,naive_prior,332000.0,11000.0
2009-05-28,claims,ICSA,DOL,1974-08-31,level,350000.0,343000.0,0.0,naive_prior,343000.0,7000.0
2009-05-28,claims,ICSA,DOL,1974-09-07,level,350000.0,350000.0,0.0,naive_prior,350000.0,0.0
2009-05-28,claims,ICSA,DOL,1974-09-14,level,357000.0,350000.0,0.0,naive_prior,350000.0,7000.0
2009-05-28,claims,ICSA,DOL,1974-09-21,level,370000.0,357000.0,0.0,naive_prior,357000.0,13000.0
2009-05-28,claims,ICSA,DOL,1974-09-28,level,366000.0,370000.0,0.0,naive_prior,370000.0,-4000.0
2009-05-28,claims,ICSA,DOL,1974-10-05,level,371000.0,366000.0,0.0,naive_prior,366000.0,5000.0
2009-05-28,claims,ICSA,DOL,1974-10-12,level,413000.0,371000.0,0.0,naive_prior,371000.0,42000.0
2009-05-28,claims,ICSA,DOL,1974-10-19,level,389000.0,413000.0,0.0,naive_prior,413000.0,-24000.0
2009-05-28,claims,ICSA,DOL,1974-10-26,level,414000.0,389000.0,0.0,naive_prior,389000.0,25000.0
2009-05-28,claims,ICSA,DOL,1974-11-02,level,406000.0,414000.0,0.0,naive_prior,414000.0,-8000.0
2009-05-28,claims,ICSA,DOL,1974-11-09,level,441000.0,406000.0,0.0,naive_prior,406000.0,35000.0
2009-05-28,claims,ICSA,DOL,1974-11-16,level,449000.0,441000.0,0.0,naive_prior,441000.0,8000.0
2009-05-28,claims,ICSA,DOL,1974-11-23,level,518000.0,449000.0,0.0,naive_prior,449000.0,69000.0
2009-05-28,claims,ICSA,DOL,1974-11-30,level,474000.0,518000.0,0.0,naive_prior,518000.0,-44000.0
2009-05-28,claims,ICSA,DOL,1974-12-07,level,528000.0,474000.0,0.0,naive_prior,474000.0,54000.0
2009-05-28,claims,ICSA,DOL,1974-12-14,level,510000.0,528000.0,0.0,naive_prior,528000.0,-18000.0
2009-05-28,claims,ICSA,DOL,1974-12-21,level,521000.0,510000.0,0.0,naive_prior,510000.0,11000.0
2009-05-28,claims,ICSA,DOL,1974-12-28,level,537000.0,521000.0,0.0,naive_prior,521000.0,16000.0
2009-05-28,claims,ICSA,DOL,1975-01-04,level,456000.0,537000.0,0.0,naive_prior,537000.0,-81000.0
2009-05-28,claims,ICSA,DOL,1975-01-11,level,554000.0,456000.0,0.0,naive_prior,456000.0,98000.0
2009-05-28,claims,ICSA,DOL,1975-01-18,level,575000.0,554000.0,0.0,naive_prior,554000.0,21000.0
2009-05-28,claims,ICSA,DOL,1975-01-25,level,555000.0,575000.0,0.0,naive_prior,575000.0,-20000.0
2009-05-28,claims,ICSA,DOL,1975-02-01,level,559000.0,555000.0,0.0,naive_prior,555000.0,4000.0
2009-05-28,claims,ICSA,DOL,1975-02-08,level,545000.0,559000.0,0.0,naive_prior,559000.0,-14000.0
2009-05-28,claims,ICSA,DOL,1975-02-15,level,530000.0,545000.0,0.0,naive_prior,545000.0,-15000.0
2009-05-28,claims,ICSA,DOL,1975-02-22,level,544000.0,530000.0,0.0,naive_prior,530000.0,14000.0
2009-05-28,claims,ICSA,DOL,1975-03-01,level,546000.0,544000.0,0.0,naive_prior,544000.0,2000.0
2009-05-28,claims,ICSA,DOL,1975-03-08,level,551000.0,546000.0,0.0,naive_prior,546000.0,5000.0
2009-05-28,claims,ICSA,DOL,1975-03-15,level,531000.0,551000.0,0.0,naive_prior,551000.0,-20000.0
2009-05-28,claims,ICSA,DOL,1975-03-22,level,550000.0,531000.0,0.0,naive_prior,531000.0,19000.0
2009-05-28,claims,ICSA,DOL,1975-03-29,level,555000.0,550000.0,0.0,naive_prior,550000.0,5000.0
2009-05-28,claims,ICSA,DOL,1975-04-05,level,537000.0,555000.0,0.0,naive_prior,555000.0,-18000.0
2009-05-28,claims,ICSA,DOL,1975-04-12,level,520000.0,537000.0,0.0,naive_prior,537000.0,-17000.0
2009-05-28,claims,ICSA,DOL,1975-04-19,level,531000.0,520000.0,0.0,naive_prior,520000.0,11000.0
2009-05-28,claims,ICSA,DOL,1975-04-26,level,513000.0,531000.0,0.0,naive_prior,531000.0,-18000.0
2009-05-28,claims,ICSA,DOL,1975-05-03,level,505000.0,513000.0,0.0,naive_prior,513000.0,-8000.0
2009-05-28,claims,ICSA,DOL,1975-05-10,level,507000.0,505000.0,0.0,naive_prior,505000.0,2000.0
2009-05-28,claims,ICSA,DOL,1975-05-17,level,514000.0,507000.0,0.0,naive_prior,507000.0,7000.0
2009-05-28,claims,ICSA,DOL,1975-05-24,level,493000.0,514000.0,0.0,naive_prior,514000.0,-21000.0
2009-05-28,claims,ICSA,DOL,1975-05-31,level,475000.0,493000.0,0.0,naive_prior,493000.0,-18000.0
2009-05-28,claims,ICSA,DOL,1975-06-07,level,529000.0,475000.0,0.0,naive_prior,475000.0,54000.0
2009-05-28,claims,ICSA,DOL,1975-06-14,level,497000.0,529000.0,0.0,naive_prior,529000.0,-32000.0
2009-05-28,claims,ICSA,DOL,1975-06-21,level,497000.0,497000.0,0.0,naive_prior,497000.0,0.0
2009-05-28,claims,ICSA,DOL,1975-06-28,level,459000.0,497000.0,0.0,naive_prior,497000.0,-38000.0
2009-05-28,claims,ICSA,DOL,1975-07-05,level,423000.0,459000.0,0.0,naive_prior,459000.0,-36000.0
2009-05-28,claims,ICSA,DOL,1975-07-12,level,446000.0,423000.0,0.0,naive_prior,423000.0,23000.0
2009-05-28,claims,ICSA,DOL,1975-07-19,level,445000.0,446000.0,0.0,naive_prior,446000.0,-1000.0
2009-05-28,claims,ICSA,DOL,1975-07-26,level,454000.0,445000.0,0.0,naive_prior,445000.0,9000.0
2009-05-28,claims,ICSA,DOL,1975-08-02,level,454000.0,454000.0,0.0,naive_prior,454000.0,0.0
2009-05-28,claims,ICSA,DOL,1975-08-09,level,459000.0,454000.0,0.0,naive_prior,454000.0,5000.0
2009-05-28,claims,ICSA,DOL,1975-08-16,level,444000.0,459000.0,0.0,naive_prior,459000.0,-15000.0
2009-05-28,claims,ICSA,DOL,1975-08-23,level,457000.0,444000.0,0.0,naive_prior,444000.0,13000.0
2009-05-28,claims,ICSA,DOL,1975-08-30,level,446000.0,457000.0,0.0,naive_prior,457000.0,-11000.0
2009-05-28,claims,ICSA,DOL,1975-09-06,level,447000.0,446000.0,0.0,naive_prior,446000.0,1000.0
2009-05-28,claims,ICSA,DOL,1975-09-13,level,456000.0,447000.0,0.0,naive_prior,447000.0,9000.0
2009-05-28,claims,ICSA,DOL,1975-09-20,level,433000.0,456000.0,0.0,naive_prior,456000.0,-23000.0
2009-05-28,claims,ICSA,DOL,1975-09-27,level,445000.0,433000.0,0.0,naive_prior,433000.0,12000.0
2009-05-28,claims,ICSA,DOL,1975-10-04,level,426000.0,445000.0,0.0,naive_prior,445000.0,-19000.0
2009-05-28,claims,ICSA,DOL,1975-10-11,level,429000.0,426000.0,0.0,naive_prior,426000.0,3000.0
2009-05-28,claims,ICSA,DOL,1975-10-18,level,404000.0,429000.0,0.0,naive_prior,429000.0,-25000.0
2009-05-28,claims,ICSA,DOL,1975-10-25,level,426000.0,404000.0,0.0,naive_prior,404000.0,22000.0
2009-05-28,claims,ICSA,DOL,1975-11-01,level,414000.0,426000.0,0.0,naive_prior,426000.0,-12000.0
2009-05-28,claims,ICSA,DOL,1975-11-08,level,415000.0,414000.0,0.0,naive_prior,414000.0,1000.0
2009-05-28,claims,ICSA,DOL,1975-11-15,level,386000.0,415000.0,0.0,naive_prior,415000.0,-29000.0
2009-05-28,claims,ICSA,DOL,1975-11-22,level,401000.0,386000.0,0.0,naive_prior,386000.0,15000.0
2009-05-28,claims,ICSA,DOL,1975-11-29,level,387000.0,401000.0,0.0,naive_prior,401000.0,-14000.0
2009-05-28,claims,ICSA,DOL,1975-12-06,level,373000.0,387000.0,0.0,naive_prior,387000.0,-14000.0
2009-05-28,claims,ICSA,DOL,1975-12-13,level,368000.0,373000.0,0.0,naive_prior,373000.0,-5000.0
2009-05-28,claims,ICSA,DOL,1975-12-20,level,365000.0,368000.0,0.0,naive_prior,368000.0,-3000.0
2009-05-28,claims,ICSA,DOL,1975-12-27,level,391000.0,365000.0,0.0,naive_prior,365000.0,26000.0
2009-05-28,claims,ICSA,DOL,1976-01-03,level,362000.0,391000.0,0.0,naive_prior,391000.0,-29000.0
2009-05-28,claims,ICSA,DOL,1976-01-10,level,402000.0,362000.0,0.0,naive_prior,362000.0,40000.0
2009-05-28,claims,ICSA,DOL,1976-01-17,level,370000.0,402000.0,0.0,naive_prior,402000.0,-32000.0
2009-05-28,claims,ICSA,DOL,1976-01-24,level,363000.0,370000.0,0.0,naive_prior,370000.0,-7000.0
2009-05-28,claims,ICSA,DOL,1976-01-31,level,359000.0,363000.0,0.0,naive_prior,363000.0,-4000.0
2009-05-28,claims,ICSA,DOL,1976-02-07,level,353000.0,359000.0,0.0,naive_prior,359000.0,-6000.0
2009-05-28,claims,ICSA,DOL,1976-02-14,level,344000.0,353000.0,0.0,naive_prior,353000.0,-9000.0
2009-05-28,claims,ICSA,DOL,1976-02-21,level,347000.0,344000.0,0.0,naive_prior,344000.0,3000.0
2009-05-28,claims,ICSA,DOL,1976-02-28,level,349000.0,347000.0,0.0,naive_prior,347000.0,2000.0
2009-05-28,claims,ICSA,DOL,1976-03-06,level,348000.0,349000.0,0.0,naive_prior,349000.0,-1000.0
2009-05-28,claims,ICSA,DOL,1976-03-13,level,360000.0,348000.0,0.0,naive_prior,348000.0,12000.0
2009-05-28,claims,ICSA,DOL,1976-03-20,level,368000.0,360000.0,0.0,naive_prior,360000.0,8000.0
2009-05-28,claims,ICSA,DOL,1976-03-27,level,366000.0,368000.0,0.0,naive_prior,368000.0,-2000.0
2009-05-28,claims,ICSA,DOL,1976-04-03,level,380000.0,366000.0,0.0,naive_prior,366000.0,14000.0
2009-05-28,claims,ICSA,DOL,1976-04-10,level,373000.0,380000.0,0.0,naive_prior,380000.0,-7000.0
2009-05-28,claims,ICSA,DOL,1976-04-17,level,361000.0,373000.0,0.0,naive_prior,373000.0,-12000.0
2009-05-28,claims,ICSA,DOL,1976-04-24,level,367000.0,361000.0,0.0,naive_prior,361000.0,6000.0
2009-05-28,claims,ICSA,DOL,1976-05-01,level,385000.0,367000.0,0.0,naive_prior,367000.0,18000.0
2009-05-28,claims,ICSA,DOL,1976-05-08,level,395000.0,385000.0,0.0,naive_prior,385000.0,10000.0
2009-05-28,claims,ICSA,DOL,1976-05-15,level,382000.0,395000.0,0.0,naive_prior,395000.0,-13000.0
2009-05-28,claims,ICSA,DOL,1976-05-22,level,394000.0,382000.0,0.0,naive_prior,382000.0,12000.0
2009-05-28,claims,ICSA,DOL,1976-05-29,level,402000.0,394000.0,0.0,naive_prior,394000.0,8000.0
2009-05-28,claims,ICSA,DOL,1976-06-05,level,382000.0,402000.0,0.0,naive_prior,402000.0,-20000.0
2009-05-28,claims,ICSA,DOL,1976-06-12,level,407000.0,382000.0,0.0,naive_prior,382000.0,25000.0
2009-05-28,claims,ICSA,DOL,1976-06-19,level,399000.0,407000.0,0.0,naive_prior,407000.0,-8000.0
2009-05-28,claims,ICSA,DOL,1976-06-26,level,387000.0,399000.0,0.0,naive_prior,399000.0,-12000.0
2009-05-28,claims,ICSA,DOL,1976-07-03,level,394000.0,387000.0,0.0,naive_prior,387000.0,7000.0
2009-05-28,claims,ICSA,DOL,1976-07-10,level,372000.0,394000.0,0.0,naive_prior,394000.0,-22000.0
2009-05-28,claims,ICSA,DOL,1976-07-17,level,406000.0,372000.0,0.0,naive_prior,372000.0,34000.0
2009-05-28,claims,ICSA,DOL,1976-07-24,level,394000.0,406000.0,0.0,naive_prior,406000.0,-12000.0
2009-05-28,claims,ICSA,DOL,1976-07-31,level,388000.0,394000.0,0.0,naive_prior,394000.0,-6000.0
2009-05-28,claims,ICSA,DOL,1976-08-07,level,378000.0,388000.0,0.0,naive_prior,388000.0,-10000.0
2009-05-28,claims,ICSA,DOL,1976-08-14,level,382000.0,378000.0,0.0,naive_prior,378000.0,4000.0
2009-05-28,claims,ICSA,DOL,1976-08-21,level,400000.0,382000.0,0.0,naive_prior,382000.0,18000.0
2009-05-28,claims,ICSA,DOL,1976-08-28,level,394000.0,400000.0,0.0,naive_prior,400000.0,-6000.0
2009-05-28,claims,ICSA,DOL,1976-09-04,level,421000.0,394000.0,0.0,naive_prior,394000.0,27000.0
2009-05-28,claims,ICSA,DOL,1976-09-11,level,383000.0,421000.0,0.0,naive_prior,421000.0,-38000.0
2009-05-28,claims,ICSA,DOL,1976-09-18,level,403000.0,383000.0,0.0,naive_prior,383000.0,20000.0
2009-05-28,claims,ICSA,DOL,1976-09-25,level,423000.0,403000.0,0.0,naive_prior,403000.0,20000.0
2009-05-28,claims,ICSA,DOL,1976-10-02,level,408000.0,423000.0,0.0,naive_prior,423000.0,-15000.0
2009-05-28,claims,ICSA,DOL,1976-10-09,level,411000.0,408000.0,0.0,naive_prior,408000.0,3000.0
2009-05-28,claims,ICSA,DOL,1976-10-16,level,403000.0,411000.0,0.0,naive_prior,411000.0,-8000.0
2009-05-28,claims,ICSA,DOL,1976-10-23,level,409000.0,403000.0,0.0,naive_prior,403000.0,6000.0
2009-05-28,claims,ICSA,DOL,1976-10-30,level,414000.0,409000.0,0.0,naive_prior,409000.0,5000.0
2009-05-28,claims,ICSA,DOL,1976-11-06,level,390000.0,414000.0,0.0,naive_prior,414000.0,-24000.0
2009-05-28,claims,ICSA,DOL,1976-11-13,level,383000.0,390000.0,0.0,naive_prior,390000.0,-7000.0
2009-05-28,claims,ICSA,DOL,1976-11-20,level,408000.0,383000.0,0.0,naive_prior,383000.0,25000.0
2009-05-28,claims,ICSA,DOL,1976-11-27,level,377000.0,408000.0,0.0,naive_prior,408000.0,-31000.0
2009-05-28,claims,ICSA,DOL,1976-12-04,level,402000.0,377000.0,0.0,naive_prior,377000.0,25000.0
2009-05-28,claims,ICSA,DOL,1976-12-11,level,395000.0,402000.0,0.0,naive_prior,402000.0,-7000.0
2009-05-28,claims,ICSA,DOL,1976-12-18,level,365000.0,395000.0,0.0,naive_prior,395000.0,-30000.0
2009-05-28,claims,ICSA,DOL,1976-12-25,level,333000.0,365000.0,0.0,naive_prior,365000.0,-32000.0
2009-05-28,claims,ICSA,DOL,1977-01-01,level,380000.0,333000.0,0.0,naive_prior,333000.0,47000.0
2009-05-28,claims,ICSA,DOL,1977-01-08,level,416000.0,380000.0,0.0,naive_prior,380000.0,36000.0
2009-05-28,claims,ICSA,DOL,1977-01-15,level,368000.0,416000.0,0.0,naive_prior,416000.0,-48000.0
2009-05-28,claims,ICSA,DOL,1977-01-22,level,423000.0,368000.0,0.0,naive_prior,368000.0,55000.0
2009-05-28,claims,ICSA,DOL,1977-01-29,level,422000.0,423000.0,0.0,naive_prior,423000.0,-1000.0
2009-05-28,claims,ICSA,DOL,1977-02-05,level,565000.0,422000.0,0.0,naive_prior,422000.0,143000.0
2009-05-28,claims,ICSA,DOL,1977-02-12,level,477000.0,565000.0,0.0,naive_prior,565000.0,-88000.0
2009-05-28,claims,ICSA,DOL,1977-02-19,level,399000.0,477000.0,0.0,naive_prior,477000.0,-78000.0
2009-05-28,claims,ICSA,DOL,1977-02-26,level,362000.0,399000.0,0.0,naive_prior,399000.0,-37000.0
2009-05-28,claims,ICSA,DOL,1977-03-05,level,361000.0,362000.0,0.0,naive_prior,362000.0,-1000.0
2009-05-28,claims,ICSA,DOL,1977-03-12,level,355000.0,361000.0,0.0,naive_prior,361000.0,-6000.0
2009-05-28,claims,ICSA,DOL,1977-03-19,level,369000.0,355000.0,0.0,naive_prior,355000.0,14000.0
2009-05-28,claims,ICSA,DOL,1977-03-26,level,356000.0,369000.0,0.0,naive_prior,369000.0,-13000.0
2009-05-28,claims,ICSA,DOL,1977-04-02,level,350000.0,356000.0,0.0,naive_prior,356000.0,-6000.0
2009-05-28,claims,ICSA,DOL,1977-04-09,level,376000.0,350000.0,0.0,naive_prior,350000.0,26000.0
2009-05-28,claims,ICSA,DOL,1977-04-16,level,361000.0,376000.0,0.0,naive_prior,376000.0,-15000.0
2009-05-28,claims,ICSA,DOL,1977-04-23,level,375000.0,361000.0,0.0,naive_prior,361000.0,14000.0
2009-05-28,claims,ICSA,DOL,1977-04-30,level,375000.0,375000.0,0.0,naive_prior,375000.0,0.0
2009-05-28,claims,ICSA,DOL,1977-05-07,level,384000.0,375000.0,0.0,naive_prior,375000.0,9000.0
2009-05-28,claims,ICSA,DOL,1977-05-14,level,381000.0,384000.0,0.0,naive_prior,384000.0,-3000.0
2009-05-28,claims,ICSA,DOL,1977-05-21,level,375000.0,381000.0,0.0,naive_prior,381000.0,-6000.0
2009-05-28,claims,ICSA,DOL,1977-05-28,level,381000.0,375000.0,0.0,naive_prior,375000.0,6000.0
2009-05-28,claims,ICSA,DOL,1977-06-04,level,363000.0,381000.0,0.0,naive_prior,381000.0,-18000.0
2009-05-28,claims,ICSA,DOL,1977-06-11,level,358000.0,363000.0,0.0,naive_prior,363000.0,-5000.0
2009-05-28,claims,ICSA,DOL,1977-06-18,level,359000.0,358000.0,0.0,naive_prior,358000.0,1000.0
2009-05-28,claims,ICSA,DOL,1977-06-25,level,365000.0,359000.0,0.0,naive_prior,359000.0,6000.0
2009-05-28,claims,ICSA,DOL,1977-07-02,level,350000.0,365000.0,0.0,naive_prior,365000.0,-15000.0
2009-05-28,claims,ICSA,DOL,1977-07-09,level,361000.0,350000.0,0.0,naive_prior,350000.0,11000.0
2009-05-28,claims,ICSA,DOL,1977-07-16,level,366000.0,361000.0,0.0,naive_prior,361000.0,5000.0
2009-05-28,claims,ICSA,DOL,1977-07-23,level,365000.0,366000.0,0.0,naive_prior,366000.0,-1000.0
2009-05-28,claims,ICSA,DOL,1977-07-30,level,365000.0,365000.0,0.0,naive_prior,365000.0,0.0
2009-05-28,claims,ICSA,DOL,1977-08-06,level,378000.0,365000.0,0.0,naive_prior,365000.0,13000.0
2009-05-28,claims,ICSA,DOL,1977-08-13,level,359000.0,378000.0,0.0,naive_prior,378000.0,-19000.0
2009-05-28,claims,ICSA,DOL,1977-08-20,level,367000.0,359000.0,0.0,naive_prior,359000.0,8000.0
2009-05-28,claims,ICSA,DOL,1977-08-27,level,365000.0,367000.0,0.0,naive_prior,367000.0,-2000.0
2009-05-28,claims,ICSA,DOL,1977-09-03,level,374000.0,365000.0,0.0,naive_prior,365000.0,9000.0
2009-05-28,claims,ICSA,DOL,1977-09-10,level,359000.0,374000.0,0.0,naive_prior,374000.0,-15000.0
2009-05-28,claims,ICSA,DOL,1977-09-17,level,362000.0,359000.0,0.0,naive_prior,359000.0,3000.0
2009-05-28,claims,ICSA,DOL,1977-09-24,level,380000.0,362000.0,0.0,naive_prior,362000.0,18000.0
2009-05-28,claims,ICSA,DOL,1977-10-01,level,348000.0,380000.0,0.0,naive_prior,380000.0,-32000.0
2009-05-28,claims,ICSA,DOL,1977-10-08,level,365000.0,348000.0,0.0,naive_prior,348000.0,17000.0
2009-05-28,claims,ICSA,DOL,1977-10-15,level,358000.0,365000.0,0.0,naive_prior,365000.0,-7000.0
2009-05-28,claims,ICSA,DOL,1977-10-22,level,375000.0,358000.0,0.0,naive_prior,358000.0,17000.0
2009-05-28,claims,ICSA,DOL,1977-10-29,level,349000.0,375000.0,0.0,naive_prior,375000.0,-26000.0
2009-05-28,claims,ICSA,DOL,1977-11-05,level,366000.0,349000.0,0.0,naive_prior,349000.0,17000.0
2009-05-28,claims,ICSA,DOL,1977-11-12,level,334000.0,366000.0,0.0,naive_prior,366000.0,-32000.0
2009-05-28,claims,ICSA,DOL,1977-11-19,level,360000.0,334000.0,0.0,naive_prior,334000.0,26000.0
2009-05-28,claims,ICSA,DOL,1977-11-26,level,354000.0,360000.0,0.0,naive_prior,360000.0,-6000.0
2009-05-28,claims,ICSA,DOL,1977-12-03,level,367000.0,354000.0,0.0,naive_prior,354000.0,13000.0
2009-05-28,claims,ICSA,DOL,1977-12-10,level,364000.0,367000.0,0.0,naive_prior,367000.0,-3000.0
2009-05-28,claims,ICSA,DOL,1977-12-17,level,359000.0,364000.0,0.0,naive_prior,364000.0,-5000.0
2009-05-28,claims,ICSA,DOL,1977-12-24,level,344000.0,359000.0,0.0,naive_prior,359000.0,-15000.0
2009-05-28,claims,ICSA,DOL,1977-12-31,level,364000.0,344000.0,0.0,naive_prior,344000.0,20000.0
2009-05-28,claims,ICSA,DOL,1978-01-07,level,346000.0,364000.0,0.0,naive_prior,364000.0,-18000.0
2009-05-28,claims,ICSA,DOL,1978-01-14,level,343000.0,346000.0,0.0,naive_prior,346000.0,-3000.0
2009-05-28,claims,ICSA,DOL,1978-01-21,level,352000.0,343000.0,0.0,naive_prior,343000.0,9000.0
2009-05-28,claims,ICSA,DOL,1978-01-28,level,363000.0,352000.0,0.0,naive_prior,352000.0,11000.0
2009-05-28,claims,ICSA,DOL,1978-02-04,level,360000.0,363000.0,0.0,naive_prior,363000.0,-3000.0
2009-05-28,claims,ICSA,DOL,1978-02-11,level,373000.0,360000.0,0.0,naive_prior,360000.0,13000.0
2009-05-28,claims,ICSA,DOL,1978-02-18,level,429000.0,373000.0,0.0,naive_prior,373000.0,56000.0
2009-05-28,claims,ICSA,DOL,1978-02-25,level,371000.0,429000.0,0.0,naive_prior,429000.0,-58000.0
2009-05-28,claims,ICSA,DOL,1978-03-04,level,355000.0,371000.0,0.0,naive_prior,371000.0,-16000.0
2009-05-28,claims,ICSA,DOL,1978-03-11,level,359000.0,355000.0,0.0,naive_prior,355000.0,4000.0
2009-05-28,claims,ICSA,DOL,1978-03-18,level,347000.0,359000.0,0.0,naive_prior,359000.0,-12000.0
2009-05-28,claims,ICSA,DOL,1978-03-25,level,335000.0,347000.0,0.0,naive_prior,347000.0,-12000.0
2009-05-28,claims,ICSA,DOL,1978-04-01,level,333000.0,335000.0,0.0,naive_prior,335000.0,-2000.0
2009-05-28,claims,ICSA,DOL,1978-04-08,level,345000.0,333000.0,0.0,naive_prior,333000.0,12000.0
2009-05-28,claims,ICSA,DOL,1978-04-15,level,309000.0,345000.0,0.0,naive_prior,345000.0,-36000.0
2009-05-28,claims,ICSA,DOL,1978-04-22,level,319000.0,309000.0,0.0,naive_prior,309000.0,10000.0
2009-05-28,claims,ICSA,DOL,1978-04-29,level,324000.0,319000.0,0.0,naive_prior,319000.0,5000.0
2009-05-28,claims,ICSA,DOL,1978-05-06,level,334000.0,324000.0,0.0,naive_prior,324000.0,10000.0
2009-05-28,claims,ICSA,DOL,1978-05-13,level,322000.0,334000.0,0.0,naive_prior,334000.0,-12000.0
2009-05-28,claims,ICSA,DOL,1978-05-20,level,334000.0,322000.0,0.0,naive_prior,322000.0,12000.0
2009-05-28,claims,ICSA,DOL,1978-05-27,level,318000.0,334000.0,0.0,naive_prior,334000.0,-16000.0
2009-05-28,claims,ICSA,DOL,1978-06-03,level,310000.0,318000.0,0.0,naive_prior,318000.0,-8000.0
2009-05-28,claims,ICSA,DOL,1978-06-10,level,331000.0,310000.0,0.0,naive_prior,310000.0,21000.0
2009-05-28,claims,ICSA,DOL,1978-06-17,level,326000.0,331000.0,0.0,naive_prior,331000.0,-5000.0
2009-05-28,claims,ICSA,DOL,1978-06-24,level,330000.0,326000.0,0.0,naive_prior,326000.0,4000.0
2009-05-28,claims,ICSA,DOL,1978-07-01,level,348000.0,330000.0,0.0,naive_prior,330000.0,18000.0
2009-05-28,claims,ICSA,DOL,1978-07-08,level,356000.0,348000.0,0.0,naive_prior,348000.0,8000.0
2009-05-28,claims,ICSA,DOL,1978-07-15,level,352000.0,356000.0,0.0,naive_prior,356000.0,-4000.0
2009-05-28,claims,ICSA,DOL,1978-07-22,level,349000.0,352000.0,0.0,naive_prior,352000.0,-3000.0
2009-05-28,claims,ICSA,DOL,1978-07-29,level,346000.0,349000.0,0.0,naive_prior,349000.0,-3000.0
2009-05-28,claims,ICSA,DOL,1978-08-05,level,365000.0,346000.0,0.0,naive_prior,346000.0,19000.0
2009-05-28,claims,ICSA,DOL,1978-08-12,level,354000.0,365000.0,0.0,naive_prior,365000.0,-11000.0
2009-05-28,claims,ICSA,DOL,1978-08-19,level,343000.0,354000.0,0.0,naive_prior,354000.0,-11000.0
2009-05-28,claims,ICSA,DOL,1978-08-26,level,333000.0,343000.0,0.0,naive_prior,343000.0,-10000.0
2009-05-28,claims,ICSA,DOL,1978-09-02,level,313000.0,333000.0,0.0,naive_prior,333000.0,-20000.0
2009-05-28,claims,ICSA,DOL,1978-09-09,level,337000.0,313000.0,0.0,naive_prior,313000.0,24000.0
2009-05-28,claims,ICSA,DOL,1978-09-16,level,322000.0,337000.0,0.0,naive_prior,337000.0,-15000.0
2009-05-28,claims,ICSA,DOL,1978-09-23,level,323000.0,322000.0,0.0,naive_prior,322000.0,1000.0
2009-05-28,claims,ICSA,DOL,1978-09-30,level,318000.0,323000.0,0.0,naive_prior,323000.0,-5000.0
2009-05-28,claims,ICSA,DOL,1978-10-07,level,343000.0,318000.0,0.0,naive_prior,318000.0,25000.0
2009-05-28,claims,ICSA,DOL,1978-10-14,level,316000.0,343000.0,0.0,naive_prior,343000.0,-27000.0
2009-05-28,claims,ICSA,DOL,1978-10-21,level,338000.0,316000.0,0.0,naive_prior,316000.0,22000.0
2009-05-28,claims,ICSA,DOL,1978-10-28,level,316000.0,338000.0,0.0,naive_prior,338000.0,-22000.0
2009-05-28,claims,ICSA,DOL,1978-11-04,level,317000.0,316000.0,0.0,naive_prior,316000.0,1000.0
2009-05-28,claims,ICSA,DOL,1978-11-11,level,304000.0,317000.0,0.0,naive_prior,317000.0,-13000.0
2009-05-28,claims,ICSA,DOL,1978-11-18,level,342000.0,304000.0,0.0,naive_prior,304000.0,38000.0
2009-05-28,claims,ICSA,DOL,1978-11-25,level,359000.0,342000.0,0.0,naive_prior,342000.0,17000.0
2009-05-28,claims,ICSA,DOL,1978-12-02,level,377000.0,359000.0,0.0,naive_prior,359000.0,18000.0
2009-05-28,claims,ICSA,DOL,1978-12-09,level,344000.0,377000.0,0.0,naive_prior,377000.0,-33000.0
2009-05-28,claims,ICSA,DOL,1978-12-16,level,347000.0,344000.0,0.0,naive_prior,344000.0,3000.0
2009-05-28,claims,ICSA,DOL,1978-12-23,level,352000.0,347000.0,0.0,naive_prior,347000.0,5000.0
2009-05-28,claims,ICSA,DOL,1978-12-30,level,358000.0,352000.0,0.0,naive_prior,352000.0,6000.0
2009-05-28,claims,ICSA,DOL,1979-01-06,level,359000.0,358000.0,0.0,naive_prior,358000.0,1000.0
2009-05-28,claims,ICSA,DOL,1979-01-13,level,392000.0,359000.0,0.0,naive_prior,359000.0,33000.0
2009-05-28,claims,ICSA,DOL,1979-01-20,level,337000.0,392000.0,0.0,naive_prior,392000.0,-55000.0
2009-05-28,claims,ICSA,DOL,1979-01-27,level,342000.0,337000.0,0.0,naive_prior,337000.0,5000.0
2009-05-28,claims,ICSA,DOL,1979-02-03,level,348000.0,342000.0,0.0,naive_prior,342000.0,6000.0
2009-05-28,claims,ICSA,DOL,1979-02-10,level,359000.0,348000.0,0.0,naive_prior,348000.0,11000.0
2009-05-28,claims,ICSA,DOL,1979-02-17,level,367000.0,359000.0,0.0,naive_prior,359000.0,8000.0
2009-05-28,claims,ICSA,DOL,1979-02-24,level,360000.0,367000.0,0.0,naive_prior,367000.0,-7000.0
2009-05-28,claims,ICSA,DOL,1979-03-03,level,355000.0,360000.0,0.0,naive_prior,360000.0,-5000.0
2009-05-28,claims,ICSA,DOL,1979-03-10,level,363000.0,355000.0,0.0,naive_prior,355000.0,8000.0
2009-05-28,claims,ICSA,DOL,1979-03-17,level,359000.0,363000.0,0.0,naive_prior,363000.0,-4000.0
2009-05-28,claims,ICSA,DOL,1979-03-24,level,353000.0,359000.0,0.0,naive_prior,359000.0,-6000.0
2009-05-28,claims,ICSA,DOL,1979-03-31,level,360000.0,353000.0,0.0,naive_prior,353000.0,7000.0
2009-05-28,claims,ICSA,DOL,1979-04-07,level,465000.0,360000.0,0.0,naive_prior,360000.0,105000.0
2009-05-28,claims,ICSA,DOL,1979-04-14,level,457000.0,465000.0,0.0,naive_prior,465000.0,-8000.0
2009-05-28,claims,ICSA,DOL,1979-04-21,level,383000.0,457000.0,0.0,naive_prior,457000.0,-74000.0
2009-05-28,claims,ICSA,DOL,1979-04-28,level,357000.0,383000.0,0.0,naive_prior,383000.0,-26000.0
2009-05-28,claims,ICSA,DOL,1979-05-05,level,353000.0,357000.0,0.0,naive_prior,357000.0,-4000.0
2009-05-28,claims,ICSA,DOL,1979-05-12,level,344000.0,353000.0,0.0,naive_prior,353000.0,-9000.0
2009-05-28,claims,ICSA,DOL,1979-05-19,level,346000.0,344000.0,0.0,naive_prior,344000.0,2000.0
2009-05-28,claims,ICSA,DOL,1979-05-26,level,349000.0,346000.0,0.0,naive_prior,346000.0,3000.0
2009-05-28,claims,ICSA,DOL,1979-06-02,level,336000.0,349000.0,0.0,naive_prior,349000.0,-13000.0
2009-05-28,claims,ICSA,DOL,1979-06-09,level,365000.0,336000.0,0.0,naive_prior,336000.0,29000.0
2009-05-28,claims,ICSA,DOL,1979-06-16,level,351000.0,365000.0,0.0,naive_prior,365000.0,-14000.0
2009-05-28,claims,ICSA,DOL,1979-06-23,level,379000.0,351000.0,0.0,naive_prior,351000.0,28000.0
2009-05-28,claims,ICSA,DOL,1979-06-30,level,369000.0,379000.0,0.0,naive_prior,379000.0,-10000.0
2009-05-28,claims,ICSA,DOL,1979-07-07,level,368000.0,369000.0,0.0,naive_prior,369000.0,-1000.0
2009-05-28,claims,ICSA,DOL,1979-07-14,level,368000.0,368000.0,0.0,naive_prior,368000.0,0.0
2009-05-28,claims,ICSA,DOL,1979-07-21,level,395000.0,368000.0,0.0,naive_prior,368000.0,27000.0
2009-05-28,claims,ICSA,DOL,1979-07-28,level,386000.0,395000.0,0.0,naive_prior,395000.0,-9000.0
2009-05-28,claims,ICSA,DOL,1979-08-04,level,412000.0,386000.0,0.0,naive_prior,386000.0,26000.0
2009-05-28,claims,ICSA,DOL,1979-08-11,level,386000.0,412000.0,0.0,naive_prior,412000.0,-26000.0
2009-05-28,claims,ICSA,DOL,1979-08-18,level,387000.0,386000.0,0.0,naive_prior,386000.0,1000.0
2009-05-28,claims,ICSA,DOL,1979-08-25,level,390000.0,387000.0,0.0,naive_prior,387000.0,3000.0
2009-05-28,claims,ICSA,DOL,1979-09-01,level,389000.0,390000.0,0.0,naive_prior,390000.0,-1000.0
2009-05-28,claims,ICSA,DOL,1979-09-08,level,378000.0,389000.0,0.0,naive_prior,389000.0,-11000.0
2009-05-28,claims,ICSA,DOL,1979-09-15,level,384000.0,378000.0,0.0,naive_prior,378000.0,6000.0
2009-05-28,claims,ICSA,DOL,1979-09-22,level,388000.0,384000.0,0.0,naive_prior,384000.0,4000.0
2009-05-28,claims,ICSA,DOL,1979-09-29,level,390000.0,388000.0,0.0,naive_prior,388000.0,2000.0
2009-05-28,claims,ICSA,DOL,1979-10-06,level,412000.0,390000.0,0.0,naive_prior,390000.0,22000.0
2009-05-28,claims,ICSA,DOL,1979-10-13,level,393000.0,412000.0,0.0,naive_prior,412000.0,-19000.0
2009-05-28,claims,ICSA,DOL,1979-10-20,level,406000.0,393000.0,0.0,naive_prior,393000.0,13000.0
2009-05-28,claims,ICSA,DOL,1979-10-27,level,398000.0,406000.0,0.0,naive_prior,406000.0,-8000.0
2009-05-28,claims,ICSA,DOL,1979-11-03,level,395000.0,398000.0,0.0,naive_prior,398000.0,-3000.0
2009-05-28,claims,ICSA,DOL,1979-11-10,level,414000.0,395000.0,0.0,naive_prior,395000.0,19000.0
2009-05-28,claims,ICSA,DOL,1979-11-17,level,430000.0,414000.0,0.0,naive_prior,414000.0,16000.0
2009-05-28,claims,ICSA,DOL,1979-11-24,level,414000.0,430000.0,0.0,naive_prior,430000.0,-16000.0
2009-05-28,claims,ICSA,DOL,1979-12-01,level,416000.0,414000.0,0.0,naive_prior,414000.0,2000.0
2009-05-28,claims,ICSA,DOL,1979-12-08,level,415000.0,416000.0,0.0,naive_prior,416000.0,-1000.0
2009-05-28,claims,ICSA,DOL,1979-12-15,level,411000.0,415000.0,0.0,naive_prior,415000.0,-4000.0
2009-05-28,claims,ICSA,DOL,1979-12-22,level,471000.0,411000.0,0.0,naive_prior,411000.0,60000.0
2009-05-28,claims,ICSA,DOL,1979-12-29,level,428000.0,471000.0,0.0,naive_prior,471000.0,-43000.0
2009-05-28,claims,ICSA,DOL,1980-01-05,level,394000.0,428000.0,0.0,naive_prior,428000.0,-34000.0
2009-05-28,claims,ICSA,DOL,1980-01-12,level,405000.0,394000.0,0.0,naive_prior,394000.0,11000.0
2009-05-28,claims,ICSA,DOL,1980-01-19,level,446000.0,405000.0,0.0,naive_prior,405000.0,41000.0
2009-05-28,claims,ICSA,DOL,1980-01-26,level,412000.0,446000.0,0.0,naive_prior,446000.0,-34000.0
2009-05-28,claims,ICSA,DOL,1980-02-02,level,404000.0,412000.0,0.0,naive_prior,412000.0,-8000.0
2009-05-28,claims,ICSA,DOL,1980-02-09,level,425000.0,404000.0,0.0,naive_prior,404000.0,21000.0
2009-05-28,claims,ICSA,DOL,1980-02-16,level,415000.0,425000.0,0.0,naive_prior,425000.0,-10000.0
2009-05-28,claims,ICSA,DOL,1980-02-23,level,428000.0,415000.0,0.0,naive_prior,415000.0,13000.0
2009-05-28,claims,ICSA,DOL,1980-03-01,level,409000.0,428000.0,0.0,naive_prior,428000.0,-19000.0
2009-05-28,claims,ICSA,DOL,1980-03-08,level,418000.0,409000.0,0.0,naive_prior,409000.0,9000.0
2009-05-28,claims,ICSA,DOL,1980-03-15,level,432000.0,418000.0,0.0,naive_prior,418000.0,14000.0
2009-05-28,claims,ICSA,DOL,1980-03-22,level,435000.0,432000.0,0.0,naive_prior,432000.0,3000.0
2009-05-28,claims,ICSA,DOL,1980-03-29,level,475000.0,435000.0,0.0,naive_prior,435000.0,40000.0
2009-05-28,claims,ICSA,DOL,1980-04-05,level,464000.0,475000.0,0.0,naive_prior,475000.0,-11000.0
2009-05-28,claims,ICSA,DOL,1980-04-12,level,544000.0,464000.0,0.0,naive_prior,464000.0,80000.0
2009-05-28,claims,ICSA,DOL,1980-04-19,level,548000.0,544000.0,0.0,naive_prior,544000.0,4000.0
2009-05-28,claims,ICSA,DOL,1980-04-26,level,563000.0,548000.0,0.0,naive_prior,548000.0,15000.0
2009-05-28,claims,ICSA,DOL,1980-05-03,level,572000.0,563000.0,0.0,naive_prior,563000.0,9000.0
2009-05-28,claims,ICSA,DOL,1980-05-10,level,601000.0,572000.0,0.0,naive_prior,572000.0,29000.0
2009-05-28,claims,ICSA,DOL,1980-05-17,level,642000.0,601000.0,0.0,naive_prior,601000.0,41000.0
2009-05-28,claims,ICSA,DOL,1980-05-24,level,627000.0,642000.0,0.0,naive_prior,642000.0,-15000.0
2009-05-28,claims,ICSA,DOL,1980-05-31,level,637000.0,627000.0,0.0,naive_prior,627000.0,10000.0
2009-05-28,claims,ICSA,DOL,1980-06-07,level,610000.0,637000.0,0.0,naive_prior,637000.0,-27000.0
2009-05-28,claims,ICSA,DOL,1980-06-14,level,592000.0,610000.0,0.0,naive_prior,610000.0,-18000.0
2009-05-28,claims,ICSA,DOL,1980-06-21,level,599000.0,592000.0,0.0,naive_prior,592000.0,7000.0
2009-05-28,claims,ICSA,DOL,1980-06-28,level,627000.0,599000.0,0.0,naive_prior,599000.0,28000.0
2009-05-28,claims,ICSA,DOL,1980-07-05,level,579000.0,627000.0,0.0,naive_prior,627000.0,-48000.0
2009-05-28,claims,ICSA,DOL,1980-07-12,level,533000.0,579000.0,0.0,naive_prior,579000.0,-46000.0
2009-05-28,claims,ICSA,DOL,1980-07-19,level,567000.0,533000.0,0.0,naive_prior,533000.0,34000.0
2009-05-28,claims,ICSA,DOL,1980-07-26,level,558000.0,567000.0,0.0,naive_prior,567000.0,-9000.0
2009-05-28,claims,ICSA,DOL,1980-08-02,level,569000.0,558000.0,0.0,naive_prior,558000.0,11000.0
2009-05-28,claims,ICSA,DOL,1980-08-09,level,533000.0,569000.0,0.0,naive_prior,569000.0,-36000.0
2009-05-28,claims,ICSA,DOL,1980-08-16,level,525000.0,533000.0,0.0,naive_prior,533000.0,-8000.0
2009-05-28,claims,ICSA,DOL,1980-08-23,level,512000.0,525000.0,0.0,naive_prior,525000.0,-13000.0
2009-05-28,claims,ICSA,DOL,1980-08-30,level,502000.0,512000.0,0.0,naive_prior,512000.0,-10000.0
2009-05-28,claims,ICSA,DOL,1980-09-06,level,511000.0,502000.0,0.0,naive_prior,502000.0,9000.0
2009-05-28,claims,ICSA,DOL,1980-09-13,level,492000.0,511000.0,0.0,naive_prior,511000.0,-19000.0
2009-05-28,claims,ICSA,DOL,1980-09-20,level,465000.0,492000.0,0.0,naive_prior,492000.0,-27000.0
2009-05-28,claims,ICSA,DOL,1980-09-27,level,463000.0,465000.0,0.0,naive_prior,465000.0,-2000.0
2009-05-28,claims,ICSA,DOL,1980-10-04,level,462000.0,463000.0,0.0,naive_prior,463000.0,-1000.0
2009-05-28,claims,ICSA,DOL,1980-10-11,level,447000.0,462000.0,0.0,naive_prior,462000.0,-15000.0
2009-05-28,claims,ICSA,DOL,1980-10-18,level,425000.0,447000.0,0.0,naive_prior,447000.0,-22000.0
2009-05-28,claims,ICSA,DOL,1980-10-25,level,418000.0,425000.0,0.0,naive_prior,425000.0,-7000.0
2009-05-28,claims,ICSA,DOL,1980-11-01,level,419000.0,418000.0,0.0,naive_prior,418000.0,1000.0
2009-05-28,claims,ICSA,DOL,1980-11-08,level,407000.0,419000.0,0.0,naive_prior,419000.0,-12000.0
2009-05-28,claims,ICSA,DOL,1980-11-15,level,427000.0,407000.0,0.0,naive_prior,407000.0,20000.0
2009-05-28,claims,ICSA,DOL,1980-11-22,level,398000.0,427000.0,0.0,naive_prior,427000.0,-29000.0
2009-05-28,claims,ICSA,DOL,1980-11-29,level,412000.0,398000.0,0.0,naive_prior,398000.0,14000.0
2009-05-28,claims,ICSA,DOL,1980-12-06,level,416000.0,412000.0,0.0,naive_prior,412000.0,4000.0
2009-05-28,claims,ICSA,DOL,1980-12-13,level,413000.0,416000.0,0.0,naive_prior,416000.0,-3000.0
2009-05-28,claims,ICSA,DOL,1980-12-20,level,412000.0,413000.0,0.0,naive_prior,413000.0,-1000.0
2009-05-28,claims,ICSA,DOL,1980-12-27,level,399000.0,412000.0,0.0,naive_prior,412000.0,-13000.0
2009-05-28,claims,ICSA,DOL,1981-01-03,level,410000.0,399000.0,0.0,naive_prior,399000.0,11000.0
2009-05-28,claims,ICSA,DOL,1981-01-10,level,419000.0,410000.0,0.0,naive_prior,410000.0,9000.0
2009-05-28,claims,ICSA,DOL,1981-01-17,level,421000.0,419000.0,0.0,naive_prior,419000.0,2000.0
2009-05-28,claims,ICSA,DOL,1981-01-24,level,396000.0,421000.0,0.0,naive_prior,421000.0,-25000.0
2009-05-28,claims,ICSA,DOL,1981-01-31,level,419000.0,396000.0,0.0,naive_prior,396000.0,23000.0
2009-05-28,claims,ICSA,DOL,1981-02-07,level,420000.0,419000.0,0.0,naive_prior,419000.0,1000.0
2009-05-28,claims,ICSA,DOL,1981-02-14,level,423000.0,420000.0,0.0,naive_prior,420000.0,3000.0
2009-05-28,claims,ICSA,DOL,1981-02-21,level,438000.0,423000.0,0.0,naive_prior,423000.0,15000.0
2009-05-28,claims,ICSA,DOL,1981-02-28,level,434000.0,438000.0,0.0,naive_prior,438000.0,-4000.0
2009-05-28,claims,ICSA,DOL,1981-03-07,level,409000.0,434000.0,0.0,naive_prior,434000.0,-25000.0
2009-05-28,claims,ICSA,DOL,1981-03-14,level,408000.0,409000.0,0.0,naive_prior,409000.0,-1000.0
2009-05-28,claims,ICSA,DOL,1981-03-21,level,401000.0,408000.0,0.0,naive_prior,408000.0,-7000.0
2009-05-28,claims,ICSA,DOL,1981-03-28,level,412000.0,401000.0,0.0,naive_prior,401000.0,11000.0
2009-05-28,claims,ICSA,DOL,1981-04-04,level,417000.0,412000.0,0.0,naive_prior,412000.0,5000.0
2009-05-28,claims,ICSA,DOL,1981-04-11,level,396000.0,417000.0,0.0,naive_prior,417000.0,-21000.0
2009-05-28,claims,ICSA,DOL,1981-04-18,level,392000.0,396000.0,0.0,naive_prior,396000.0,-4000.0
2009-05-28,claims,ICSA,DOL,1981-04-25,level,436000.0,392000.0,0.0,naive_prior,392000.0,44000.0
2009-05-28,claims,ICSA,DOL,1981-05-02,level,413000.0,436000.0,0.0,naive_prior,436000.0,-23000.0
2009-05-28,claims,ICSA,DOL,1981-05-09,level,423000.0,413000.0,0.0,naive_prior,413000.0,10000.0
2009-05-28,claims,ICSA,DOL,1981-05-16,level,414000.0,423000.0,0.0,naive_prior,423000.0,-9000.0
2009-05-28,claims,ICSA,DOL,1981-05-23,level,415000.0,414000.0,0.0,naive_prior,414000.0,1000.0
2009-05-28,claims,ICSA,DOL,1981-05-30,level,417000.0,415000.0,0.0,naive_prior,415000.0,2000.0
2009-05-28,claims,ICSA,DOL,1981-06-06,level,428000.0,417000.0,0.0,naive_prior,417000.0,11000.0
2009-05-28,claims,ICSA,DOL,1981-06-13,level,425000.0,428000.0,0.0,naive_prior,428000.0,-3000.0
2009-05-28,claims,ICSA,DOL,1981-06-20,level,435000.0,425000.0,0.0,naive_prior,425000.0,10000.0
2009-05-28,claims,ICSA,DOL,1981-06-27,level,444000.0,435000.0,0.0,naive_prior,435000.0,9000.0
2009-05-28,claims,ICSA,DOL,1981-07-04,level,460000.0,444000.0,0.0,naive_prior,444000.0,16000.0
2009-05-28,claims,ICSA,DOL,1981-07-11,level,426000.0,460000.0,0.0,naive_prior,460000.0,-34000.0
2009-05-28,claims,ICSA,DOL,1981-07-18,level,430000.0,426000.0,0.0,naive_prior,426000.0,4000.0
2009-05-28,claims,ICSA,DOL,1981-07-25,level,407000.0,430000.0,0.0,naive_prior,430000.0,-23000.0
2009-05-28,claims,ICSA,DOL,1981-08-01,level,476000.0,407000.0,0.0,naive_prior,407000.0,69000.0
2009-05-28,claims,ICSA,DOL,1981-08-08,level,448000.0,476000.0,0.0,naive_prior,476000.0,-28000.0
2009-05-28,claims,ICSA,DOL,1981-08-15,level,442000.0,448000.0,0.0,naive_prior,448000.0,-6000.0
2009-05-28,claims,ICSA,DOL,1981-08-22,level,434000.0,442000.0,0.0,naive_prior,442000.0,-8000.0
2009-05-28,claims,ICSA,DOL,1981-08-29,level,451000.0,434000.0,0.0,naive_prior,434000.0,17000.0
2009-05-28,claims,ICSA,DOL,1981-09-05,level,473000.0,451000.0,0.0,naive_prior,451000.0,22000.0
2009-05-28,claims,ICSA,DOL,1981-09-12,level,454000.0,473000.0,0.0,naive_prior,473000.0,-19000.0
2009-05-28,claims,ICSA,DOL,1981-09-19,level,475000.0,454000.0,0.0,naive_prior,454000.0,21000.0
2009-05-28,claims,ICSA,DOL,1981-09-26,level,491000.0,475000.0,0.0,naive_prior,475000.0,16000.0
2009-05-28,claims,ICSA,DOL,1981-10-03,level,489000.0,491000.0,0.0,naive_prior,491000.0,-2000.0
2009-05-28,claims,ICSA,DOL,1981-10-10,level,491000.0,489000.0,0.0,naive_prior,489000.0,2000.0
2009-05-28,claims,ICSA,DOL,1981-10-17,level,487000.0,491000.0,0.0,naive_prior,491000.0,-4000.0
2009-05-28,claims,ICSA,DOL,1981-10-24,level,483000.0,487000.0,0.0,naive_prior,487000.0,-4000.0
2009-05-28,claims,ICSA,DOL,1981-10-31,level,514000.0,483000.0,0.0,naive_prior,483000.0,31000.0
2009-05-28,claims,ICSA,DOL,1981-11-07,level,514000.0,514000.0,0.0,naive_prior,514000.0,0.0
2009-05-28,claims,ICSA,DOL,1981-11-14,level,517000.0,514000.0,0.0,naive_prior,514000.0,3000.0
2009-05-28,claims,ICSA,DOL,1981-11-21,level,464000.0,517000.0,0.0,naive_prior,517000.0,-53000.0
2009-05-28,claims,ICSA,DOL,1981-11-28,level,552000.0,464000.0,0.0,naive_prior,464000.0,88000.0
2009-05-28,claims,ICSA,DOL,1981-12-05,level,558000.0,552000.0,0.0,naive_prior,552000.0,6000.0
2009-05-28,claims,ICSA,DOL,1981-12-12,level,551000.0,558000.0,0.0,naive_prior,558000.0,-7000.0
2009-05-28,claims,ICSA,DOL,1981-12-19,level,539000.0,551000.0,0.0,naive_prior,551000.0,-12000.0
2009-05-28,claims,ICSA,DOL,1981-12-26,level,556000.0,539000.0,0.0,naive_prior,539000.0,17000.0
2009-05-28,claims,ICSA,DOL,1982-01-02,level,495000.0,556000.0,0.0,naive_prior,556000.0,-61000.0
2009-05-28,claims,ICSA,DOL,1982-01-09,level,545000.0,495000.0,0.0,naive_prior,495000.0,50000.0
2009-05-28,claims,ICSA,DOL,1982-01-16,level,489000.0,545000.0,0.0,naive_prior,545000.0,-56000.0
2009-05-28,claims,ICSA,DOL,1982-01-23,level,564000.0,489000.0,0.0,naive_prior,489000.0,75000.0
2009-05-28,claims,ICSA,DOL,1982-01-30,level,583000.0,564000.0,0.0,naive_prior,564000.0,19000.0
2009-05-28,claims,ICSA,DOL,1982-02-06,level,556000.0,583000.0,0.0,naive_prior,583000.0,-27000.0
2009-05-28,claims,ICSA,DOL,1982-02-13,level,507000.0,556000.0,0.0,naive_prior,556000.0,-49000.0
2009-05-28,claims,ICSA,DOL,1982-02-20,level,544000.0,507000.0,0.0,naive_prior,507000.0,37000.0
2009-05-28,claims,ICSA,DOL,1982-02-27,level,528000.0,544000.0,0.0,naive_prior,544000.0,-16000.0
2009-05-28,claims,ICSA,DOL,1982-03-06,level,556000.0,528000.0,0.0,naive_prior,528000.0,28000.0
2009-05-28,claims,ICSA,DOL,1982-03-13,level,539000.0,556000.0,0.0,naive_prior,556000.0,-17000.0
2009-05-28,claims,ICSA,DOL,1982-03-20,level,557000.0,539000.0,0.0,naive_prior,539000.0,18000.0
2009-05-28,claims,ICSA,DOL,1982-03-27,level,574000.0,557000.0,0.0,naive_prior,557000.0,17000.0
2009-05-28,claims,ICSA,DOL,1982-04-03,level,578000.0,574000.0,0.0,naive_prior,574000.0,4000.0
2009-05-28,claims,ICSA,DOL,1982-04-10,level,585000.0,578000.0,0.0,naive_prior,578000.0,7000.0
2009-05-28,claims,ICSA,DOL,1982-04-17,level,597000.0,585000.0,0.0,naive_prior,585000.0,12000.0
2009-05-28,claims,ICSA,DOL,1982-04-24,level,588000.0,597000.0,0.0,naive_prior,597000.0,-9000.0
2009-05-28,claims,ICSA,DOL,1982-05-01,level,576000.0,588000.0,0.0,naive_prior,588000.0,-12000.0
2009-05-28,claims,ICSA,DOL,1982-05-08,level,584000.0,576000.0,0.0,naive_prior,576000.0,8000.0
2009-05-28,claims,ICSA,DOL,1982-05-15,level,585000.0,584000.0,0.0,naive_prior,584000.0,1000.0
2009-05-28,claims,ICSA,DOL,1982-05-22,level,586000.0,585000.0,0.0,naive_prior,585000.0,1000.0
2009-05-28,claims,ICSA,DOL,1982-05-29,level,588000.0,586000.0,0.0,naive_prior,586000.0,2000.0
2009-05-28,claims,ICSA,DOL,1982-06-05,level,611000.0,588000.0,0.0,naive_prior,588000.0,23000.0
2009-05-28,claims,ICSA,DOL,1982-06-12,level,614000.0,611000.0,0.0,naive_prior,611000.0,3000.0
2009-05-28,claims,ICSA,DOL,1982-06-19,level,591000.0,614000.0,0.0,naive_prior,614000.0,-23000.0
2009-05-28,claims,ICSA,DOL,1982-06-26,level,582000.0,591000.0,0.0,naive_prior,591000.0,-9000.0
2009-05-28,claims,ICSA,DOL,1982-07-03,level,600000.0,582000.0,0.0,naive_prior,582000.0,18000.0
2009-05-28,claims,ICSA,DOL,1982-07-10,level,572000.0,600000.0,0.0,naive_prior,600000.0,-28000.0
2009-05-28,claims,ICSA,DOL,1982-07-17,level,567000.0,572000.0,0.0,naive_prior,572000.0,-5000.0
2009-05-28,claims,ICSA,DOL,1982-07-24,level,536000.0,567000.0,0.0,naive_prior,567000.0,-31000.0
2009-05-28,claims,ICSA,DOL,1982-07-31,level,605000.0,536000.0,0.0,naive_prior,536000.0,69000.0
2009-05-28,claims,ICSA,DOL,1982-08-07,level,606000.0,605000.0,0.0,naive_prior,605000.0,1000.0
2009-05-28,claims,ICSA,DOL,1982-08-14,level,637000.0,606000.0,0.0,naive_prior,606000.0,31000.0
2009-05-28,claims,ICSA,DOL,1982-08-21,level,628000.0,637000.0,0.0,naive_prior,637000.0,-9000.0
2009-05-28,claims,ICSA,DOL,1982-08-28,level,647000.0,628000.0,0.0,naive_prior,628000.0,19000.0
2009-05-28,claims,ICSA,DOL,1982-09-04,level,651000.0,647000.0,0.0,naive_prior,647000.0,4000.0
2009-05-28,claims,ICSA,DOL,1982-09-11,level,641000.0,651000.0,0.0,naive_prior,651000.0,-10000.0
2009-05-28,claims,ICSA,DOL,1982-09-18,level,680000.0,641000.0,0.0,naive_prior,641000.0,39000.0
2009-05-28,claims,ICSA,DOL,1982-09-25,level,671000.0,680000.0,0.0,naive_prior,680000.0,-9000.0
2009-05-28,claims,ICSA,DOL,1982-10-02,level,695000.0,671000.0,0.0,naive_prior,671000.0,24000.0
2009-05-28,claims,ICSA,DOL,1982-10-09,level,651000.0,695000.0,0.0,naive_prior,695000.0,-44000.0
2009-05-28,claims,ICSA,DOL,1982-10-16,level,656000.0,651000.0,0.0,naive_prior,651000.0,5000.0
2009-05-28,claims,ICSA,DOL,1982-10-23,level,623000.0,656000.0,0.0,naive_prior,656000.0,-33000.0
2009-05-28,claims,ICSA,DOL,1982-10-30,level,637000.0,623000.0,0.0,naive_prior,623000.0,14000.0
2009-05-28,claims,ICSA,DOL,1982-11-06,level,589000.0,637000.0,0.0,naive_prior,637000.0,-48000.0
2009-05-28,claims,ICSA,DOL,1982-11-13,level,599000.0,589000.0,0.0,naive_prior,589000.0,10000.0
2009-05-28,claims,ICSA,DOL,1982-11-20,level,577000.0,599000.0,0.0,naive_prior,599000.0,-22000.0
2009-05-28,claims,ICSA,DOL,1982-11-27,level,612000.0,577000.0,0.0,naive_prior,577000.0,35000.0
2009-05-28,claims,ICSA,DOL,1982-12-04,level,557000.0,612000.0,0.0,naive_prior,612000.0,-55000.0
2009-05-28,claims,ICSA,DOL,1982-12-11,level,533000.0,557000.0,0.0,naive_prior,557000.0,-24000.0
2009-05-28,claims,ICSA,DOL,1982-12-18,level,516000.0,533000.0,0.0,naive_prior,533000.0,-17000.0
2009-05-28,claims,ICSA,DOL,1982-12-25,level,489000.0,516000.0,0.0,naive_prior,516000.0,-27000.0
2009-05-28,claims,ICSA,DOL,1983-01-01,level,534000.0,489000.0,0.0,naive_prior,489000.0,45000.0
2009-05-28,claims,ICSA,DOL,1983-01-08,level,510000.0,534000.0,0.0,naive_prior,534000.0,-24000.0
2009-05-28,claims,ICSA,DOL,1983-01-15,level,479000.0,510000.0,0.0,naive_prior,510000.0,-31000.0
2009-05-28,claims,ICSA,DOL,1983-01-22,level,479000.0,479000.0,0.0,naive_prior,479000.0,0.0
2009-05-28,claims,ICSA,DOL,1983-01-29,level,503000.0,479000.0,0.0,naive_prior,479000.0,24000.0
2009-05-28,claims,ICSA,DOL,1983-02-05,level,501000.0,503000.0,0.0,naive_prior,503000.0,-2000.0
2009-05-28,claims,ICSA,DOL,1983-02-12,level,486000.0,501000.0,0.0,naive_prior,501000.0,-15000.0
2009-05-28,claims,ICSA,DOL,1983-02-19,level,487000.0,486000.0,0.0,naive_prior,486000.0,1000.0
2009-05-28,claims,ICSA,DOL,1983-02-26,level,481000.0,487000.0,0.0,naive_prior,487000.0,-6000.0
2009-05-28,claims,ICSA,DOL,1983-03-05,level,495000.0,481000.0,0.0,naive_prior,481000.0,14000.0
2009-05-28,claims,ICSA,DOL,1983-03-12,level,475000.0,495000.0,0.0,naive_prior,495000.0,-20000.0
2009-05-28,claims,ICSA,DOL,1983-03-19,level,470000.0,475000.0,0.0,naive_prior,475000.0,-5000.0
2009-05-28,claims,ICSA,DOL,1983-03-26,level,481000.0,470000.0,0.0,naive_prior,470000.0,11000.0
2009-05-28,claims,ICSA,DOL,1983-04-02,level,491000.0,481000.0,0.0,naive_prior,481000.0,10000.0
2009-05-28,claims,ICSA,DOL,1983-04-09,level,496000.0,491000.0,0.0,naive_prior,491000.0,5000.0
2009-05-28,claims,ICSA,DOL,1983-04-16,level,515000.0,496000.0,0.0,naive_prior,496000.0,19000.0
2009-05-28,claims,ICSA,DOL,1983-04-23,level,488000.0,515000.0,0.0,naive_prior,515000.0,-27000.0
2009-05-28,claims,ICSA,DOL,1983-04-30,level,490000.0,488000.0,0.0,naive_prior,488000.0,2000.0
2009-05-28,claims,ICSA,DOL,1983-05-07,level,494000.0,490000.0,0.0,naive_prior,490000.0,4000.0
2009-05-28,claims,ICSA,DOL,1983-05-14,level,464000.0,494000.0,0.0,naive_prior,494000.0,-30000.0
2009-05-28,claims,ICSA,DOL,1983-05-21,level,460000.0,464000.0,0.0,naive_prior,464000.0,-4000.0
2009-05-28,claims,ICSA,DOL,1983-05-28,level,454000.0,460000.0,0.0,naive_prior,460000.0,-6000.0
2009-05-28,claims,ICSA,DOL,1983-06-04,level,459000.0,454000.0,0.0,naive_prior,454000.0,5000.0
2009-05-28,claims,ICSA,DOL,1983-06-11,level,442000.0,459000.0,0.0,naive_prior,459000.0,-17000.0
2009-05-28,claims,ICSA,DOL,1983-06-18,level,434000.0,442000.0,0.0,naive_prior,442000.0,-8000.0
2009-05-28,claims,ICSA,DOL,1983-06-25,level,442000.0,434000.0,0.0,naive_prior,434000.0,8000.0
2009-05-28,claims,ICSA,DOL,1983-07-02,level,422000.0,442000.0,0.0,naive_prior,442000.0,-20000.0
2009-05-28,claims,ICSA,DOL,1983-07-09,level,412000.0,422000.0,0.0,naive_prior,422000.0,-10000.0
2009-05-28,claims,ICSA,DOL,1983-07-16,level,396000.0,412000.0,0.0,naive_prior,412000.0,-16000.0
2009-05-28,claims,ICSA,DOL,1983-07-23,level,395000.0,396000.0,0.0,naive_prior,396000.0,-1000.0
2009-05-28,claims,ICSA,DOL,1983-07-30,level,415000.0,395000.0,0.0,naive_prior,395000.0,20000.0
2009-05-28,claims,ICSA,DOL,1983-08-06,level,415000.0,415000.0,0.0,naive_prior,415000.0,0.0
2009-05-28,claims,ICSA,DOL,1983-08-13,level,457000.0,415000.0,0.0,naive_prior,415000.0,42000.0
2009-05-28,claims,ICSA,DOL,1983-08-20,level,445000.0,457000.0,0.0,naive_prior,457000.0,-12000.0
2009-05-28,claims,ICSA,DOL,1983-08-27,level,426000.0,445000.0,0.0,naive_prior,445000.0,-19000.0
2009-05-28,claims,ICSA,DOL,1983-09-03,level,411000.0,426000.0,0.0,naive_prior,426000.0,-15000.0
2009-05-28,claims,ICSA,DOL,1983-09-10,level,403000.0,411000.0,0.0,naive_prior,411000.0,-8000.0
2009-05-28,claims,ICSA,DOL,1983-09-17,level,405000.0,403000.0,0.0,naive_prior,403000.0,2000.0
2009-05-28,claims,ICSA,DOL,1983-09-24,level,416000.0,405000.0,0.0,naive_prior,405000.0,11000.0
2009-05-28,claims,ICSA,DOL,1983-10-01,level,413000.0,416000.0,0.0,naive_prior,416000.0,-3000.0
2009-05-28,claims,ICSA,DOL,1983-10-08,level,406000.0,413000.0,0.0,naive_prior,413000.0,-7000.0
2009-05-28,claims,ICSA,DOL,1983-10-15,level,394000.0,406000.0,0.0,naive_prior,406000.0,-12000.0
2009-05-28,claims,ICSA,DOL,1983-10-22,level,394000.0,394000.0,0.0,naive_prior,394000.0,0.0
2009-05-28,claims,ICSA,DOL,1983-10-29,level,404000.0,394000.0,0.0,naive_prior,394000.0,10000.0
2009-05-28,claims,ICSA,DOL,1983-11-05,level,395000.0,404000.0,0.0,naive_prior,404000.0,-9000.0
2009-05-28,claims,ICSA,DOL,1983-11-12,level,390000.0,395000.0,0.0,naive_prior,395000.0,-5000.0
2009-05-28,claims,ICSA,DOL,1983-11-19,level,387000.0,390000.0,0.0,naive_prior,390000.0,-3000.0
2009-05-28,claims,ICSA,DOL,1983-11-26,level,398000.0,387000.0,0.0,naive_prior,387000.0,11000.0
2009-05-28,claims,ICSA,DOL,1983-12-03,level,365000.0,398000.0,0.0,naive_prior,398000.0,-33000.0
2009-05-28,claims,ICSA,DOL,1983-12-10,level,368000.0,365000.0,0.0,naive_prior,365000.0,3000.0
2009-05-28,claims,ICSA,DOL,1983-12-17,level,362000.0,368000.0,0.0,naive_prior,368000.0,-6000.0
2009-05-28,claims,ICSA,DOL,1983-12-24,level,377000.0,362000.0,0.0,naive_prior,362000.0,15000.0
2009-05-28,claims,ICSA,DOL,1983-12-31,level,372000.0,377000.0,0.0,naive_prior,377000.0,-5000.0
2009-05-28,claims,ICSA,DOL,1984-01-07,level,356000.0,372000.0,0.0,naive_prior,372000.0,-16000.0
2009-05-28,claims,ICSA,DOL,1984-01-14,level,351000.0,356000.0,0.0,naive_prior,356000.0,-5000.0
2009-05-28,claims,ICSA,DOL,1984-01-21,level,333000.0,351000.0,0.0,naive_prior,351000.0,-18000.0
2009-05-28,claims,ICSA,DOL,1984-01-28,level,364000.0,333000.0,0.0,naive_prior,333000.0,31000.0
2009-05-28,claims,ICSA,DOL,1984-02-04,level,342000.0,364000.0,0.0,naive_prior,364000.0,-22000.0
2009-05-28,claims,ICSA,DOL,1984-02-11,level,338000.0,342000.0,0.0,naive_prior,342000.0,-4000.0
2009-05-28,claims,ICSA,DOL,1984-02-18,level,334000.0,338000.0,0.0,naive_prior,338000.0,-4000.0
2009-05-28,claims,ICSA,DOL,1984-02-25,level,343000.0,334000.0,0.0,naive_prior,334000.0,9000.0
2009-05-28,claims,ICSA,DOL,1984-03-03,level,347000.0,343000.0,0.0,naive_prior,343000.0,4000.0
2009-05-28,claims,ICSA,DOL,1984-03-10,level,346000.0,347000.0,0.0,naive_prior,347000.0,-1000.0
2009-05-28,claims,ICSA,DOL,1984-03-17,level,349000.0,346000.0,0.0,naive_prior,346000.0,3000.0
2009-05-28,claims,ICSA,DOL,1984-03-24,level,346000.0,349000.0,0.0,naive_prior,349000.0,-3000.0
2009-05-28,claims,ICSA,DOL,1984-03-31,level,341000.0,346000.0,0.0,naive_prior,346000.0,-5000.0
2009-05-28,claims,ICSA,DOL,1984-04-07,level,381000.0,341000.0,0.0,naive_prior,341000.0,40000.0
2009-05-28,claims,ICSA,DOL,1984-04-14,level,357000.0,381000.0,0.0,naive_prior,381000.0,-24000.0
2009-05-28,claims,ICSA,DOL,1984-04-21,level,364000.0,357000.0,0.0,naive_prior,357000.0,7000.0
2009-05-28,claims,ICSA,DOL,1984-04-28,level,375000.0,364000.0,0.0,naive_prior,364000.0,11000.0
2009-05-28,claims,ICSA,DOL,1984-05-05,level,365000.0,375000.0,0.0,naive_prior,375000.0,-10000.0
2009-05-28,claims,ICSA,DOL,1984-05-12,level,368000.0,365000.0,0.0,naive_prior,365000.0,3000.0
2009-05-28,claims,ICSA,DOL,1984-05-19,level,354000.0,368000.0,0.0,naive_prior,368000.0,-14000.0
2009-05-28,claims,ICSA,DOL,1984-05-26,level,354000.0,354000.0,0.0,naive_prior,354000.0,0.0
2009-05-28,claims,ICSA,DOL,1984-06-02,level,355000.0,354000.0,0.0,naive_prior,354000.0,1000.0
2009-05-28,claims,ICSA,DOL,1984-06-09,level,369000.0,355000.0,0.0,naive_prior,355000.0,14000.0
2009-05-28,claims,ICSA,DOL,1984-06-16,level,361000.0,369000.0,0.0,naive_prior,369000.0,-8000.0
2009-05-28,claims,ICSA,DOL,1984-06-23,level,362000.0,361000.0,0.0,naive_prior,361000.0,1000.0
2009-05-28,claims,ICSA,DOL,1984-06-30,level,360000.0,362000.0,0.0,naive_prior,362000.0,-2000.0
2009-05-28,claims,ICSA,DOL,1984-07-07,level,366000.0,360000.0,0.0,naive_prior,360000.0,6000.0
2009-05-28,claims,ICSA,DOL,1984-07-14,level,360000.0,366000.0,0.0,naive_prior,366000.0,-6000.0
2009-05-28,claims,ICSA,DOL,1984-07-21,level,357000.0,360000.0,0.0,naive_prior,360000.0,-3000.0
2009-05-28,claims,ICSA,DOL,1984-07-28,level,359000.0,357000.0,0.0,naive_prior,357000.0,2000.0
2009-05-28,claims,ICSA,DOL,1984-08-04,level,382000.0,359000.0,0.0,naive_prior,359000.0,23000.0
2009-05-28,claims,ICSA,DOL,1984-08-11,level,380000.0,382000.0,0.0,naive_prior,382000.0,-2000.0
2009-05-28,claims,ICSA,DOL,1984-08-18,level,401000.0,380000.0,0.0,naive_prior,380000.0,21000.0
2009-05-28,claims,ICSA,DOL,1984-08-25,level,395000.0,401000.0,0.0,naive_prior,401000.0,-6000.0
2009-05-28,claims,ICSA,DOL,1984-09-01,level,385000.0,395000.0,0.0,naive_prior,395000.0,-10000.0
2009-05-28,claims,ICSA,DOL,1984-09-08,level,402000.0,385000.0,0.0,naive_prior,385000.0,17000.0
2009-05-28,claims,ICSA,DOL,1984-09-15,level,393000.0,402000.0,0.0,naive_prior,402000.0,-9000.0
2009-05-28,claims,ICSA,DOL,1984-09-22,level,395000.0,393000.0,0.0,naive_prior,393000.0,2000.0
2009-05-28,claims,ICSA,DOL,1984-09-29,level,402000.0,395000.0,0.0,naive_prior,395000.0,7000.0
2009-05-28,claims,ICSA,DOL,1984-10-06,level,403000.0,402000.0,0.0,naive_prior,402000.0,1000.0
2009-05-28,claims,ICSA,DOL,1984-10-13,level,410000.0,403000.0,0.0,naive_prior,403000.0,7000.0
2009-05-28,claims,ICSA,DOL,1984-10-20,level,439000.0,410000.0,0.0,naive_prior,410000.0,29000.0
2009-05-28,claims,ICSA,DOL,1984-10-27,level,425000.0,439000.0,0.0,naive_prior,439000.0,-14000.0
2009-05-28,claims,ICSA,DOL,1984-11-03,level,423000.0,425000.0,0.0,naive_prior,425000.0,-2000.0
2009-05-28,claims,ICSA,DOL,1984-11-10,level,393000.0,423000.0,0.0,naive_prior,423000.0,-30000.0
2009-05-28,claims,ICSA,DOL,1984-11-17,level,383000.0,393000.0,0.0,naive_prior,393000.0,-10000.0
2009-05-28,claims,ICSA,DOL,1984-11-24,level,429000.0,383000.0,0.0,naive_prior,383000.0,46000.0
2009-05-28,claims,ICSA,DOL,1984-12-01,level,401000.0,429000.0,0.0,naive_prior,429000.0,-28000.0
2009-05-28,claims,ICSA,DOL,1984-12-08,level,383000.0,401000.0,0.0,naive_prior,401000.0,-18000.0
2009-05-28,claims,ICSA,DOL,1984-12-15,level,386000.0,383000.0,0.0,naive_prior,383000.0,3000.0
2009-05-28,claims,ICSA,DOL,1984-12-22,level,379000.0,386000.0,0.0,naive_prior,386000.0,-7000.0
2009-05-28,claims,ICSA,DOL,1984-12-29,level,379000.0,379000.0,0.0,naive_prior,379000.0,0.0
2009-05-28,claims,ICSA,DOL,1985-01-05,level,369000.0,379000.0,0.0,naive_prior,379000.0,-10000.0
2009-05-28,claims,ICSA,DOL,1985-01-12,level,387000.0,369000.0,0.0,naive_prior,369000.0,18000.0
2009-05-28,claims,ICSA,DOL,1985-01-19,level,359000.0,387000.0,0.0,naive_prior,387000.0,-28000.0
2009-05-28,claims,ICSA,DOL,1985-01-26,level,368000.0,359000.0,0.0,naive_prior,359000.0,9000.0
2009-05-28,claims,ICSA,DOL,1985-02-02,level,386000.0,368000.0,0.0,naive_prior,368000.0,18000.0
2009-05-28,claims,ICSA,DOL,1985-02-09,level,401000.0,386000.0,0.0,naive_prior,386000.0,15000.0
2009-05-28,claims,ICSA,DOL,1985-02-16,level,390000.0,401000.0,0.0,naive_prior,401000.0,-11000.0
2009-05-28,claims,ICSA,DOL,1985-02-23,level,390000.0,390000.0,0.0,naive_prior,390000.0,0.0
2009-05-28,claims,ICSA,DOL,1985-03-02,level,374000.0,390000.0,0.0,naive_prior,390000.0,-16000.0
2009-05-28,claims,ICSA,DOL,1985-03-09,level,385000.0,374000.0,0.0,naive_prior,374000.0,11000.0
2009-05-28,claims,ICSA,DOL,1985-03-16,level,386000.0,385000.0,0.0,naive_prior,385000.0,1000.0
2009-05-28,claims,ICSA,DOL,1985-03-23,level,373000.0,386000.0,0.0,naive_prior,386000.0,-13000.0
2009-05-28,claims,ICSA,DOL,1985-03-30,level,386000.0,373000.0,0.0,naive_prior,373000.0,13000.0
2009-05-28,claims,ICSA,DOL,1985-04-06,level,405000.0,386000.0,0.0,naive_prior,386000.0,19000.0
2009-05-28,claims,ICSA,DOL,1985-04-13,level,411000.0,405000.0,0.0,naive_prior,405000.0,6000.0
2009-05-28,claims,ICSA,DOL,1985-04-20,level,391000.0,411000.0,0.0,naive_prior,411000.0,-20000.0
2009-05-28,claims,ICSA,DOL,1985-04-27,level,386000.0,391000.0,0.0,naive_prior,391000.0,-5000.0
2009-05-28,claims,ICSA,DOL,1985-05-04,level,390000.0,386000.0,0.0,naive_prior,386000.0,4000.0
2009-05-28,claims,ICSA,DOL,1985-05-11,level,394000.0,390000.0,0.0,naive_prior,390000.0,4000.0
2009-05-28,claims,ICSA,DOL,1985-05-18,level,391000.0,394000.0,0.0,naive_prior,394000.0,-3000.0
2009-05-28,claims,ICSA,DOL,1985-05-25,level,396000.0,391000.0,0.0,naive_prior,391000.0,5000.0
2009-05-28,claims,ICSA,DOL,1985-06-01,level,393000.0,396000.0,0.0,naive_prior,396000.0,-3000.0
2009-05-28,claims,ICSA,DOL,1985-06-08,level,403000.0,393000.0,0.0,naive_prior,393000.0,10000.0
2009-05-28,claims,ICSA,DOL,1985-06-15,level,390000.0,403000.0,0.0,naive_prior,403000.0,-13000.0
2009-05-28,claims,ICSA,DOL,1985-06-22,level,386000.0,390000.0,0.0,naive_prior,390000.0,-4000.0
2009-05-28,claims,ICSA,DOL,1985-06-29,level,390000.0,386000.0,0.0,naive_prior,386000.0,4000.0
2009-05-28,claims,ICSA,DOL,1985-07-06,level,395000.0,390000.0,0.0,naive_prior,390000.0,5000.0
2009-05-28,claims,ICSA,DOL,1985-07-13,level,386000.0,395000.0,0.0,naive_prior,395000.0,-9000.0
2009-05-28,claims,ICSA,DOL,1985-07-20,level,370000.0,386000.0,0.0,naive_prior,386000.0,-16000.0
2009-05-28,claims,ICSA,DOL,1985-07-27,level,362000.0,370000.0,0.0,naive_prior,370000.0,-8000.0
2009-05-28,claims,ICSA,DOL,1985-08-03,level,407000.0,362000.0,0.0,naive_prior,362000.0,45000.0
2009-05-28,claims,ICSA,DOL,1985-08-10,level,402000.0,407000.0,0.0,naive_prior,407000.0,-5000.0
2009-05-28,claims,ICSA,DOL,1985-08-17,level,399000.0,402000.0,0.0,naive_prior,402000.0,-3000.0
2009-05-28,claims,ICSA,DOL,1985-08-24,level,405000.0,399000.0,0.0,naive_prior,399000.0,6000.0
2009-05-28,claims,ICSA,DOL,1985-08-31,level,409000.0,405000.0,0.0,naive_prior,405000.0,4000.0
2009-05-28,claims,ICSA,DOL,1985-09-07,level,426000.0,409000.0,0.0,naive_prior,409000.0,17000.0
2009-05-28,claims,ICSA,DOL,1985-09-14,level,408000.0,426000.0,0.0,naive_prior,426000.0,-18000.0
2009-05-28,claims,ICSA,DOL,1985-09-21,level,401000.0,408000.0,0.0,naive_prior,408000.0,-7000.0
2009-05-28,claims,ICSA,DOL,1985-09-28,level,399000.0,401000.0,0.0,naive_prior,401000.0,-2000.0
2009-05-28,claims,ICSA,DOL,1985-10-05,level,405000.0,399000.0,0.0,naive_prior,399000.0,6000.0
2009-05-28,claims,ICSA,DOL,1985-10-12,level,400000.0,405000.0,0.0,naive_prior,405000.0,-5000.0
2009-05-28,claims,ICSA,DOL,1985-10-19,level,400000.0,400000.0,0.0,naive_prior,400000.0,0.0
2009-05-28,claims,ICSA,DOL,1985-10-26,level,418000.0,400000.0,0.0,naive_prior,400000.0,18000.0
2009-05-28,claims,ICSA,DOL,1985-11-02,level,398000.0,418000.0,0.0,naive_prior,418000.0,-20000.0
2009-05-28,claims,ICSA,DOL,1985-11-09,level,397000.0,398000.0,0.0,naive_prior,398000.0,-1000.0
2009-05-28,claims,ICSA,DOL,1985-11-16,level,397000.0,397000.0,0.0,naive_prior,397000.0,0.0
2009-05-28,claims,ICSA,DOL,1985-11-23,level,382000.0,397000.0,0.0,naive_prior,397000.0,-15000.0
2009-05-28,claims,ICSA,DOL,1985-11-30,level,393000.0,382000.0,0.0,naive_prior,382000.0,11000.0
2009-05-28,claims,ICSA,DOL,1985-12-07,level,399000.0,393000.0,0.0,naive_prior,393000.0,6000.0
2009-05-28,claims,ICSA,DOL,1985-12-14,level,382000.0,399000.0,0.0,naive_prior,399000.0,-17000.0
2009-05-28,claims,ICSA,DOL,1985-12-21,level,370000.0,382000.0,0.0,naive_prior,382000.0,-12000.0
2009-05-28,claims,ICSA,DOL,1985-12-28,level,390000.0,370000.0,0.0,naive_prior,370000.0,20000.0
2009-05-28,claims,ICSA,DOL,1986-01-04,level,362000.0,390000.0,0.0,naive_prior,390000.0,-28000.0
2009-05-28,claims,ICSA,DOL,1986-01-11,level,397000.0,362000.0,0.0,naive_prior,362000.0,35000.0
2009-05-28,claims,ICSA,DOL,1986-01-18,level,364000.0,397000.0,0.0,naive_prior,397000.0,-33000.0
2009-05-28,claims,ICSA,DOL,1986-01-25,level,344000.0,364000.0,0.0,naive_prior,364000.0,-20000.0
2009-05-28,claims,ICSA,DOL,1986-02-01,level,364000.0,344000.0,0.0,naive_prior,344000.0,20000.0
2009-05-28,claims,ICSA,DOL,1986-02-08,level,366000.0,364000.0,0.0,naive_prior,364000.0,2000.0
2009-05-28,claims,ICSA,DOL,1986-02-15,level,358000.0,366000.0,0.0,naive_prior,366000.0,-8000.0
2009-05-28,claims,ICSA,DOL,1986-02-22,level,390000.0,358000.0,0.0,naive_prior,358000.0,32000.0
2009-05-28,claims,ICSA,DOL,1986-03-01,level,375000.0,390000.0,0.0,naive_prior,390000.0,-15000.0
2009-05-28,claims,ICSA,DOL,1986-03-08,level,366000.0,375000.0,0.0,naive_prior,375000.0,-9000.0
2009-05-28,claims,ICSA,DOL,1986-03-15,level,382000.0,366000.0,0.0,naive_prior,366000.0,16000.0
2009-05-28,claims,ICSA,DOL,1986-03-22,level,387000.0,382000.0,0.0,naive_prior,382000.0,5000.0
2009-05-28,claims,ICSA,DOL,1986-03-29,level,396000.0,387000.0,0.0,naive_prior,387000.0,9000.0
2009-05-28,claims,ICSA,DOL,1986-04-05,level,381000.0,396000.0,0.0,naive_prior,396000.0,-15000.0
2009-05-28,claims,ICSA,DOL,1986-04-12,level,388000.0,381000.0,0.0,naive_prior,381000.0,7000.0
2009-05-28,claims,ICSA,DOL,1986-04-19,level,383000.0,388000.0,0.0,naive_prior,388000.0,-5000.0
2009-05-28,claims,ICSA,DOL,1986-04-26,level,391000.0,383000.0,0.0,naive_prior,383000.0,8000.0
2009-05-28,claims,ICSA,DOL,1986-05-03,level,392000.0,391000.0,0.0,naive_prior,391000.0,1000.0
2009-05-28,claims,ICSA,DOL,1986-05-10,level,395000.0,392000.0,0.0,naive_prior,392000.0,3000.0
2009-05-28,claims,ICSA,DOL,1986-05-17,level,384000.0,395000.0,0.0,naive_prior,395000.0,-11000.0
2009-05-28,claims,ICSA,DOL,1986-05-24,level,386000.0,384000.0,0.0,naive_prior,384000.0,2000.0
2009-05-28,claims,ICSA,DOL,1986-05-31,level,373000.0,386000.0,0.0,naive_prior,386000.0,-13000.0
2009-05-28,claims,ICSA,DOL,1986-06-07,level,375000.0,373000.0,0.0,naive_prior,373000.0,2000.0
2009-05-28,claims,ICSA,DOL,1986-06-14,level,369000.0,375000.0,0.0,naive_prior,375000.0,-6000.0
2009-05-28,claims,ICSA,DOL,1986-06-21,level,367000.0,369000.0,0.0,naive_prior,369000.0,-2000.0
2009-05-28,claims,ICSA,DOL,1986-06-28,level,371000.0,367000.0,0.0,naive_prior,367000.0,4000.0
2009-05-28,claims,ICSA,DOL,1986-07-05,level,371000.0,371000.0,0.0,naive_prior,371000.0,0.0
2009-05-28,claims,ICSA,DOL,1986-07-12,level,361000.0,371000.0,0.0,naive_prior,371000.0,-10000.0
2009-05-28,claims,ICSA,DOL,1986-07-19,level,354000.0,361000.0,0.0,naive_prior,361000.0,-7000.0
2009-05-28,claims,ICSA,DOL,1986-07-26,level,362000.0,354000.0,0.0,naive_prior,354000.0,8000.0
2009-05-28,claims,ICSA,DOL,1986-08-02,level,416000.0,362000.0,0.0,naive_prior,362000.0,54000.0
2009-05-28,claims,ICSA,DOL,1986-08-09,level,416000.0,416000.0,0.0,naive_prior,416000.0,0.0
2009-05-28,claims,ICSA,DOL,1986-08-16,level,407000.0,416000.0,0.0,naive_prior,416000.0,-9000.0
2009-05-28,claims,ICSA,DOL,1986-08-23,level,397000.0,407000.0,0.0,naive_prior,407000.0,-10000.0
2009-05-28,claims,ICSA,DOL,1986-08-30,level,401000.0,397000.0,0.0,naive_prior,397000.0,4000.0
2009-05-28,claims,ICSA,DOL,1986-09-06,level,400000.0,401000.0,0.0,naive_prior,401000.0,-1000.0
2009-05-28,claims,ICSA,DOL,1986-09-13,level,394000.0,400000.0,0.0,naive_prior,400000.0,-6000.0
2009-05-28,claims,ICSA,DOL,1986-09-20,level,399000.0,394000.0,0.0,naive_prior,394000.0,5000.0
2009-05-28,claims,ICSA,DOL,1986-09-27,level,389000.0,399000.0,0.0,naive_prior,399000.0,-10000.0
2009-05-28,claims,ICSA,DOL,1986-10-04,level,391000.0,389000.0,0.0,naive_prior,389000.0,2000.0
2009-05-28,claims,ICSA,DOL,1986-10-11,level,387000.0,391000.0,0.0,naive_prior,391000.0,-4000.0
2009-05-28,claims,ICSA,DOL,1986-10-18,level,385000.0,387000.0,0.0,naive_prior,387000.0,-2000.0
2009-05-28,claims,ICSA,DOL,1986-10-25,level,370000.0,385000.0,0.0,naive_prior,385000.0,-15000.0
2009-05-28,claims,ICSA,DOL,1986-11-01,level,364000.0,370000.0,0.0,naive_prior,370000.0,-6000.0
2009-05-28,claims,ICSA,DOL,1986-11-08,level,349000.0,364000.0,0.0,naive_prior,364000.0,-15000.0
2009-05-28,claims,ICSA,DOL,1986-11-15,level,368000.0,349000.0,0.0,naive_prior,349000.0,19000.0
2009-05-28,claims,ICSA,DOL,1986-11-22,level,369000.0,368000.0,0.0,naive_prior,368000.0,1000.0
2009-05-28,claims,ICSA,DOL,1986-11-29,level,366000.0,369000.0,0.0,naive_prior,369000.0,-3000.0
2009-05-28,claims,ICSA,DOL,1986-12-06,level,363000.0,366000.0,0.0,naive_prior,366000.0,-3000.0
2009-05-28,claims,ICSA,DOL,1986-12-13,level,375000.0,363000.0,0.0,naive_prior,363000.0,12000.0
2009-05-28,claims,ICSA,DOL,1986-12-20,level,350000.0,375000.0,0.0,naive_prior,375000.0,-25000.0
2009-05-28,claims,ICSA,DOL,1986-12-27,level,345000.0,350000.0,0.0,naive_prior,350000.0,-5000.0
2009-05-28,claims,ICSA,DOL,1987-01-03,level,323000.0,345000.0,0.0,naive_prior,345000.0,-22000.0
2009-05-28,claims,ICSA,DOL,1987-01-10,level,348000.0,323000.0,0.0,naive_prior,323000.0,25000.0
2009-05-28,claims,ICSA,DOL,1987-01-17,level,341000.0,348000.0,0.0,naive_prior,348000.0,-7000.0
2009-05-28,claims,ICSA,DOL,1987-01-24,level,346000.0,341000.0,0.0,naive_prior,341000.0,5000.0
2009-05-28,claims,ICSA,DOL,1987-01-31,level,370000.0,346000.0,0.0,naive_prior,346000.0,24000.0
2009-05-28,claims,ICSA,DOL,1987-02-07,level,368000.0,370000.0,0.0,naive_prior,370000.0,-2000.0
2009-05-28,claims,ICSA,DOL,1987-02-14,level,338000.0,368000.0,0.0,naive_prior,368000.0,-30000.0
2009-05-28,claims,ICSA,DOL,1987-02-21,level,341000.0,338000.0,0.0,naive_prior,338000.0,3000.0
2009-05-28,claims,ICSA,DOL,1987-02-28,level,348000.0,341000.0,0.0,naive_prior,341000.0,7000.0
2009-05-28,claims,ICSA,DOL,1987-03-07,level,337000.0,348000.0,0.0,naive_prior,348000.0,-11000.0
2009-05-28,claims,ICSA,DOL,1987-03-14,level,335000.0,337000.0,0.0,naive_prior,337000.0,-2000.0
2009-05-28,claims,ICSA,DOL,1987-03-21,level,335000.0,335000.0,0.0,naive_prior,335000.0,0.0
2009-05-28,claims,ICSA,DOL,1987-03-28,level,326000.0,335000.0,0.0,naive_prior,335000.0,-9000.0
2009-05-28,claims,ICSA,DOL,1987-04-04,level,330000.0,326000.0,0.0,naive_prior,326000.0,4000.0
2009-05-28,claims,ICSA,DOL,1987-04-11,level,338000.0,330000.0,0.0,naive_prior,330000.0,8000.0
2009-05-28,claims,ICSA,DOL,1987-04-18,level,349000.0,338000.0,0.0,naive_prior,338000.0,11000.0
2009-05-28,claims,ICSA,DOL,1987-04-25,level,328000.0,349000.0,0.0,naive_prior,349000.0,-21000.0
2009-05-28,claims,ICSA,DOL,1987-05-02,level,330000.0,328000.0,0.0,naive_prior,328000.0,2000.0
2009-05-28,claims,ICSA,DOL,1987-05-09,level,315000.0,330000.0,0.0,naive_prior,330000.0,-15000.0
2009-05-28,claims,ICSA,DOL,1987-05-16,level,341000.0,315000.0,0.0,naive_prior,315000.0,26000.0
2009-05-28,claims,ICSA,DOL,1987-05-23,level,343000.0,341000.0,0.0,naive_prior,341000.0,2000.0
2009-05-28,claims,ICSA,DOL,1987-05-30,level,326000.0,343000.0,0.0,naive_prior,343000.0,-17000.0
2009-05-28,claims,ICSA,DOL,1987-06-06,level,328000.0,326000.0,0.0,naive_prior,326000.0,2000.0
2009-05-28,claims,ICSA,DOL,1987-06-13,level,316000.0,328000.0,0.0,naive_prior,328000.0,-12000.0
2009-05-28,claims,ICSA,DOL,1987-06-20,level,319000.0,316000.0,0.0,naive_prior,316000.0,3000.0
2009-05-28,claims,ICSA,DOL,1987-06-27,level,326000.0,319000.0,0.0,naive_prior,319000.0,7000.0
2009-05-28,claims,ICSA,DOL,1987-07-04,level,326000.0,326000.0,0.0,naive_prior,326000.0,0.0
2009-05-28,claims,ICSA,DOL,1987-07-11,level,317000.0,326000.0,0.0,naive_prior,326000.0,-9000.0
2009-05-28,claims,ICSA,DOL,1987-07-18,level,310000.0,317000.0,0.0,naive_prior,317000.0,-7000.0
2009-05-28,claims,ICSA,DOL,1987-07-25,level,324000.0,310000.0,0.0,naive_prior,310000.0,14000.0
2009-05-28,claims,ICSA,DOL,1987-08-01,level,348000.0,324000.0,0.0,naive_prior,324000.0,24000.0
2009-05-28,claims,ICSA,DOL,1987-08-08,level,327000.0,348000.0,0.0,naive_prior,348000.0,-21000.0
2009-05-28,claims,ICSA,DOL,1987-08-15,level,319000.0,327000.0,0.0,naive_prior,327000.0,-8000.0
2009-05-28,claims,ICSA,DOL,1987-08-22,level,312000.0,319000.0,0.0,naive_prior,319000.0,-7000.0
2009-05-28,claims,ICSA,DOL,1987-08-29,level,322000.0,312000.0,0.0,naive_prior,312000.0,10000.0
2009-05-28,claims,ICSA,DOL,1987-09-05,level,316000.0,322000.0,0.0,naive_prior,322000.0,-6000.0
2009-05-28,claims,ICSA,DOL,1987-09-12,level,297000.0,316000.0,0.0,naive_prior,316000.0,-19000.0
2009-05-28,claims,ICSA,DOL,1987-09-19,level,309000.0,297000.0,0.0,naive_prior,297000.0,12000.0
2009-05-28,claims,ICSA,DOL,1987-09-26,level,317000.0,309000.0,0.0,naive_prior,309000.0,8000.0
2009-05-28,claims,ICSA,DOL,1987-10-03,level,301000.0,317000.0,0.0,naive_prior,317000.0,-16000.0
2009-05-28,claims,ICSA,DOL,1987-10-10,level,308000.0,301000.0,0.0,naive_prior,301000.0,7000.0
2009-05-28,claims,ICSA,DOL,1987-10-17,level,301000.0,308000.0,0.0,naive_prior,308000.0,-7000.0
2009-05-28,claims,ICSA,DOL,1987-10-24,level,301000.0,301000.0,0.0,naive_prior,301000.0,0.0
2009-05-28,claims,ICSA,DOL,1987-10-31,level,289000.0,301000.0,0.0,naive_prior,301000.0,-12000.0
2009-05-28,claims,ICSA,DOL,1987-11-07,level,297000.0,289000.0,0.0,naive_prior,289000.0,8000.0
2009-05-28,claims,ICSA,DOL,1987-11-14,level,307000.0,297000.0,0.0,naive_prior,297000.0,10000.0
2009-05-28,claims,ICSA,DOL,1987-11-21,level,317000.0,307000.0,0.0,naive_prior,307000.0,10000.0
2009-05-28,claims,ICSA,DOL,1987-11-28,level,306000.0,317000.0,0.0,naive_prior,317000.0,-11000.0
2009-05-28,claims,ICSA,DOL,1987-12-05,level,319000.0,306000.0,0.0,naive_prior,306000.0,13000.0
2009-05-28,claims,ICSA,DOL,1987-12-12,level,317000.0,319000.0,0.0,naive_prior,319000.0,-2000.0
2009-05-28,claims,ICSA,DOL,1987-12-19,level,323000.0,317000.0,0.0,naive_prior,317000.0,6000.0
2009-05-28,claims,ICSA,DOL,1987-12-26,level,316000.0,323000.0,0.0,naive_prior,323000.0,-7000.0
2009-05-28,claims,ICSA,DOL,1988-01-02,level,315000.0,316000.0,0.0,naive_prior,316000.0,-1000.0
2009-05-28,claims,ICSA,DOL,1988-01-09,level,325000.0,315000.0,0.0,naive_prior,315000.0,10000.0
2009-05-28,claims,ICSA,DOL,1988-01-16,level,361000.0,325000.0,0.0,naive_prior,325000.0,36000.0
2009-05-28,claims,ICSA,DOL,1988-01-23,level,335000.0,361000.0,0.0,naive_prior,361000.0,-26000.0
2009-05-28,claims,ICSA,DOL,1988-01-30,level,342000.0,335000.0,0.0,naive_prior,335000.0,7000.0
2009-05-28,claims,ICSA,DOL,1988-02-06,level,318000.0,342000.0,0.0,naive_prior,342000.0,-24000.0
2009-05-28,claims,ICSA,DOL,1988-02-13,level,311000.0,318000.0,0.0,naive_prior,318000.0,-7000.0
2009-05-28,claims,ICSA,DOL,1988-02-20,level,327000.0,311000.0,0.0,naive_prior,311000.0,16000.0
2009-05-28,claims,ICSA,DOL,1988-02-27,level,319000.0,327000.0,0.0,naive_prior,327000.0,-8000.0
2009-05-28,claims,ICSA,DOL,1988-03-05,level,307000.0,319000.0,0.0,naive_prior,319000.0,-12000.0
2009-05-28,claims,ICSA,DOL,1988-03-12,level,304000.0,307000.0,0.0,naive_prior,307000.0,-3000.0
2009-05-28,claims,ICSA,DOL,1988-03-19,level,307000.0,304000.0,0.0,naive_prior,304000.0,3000.0
2009-05-28,claims,ICSA,DOL,1988-03-26,level,304000.0,307000.0,0.0,naive_prior,307000.0,-3000.0
2009-05-28,claims,ICSA,DOL,1988-04-02,level,309000.0,304000.0,0.0,naive_prior,304000.0,5000.0
2009-05-28,claims,ICSA,DOL,1988-04-09,level,313000.0,309000.0,0.0,naive_prior,309000.0,4000.0
2009-05-28,claims,ICSA,DOL,1988-04-16,level,314000.0,313000.0,0.0,naive_prior,313000.0,1000.0
2009-05-28,claims,ICSA,DOL,1988-04-23,level,312000.0,314000.0,0.0,naive_prior,314000.0,-2000.0
2009-05-28,claims,ICSA,DOL,1988-04-30,level,313000.0,312000.0,0.0,naive_prior,312000.0,1000.0
2009-05-28,claims,ICSA,DOL,1988-05-07,level,309000.0,313000.0,0.0,naive_prior,313000.0,-4000.0
2009-05-28,claims,ICSA,DOL,1988-05-14,level,314000.0,309000.0,0.0,naive_prior,309000.0,5000.0
2009-05-28,claims,ICSA,DOL,1988-05-21,level,319000.0,314000.0,0.0,naive_prior,314000.0,5000.0
2009-05-28,claims,ICSA,DOL,1988-05-28,level,313000.0,319000.0,0.0,naive_prior,319000.0,-6000.0
2009-05-28,claims,ICSA,DOL,1988-06-04,level,310000.0,313000.0,0.0,naive_prior,313000.0,-3000.0
2009-05-28,claims,ICSA,DOL,1988-06-11,level,305000.0,310000.0,0.0,naive_prior,310000.0,-5000.0
2009-05-28,claims,ICSA,DOL,1988-06-18,level,311000.0,305000.0,0.0,naive_prior,305000.0,6000.0
2009-05-28,claims,ICSA,DOL,1988-06-25,level,307000.0,311000.0,0.0,naive_prior,311000.0,-4000.0
2009-05-28,claims,ICSA,DOL,1988-07-02,level,305000.0,307000.0,0.0,naive_prior,307000.0,-2000.0
2009-05-28,claims,ICSA,DOL,1988-07-09,level,303000.0,305000.0,0.0,naive_prior,305000.0,-2000.0
2009-05-28,claims,ICSA,DOL,1988-07-16,level,315000.0,303000.0,0.0,naive_prior,303000.0,12000.0
2009-05-28,claims,ICSA,DOL,1988-07-23,level,354000.0,315000.0,0.0,naive_prior,315000.0,39000.0
2009-05-28,claims,ICSA,DOL,1988-07-30,level,331000.0,354000.0,0.0,naive_prior,354000.0,-23000.0
2009-05-28,claims,ICSA,DOL,1988-08-06,level,316000.0,331000.0,0.0,naive_prior,331000.0,-15000.0
2009-05-28,claims,ICSA,DOL,1988-08-13,level,312000.0,316000.0,0.0,naive_prior,316000.0,-4000.0
2009-05-28,claims,ICSA,DOL,1988-08-20,level,316000.0,312000.0,0.0,naive_prior,312000.0,4000.0
2009-05-28,claims,ICSA,DOL,1988-08-27,level,315000.0,316000.0,0.0,naive_prior,316000.0,-1000.0
2009-05-28,claims,ICSA,DOL,1988-09-03,level,306000.0,315000.0,0.0,naive_prior,315000.0,-9000.0
2009-05-28,claims,ICSA,DOL,1988-09-10,level,305000.0,306000.0,0.0,naive_prior,306000.0,-1000.0
2009-05-28,claims,ICSA,DOL,1988-09-17,level,306000.0,305000.0,0.0,naive_prior,305000.0,1000.0
2009-05-28,claims,ICSA,DOL,1988-09-24,level,301000.0,306000.0,0.0,naive_prior,306000.0,-5000.0
2009-05-28,claims,ICSA,DOL,1988-10-01,level,292000.0,301000.0,0.0,naive_prior,301000.0,-9000.0
2009-05-28,claims,ICSA,DOL,1988-10-08,level,292000.0,292000.0,0.0,naive_prior,292000.0,0.0
2009-05-28,claims,ICSA,DOL,1988-10-15,level,293000.0,292000.0,0.0,naive_prior,292000.0,1000.0
2009-05-28,claims,ICSA,DOL,1988-10-22,level,286000.0,293000.0,0.0,naive_prior,293000.0,-7000.0
2009-05-28,claims,ICSA,DOL,1988-10-29,level,294000.0,286000.0,0.0,naive_prior,286000.0,8000.0
2009-05-28,claims,ICSA,DOL,1988-11-05,level,285000.0,294000.0,0.0,naive_prior,294000.0,-9000.0
2009-05-28,claims,ICSA,DOL,1988-11-12,level,284000.0,285000.0,0.0,naive_prior,285000.0,-1000.0
2009-05-28,claims,ICSA,DOL,1988-11-19,level,294000.0,284000.0,0.0,naive_prior,284000.0,10000.0
2009-05-28,claims,ICSA,DOL,1988-11-26,level,299000.0,294000.0,0.0,naive_prior,294000.0,5000.0
2009-05-28,claims,ICSA,DOL,1988-12-03,level,298000.0,299000.0,0.0,naive_prior,299000.0,-1000.0
2009-05-28,claims,ICSA,DOL,1988-12-10,level,285000.0,298000.0,0.0,naive_prior,298000.0,-13000.0
2009-05-28,claims,ICSA,DOL,1988-12-17,level,293000.0,285000.0,0.0,naive_prior,285000.0,8000.0
2009-05-28,claims,ICSA,DOL,1988-12-24,level,286000.0,293000.0,0.0,naive_prior,293000.0,-7000.0
2009-05-28,claims,ICSA,DOL,1988-12-31,level,304000.0,286000.0,0.0,naive_prior,286000.0,18000.0
2009-05-28,claims,ICSA,DOL,1989-01-07,level,299000.0,304000.0,0.0,naive_prior,304000.0,-5000.0
2009-05-28,claims,ICSA,DOL,1989-01-14,level,283000.0,299000.0,0.0,naive_prior,299000.0,-16000.0
2009-05-28,claims,ICSA,DOL,1989-01-21,level,282000.0,283000.0,0.0,naive_prior,283000.0,-1000.0
2009-05-28,claims,ICSA,DOL,1989-01-28,level,295000.0,282000.0,0.0,naive_prior,282000.0,13000.0
2009-05-28,claims,ICSA,DOL,1989-02-04,level,288000.0,295000.0,0.0,naive_prior,295000.0,-7000.0
2009-05-28,claims,ICSA,DOL,1989-02-11,level,322000.0,288000.0,0.0,naive_prior,288000.0,34000.0
2009-05-28,claims,ICSA,DOL,1989-02-18,level,305000.0,322000.0,0.0,naive_prior,322000.0,-17000.0
2009-05-28,claims,ICSA,DOL,1989-02-25,level,300000.0,305000.0,0.0,naive_prior,305000.0,-5000.0
2009-05-28,claims,ICSA,DOL,1989-03-04,level,325000.0,300000.0,0.0,naive_prior,300000.0,25000.0
2009-05-28,claims,ICSA,DOL,1989-03-11,level,325000.0,325000.0,0.0,naive_prior,325000.0,0.0
2009-05-28,claims,ICSA,DOL,1989-03-18,level,319000.0,325000.0,0.0,naive_prior,325000.0,-6000.0
2009-05-28,claims,ICSA,DOL,1989-03-25,level,319000.0,319000.0,0.0,naive_prior,319000.0,0.0
2009-05-28,claims,ICSA,DOL,1989-04-01,level,323000.0,319000.0,0.0,naive_prior,319000.0,4000.0
2009-05-28,claims,ICSA,DOL,1989-04-08,level,314000.0,323000.0,0.0,naive_prior,323000.0,-9000.0
2009-05-28,claims,ICSA,DOL,1989-04-15,level,307000.0,314000.0,0.0,naive_prior,314000.0,-7000.0
2009-05-28,claims,ICSA,DOL,1989-04-22,level,304000.0,307000.0,0.0,naive_prior,307000.0,-3000.0
2009-05-28,claims,ICSA,DOL,1989-04-29,level,311000.0,304000.0,0.0,naive_prior,304000.0,7000.0
2009-05-28,claims,ICSA,DOL,1989-05-06,level,320000.0,311000.0,0.0,naive_prior,311000.0,9000.0
2009-05-28,claims,ICSA,DOL,1989-05-13,level,332000.0,320000.0,0.0,naive_prior,320000.0,12000.0
2009-05-28,claims,ICSA,DOL,1989-05-20,level,321000.0,332000.0,0.0,naive_prior,332000.0,-11000.0
2009-05-28,claims,ICSA,DOL,1989-05-27,level,325000.0,321000.0,0.0,naive_prior,321000.0,4000.0
2009-05-28,claims,ICSA,DOL,1989-06-03,level,325000.0,325000.0,0.0,naive_prior,325000.0,0.0
2009-05-28,claims,ICSA,DOL,1989-06-10,level,332000.0,325000.0,0.0,naive_prior,325000.0,7000.0
2009-05-28,claims,ICSA,DOL,1989-06-17,level,337000.0,332000.0,0.0,naive_prior,332000.0,5000.0
2009-05-28,claims,ICSA,DOL,1989-06-24,level,338000.0,337000.0,0.0,naive_prior,337000.0,1000.0
2009-05-28,claims,ICSA,DOL,1989-07-01,level,349000.0,338000.0,0.0,naive_prior,338000.0,11000.0
2009-05-28,claims,ICSA,DOL,1989-07-08,level,341000.0,349000.0,0.0,naive_prior,349000.0,-8000.0
2009-05-28,claims,ICSA,DOL,1989-07-15,level,349000.0,341000.0,0.0,naive_prior,341000.0,8000.0
2009-05-28,claims,ICSA,DOL,1989-07-22,level,332000.0,349000.0,0.0,naive_prior,349000.0,-17000.0
2009-05-28,claims,ICSA,DOL,1989-07-29,level,337000.0,332000.0,0.0,naive_prior,332000.0,5000.0
2009-05-28,claims,ICSA,DOL,1989-08-05,level,338000.0,337000.0,0.0,naive_prior,337000.0,1000.0
2009-05-28,claims,ICSA,DOL,1989-08-12,level,341000.0,338000.0,0.0,naive_prior,338000.0,3000.0
2009-05-28,claims,ICSA,DOL,1989-08-19,level,327000.0,341000.0,0.0,naive_prior,341000.0,-14000.0
2009-05-28,claims,ICSA,DOL,1989-08-26,level,332000.0,327000.0,0.0,naive_prior,327000.0,5000.0
2009-05-28,claims,ICSA,DOL,1989-09-02,level,329000.0,332000.0,0.0,naive_prior,332000.0,-3000.0
2009-05-28,claims,ICSA,DOL,1989-09-09,level,336000.0,329000.0,0.0,naive_prior,329000.0,7000.0
2009-05-28,claims,ICSA,DOL,1989-09-16,level,334000.0,336000.0,0.0,naive_prior,336000.0,-2000.0
2009-05-28,claims,ICSA,DOL,1989-09-23,level,334000.0,334000.0,0.0,naive_prior,334000.0,0.0
2009-05-28,claims,ICSA,DOL,1989-09-30,level,347000.0,334000.0,0.0,naive_prior,334000.0,13000.0
2009-05-28,claims,ICSA,DOL,1989-10-07,level,407000.0,347000.0,0.0,naive_prior,347000.0,60000.0
2009-05-28,claims,ICSA,DOL,1989-10-14,level,345000.0,407000.0,0.0,naive_prior,407000.0,-62000.0
2009-05-28,claims,ICSA,DOL,1989-10-21,level,347000.0,345000.0,0.0,naive_prior,345000.0,2000.0
2009-05-28,claims,ICSA,DOL,1989-10-28,level,354000.0,347000.0,0.0,naive_prior,347000.0,7000.0
2009-05-28,claims,ICSA,DOL,1989-11-04,level,333000.0,354000.0,0.0,naive_prior,354000.0,-21000.0
2009-05-28,claims,ICSA,DOL,1989-11-11,level,336000.0,333000.0,0.0,naive_prior,333000.0,3000.0
2009-05-28,claims,ICSA,DOL,1989-11-18,level,336000.0,336000.0,0.0,naive_prior,336000.0,0.0
2009-05-28,claims,ICSA,DOL,1989-11-25,level,342000.0,336000.0,0.0,naive_prior,336000.0,6000.0
2009-05-28,claims,ICSA,DOL,1989-12-02,level,344000.0,342000.0,0.0,naive_prior,342000.0,2000.0
2009-05-28,claims,ICSA,DOL,1989-12-09,level,338000.0,344000.0,0.0,naive_prior,344000.0,-6000.0
2009-05-28,claims,ICSA,DOL,1989-12-16,level,355000.0,338000.0,0.0,naive_prior,338000.0,17000.0
2009-05-28,claims,ICSA,DOL,1989-12-23,level,381000.0,355000.0,0.0,naive_prior,355000.0,26000.0
2009-05-28,claims,ICSA,DOL,1989-12-30,level,358000.0,381000.0,0.0,naive_prior,381000.0,-23000.0
2009-05-28,claims,ICSA,DOL,1990-01-06,level,355000.0,358000.0,0.0,naive_prior,358000.0,-3000.0
2009-05-28,claims,ICSA,DOL,1990-01-13,level,369000.0,355000.0,0.0,naive_prior,355000.0,14000.0
2009-05-28,claims,ICSA,DOL,1990-01-20,level,375000.0,369000.0,0.0,naive_prior,369000.0,6000.0
2009-05-28,claims,ICSA,DOL,1990-01-27,level,345000.0,375000.0,0.0,naive_prior,375000.0,-30000.0
2009-05-28,claims,ICSA,DOL,1990-02-03,level,368000.0,345000.0,0.0,naive_prior,345000.0,23000.0
2009-05-28,claims,ICSA,DOL,1990-02-10,level,367000.0,368000.0,0.0,naive_prior,368000.0,-1000.0
2009-05-28,claims,ICSA,DOL,1990-02-17,level,348000.0,367000.0,0.0,naive_prior,367000.0,-19000.0
2009-05-28,claims,ICSA,DOL,1990-02-24,level,350000.0,348000.0,0.0,naive_prior,348000.0,2000.0
2009-05-28,claims,ICSA,DOL,1990-03-03,level,351000.0,350000.0,0.0,naive_prior,350000.0,1000.0
2009-05-28,claims,ICSA,DOL,1990-03-10,level,349000.0,351000.0,0.0,naive_prior,351000.0,-2000.0
2009-05-28,claims,ICSA,DOL,1990-03-17,level,349000.0,349000.0,0.0,naive_prior,349000.0,0.0
2009-05-28,claims,ICSA,DOL,1990-03-24,level,331000.0,349000.0,0.0,naive_prior,349000.0,-18000.0
2009-05-28,claims,ICSA,DOL,1990-03-31,level,346000.0,331000.0,0.0,naive_prior,331000.0,15000.0
2009-05-28,claims,ICSA,DOL,1990-04-07,level,367000.0,346000.0,0.0,naive_prior,346000.0,21000.0
2009-05-28,claims,ICSA,DOL,1990-04-14,level,357000.0,367000.0,0.0,naive_prior,367000.0,-10000.0
2009-05-28,claims,ICSA,DOL,1990-04-21,level,360000.0,357000.0,0.0,naive_prior,357000.0,3000.0
2009-05-28,claims,ICSA,DOL,1990-04-28,level,363000.0,360000.0,0.0,naive_prior,360000.0,3000.0
2009-05-28,claims,ICSA,DOL,1990-05-05,level,354000.0,363000.0,0.0,naive_prior,363000.0,-9000.0
2009-05-28,claims,ICSA,DOL,1990-05-12,level,355000.0,354000.0,0.0,naive_prior,354000.0,1000.0
2009-05-28,claims,ICSA,DOL,1990-05-19,level,353000.0,355000.0,0.0,naive_prior,355000.0,-2000.0
2009-05-28,claims,ICSA,DOL,1990-05-26,level,359000.0,353000.0,0.0,naive_prior,353000.0,6000.0
2009-05-28,claims,ICSA,DOL,1990-06-02,level,368000.0,359000.0,0.0,naive_prior,359000.0,9000.0
2009-05-28,claims,ICSA,DOL,1990-06-09,level,359000.0,368000.0,0.0,naive_prior,368000.0,-9000.0
2009-05-28,claims,ICSA,DOL,1990-06-16,level,359000.0,359000.0,0.0,naive_prior,359000.0,0.0
2009-05-28,claims,ICSA,DOL,1990-06-23,level,362000.0,359000.0,0.0,naive_prior,359000.0,3000.0
2009-05-28,claims,ICSA,DOL,1990-06-30,level,364000.0,362000.0,0.0,naive_prior,362000.0,2000.0
2009-05-28,claims,ICSA,DOL,1990-07-07,level,362000.0,364000.0,0.0,naive_prior,364000.0,-2000.0
2009-05-28,claims,ICSA,DOL,1990-07-14,level,367000.0,362000.0,0.0,naive_prior,362000.0,5000.0
2009-05-28,claims,ICSA,DOL,1990-07-21,level,370000.0,367000.0,0.0,naive_prior,367000.0,3000.0
2009-05-28,claims,ICSA,DOL,1990-07-28,level,369000.0,370000.0,0.0,naive_prior,370000.0,-1000.0
2009-05-28,claims,ICSA,DOL,1990-08-04,level,369000.0,369000.0,0.0,naive_prior,369000.0,0.0
2009-05-28,claims,ICSA,DOL,1990-08-11,level,381000.0,369000.0,0.0,naive_prior,369000.0,12000.0
2009-05-28,claims,ICSA,DOL,1990-08-18,level,393000.0,381000.0,0.0,naive_prior,381000.0,12000.0
2009-05-28,claims,ICSA,DOL,1990-08-25,level,394000.0,393000.0,0.0,naive_prior,393000.0,1000.0
2009-05-28,claims,ICSA,DOL,1990-09-01,level,392000.0,394000.0,0.0,naive_prior,394000.0,-2000.0
2009-05-28,claims,ICSA,DOL,1990-09-08,level,390000.0,392000.0,0.0,naive_prior,392000.0,-2000.0
2009-05-28,claims,ICSA,DOL,1990-09-15,level,395000.0,390000.0,0.0,naive_prior,390000.0,5000.0
2009-05-28,claims,ICSA,DOL,1990-09-22,level,389000.0,395000.0,0.0,naive_prior,395000.0,-6000.0
2009-05-28,claims,ICSA,DOL,1990-09-29,level,404000.0,389000.0,0.0,naive_prior,389000.0,15000.0
2009-05-28,claims,ICSA,DOL,1990-10-06,level,404000.0,404000.0,0.0,naive_prior,404000.0,0.0
2009-05-28,claims,ICSA,DOL,1990-10-13,level,422000.0,404000.0,0.0,naive_prior,404000.0,18000.0
2009-05-28,claims,ICSA,DOL,1990-10-20,level,435000.0,422000.0,0.0,naive_prior,422000.0,13000.0
2009-05-28,claims,ICSA,DOL,1990-10-27,level,440000.0,435000.0,0.0,naive_prior,435000.0,5000.0
2009-05-28,claims,ICSA,DOL,1990-11-03,level,430000.0,440000.0,0.0,naive_prior,440000.0,-10000.0
2009-05-28,claims,ICSA,DOL,1990-11-10,level,448000.0,430000.0,0.0,naive_prior,430000.0,18000.0
2009-05-28,claims,ICSA,DOL,1990-11-17,level,447000.0,448000.0,0.0,naive_prior,448000.0,-1000.0
2009-05-28,claims,ICSA,DOL,1990-11-24,level,462000.0,447000.0,0.0,naive_prior,447000.0,15000.0
2009-05-28,claims,ICSA,DOL,1990-12-01,level,451000.0,462000.0,0.0,naive_prior,462000.0,-11000.0
2009-05-28,claims,ICSA,DOL,1990-12-08,level,449000.0,451000.0,0.0,naive_prior,451000.0,-2000.0
2009-05-28,claims,ICSA,DOL,1990-12-15,level,447000.0,449000.0,0.0,naive_prior,449000.0,-2000.0
2009-05-28,claims,ICSA,DOL,1990-12-22,level,474000.0,447000.0,0.0,naive_prior,447000.0,27000.0
2009-05-28,claims,ICSA,DOL,1990-12-29,level,454000.0,474000.0,0.0,naive_prior,474000.0,-20000.0
2009-05-28,claims,ICSA,DOL,1991-01-05,level,415000.0,454000.0,0.0,naive_prior,454000.0,-39000.0
2009-05-28,claims,ICSA,DOL,1991-01-12,level,437000.0,415000.0,0.0,naive_prior,415000.0,22000.0
2009-05-28,claims,ICSA,DOL,1991-01-19,level,445000.0,437000.0,0.0,naive_prior,437000.0,8000.0
2009-05-28,claims,ICSA,DOL,1991-01-26,level,462000.0,445000.0,0.0,naive_prior,445000.0,17000.0
2009-05-28,claims,ICSA,DOL,1991-02-02,level,483000.0,462000.0,0.0,naive_prior,462000.0,21000.0
2009-05-28,claims,ICSA,DOL,1991-02-09,level,480000.0,483000.0,0.0,naive_prior,483000.0,-3000.0
2009-05-28,claims,ICSA,DOL,1991-02-16,level,474000.0,480000.0,0.0,naive_prior,480000.0,-6000.0
2009-05-28,claims,ICSA,DOL,1991-02-23,level,499000.0,474000.0,0.0,naive_prior,474000.0,25000.0
2009-05-28,claims,ICSA,DOL,1991-03-02,level,488000.0,499000.0,0.0,naive_prior,499000.0,-11000.0
2009-05-28,claims,ICSA,DOL,1991-03-09,level,499000.0,488000.0,0.0,naive_prior,488000.0,11000.0
2009-05-28,claims,ICSA,DOL,1991-03-16,level,498000.0,499000.0,0.0,naive_prior,499000.0,-1000.0
2009-05-28,claims,ICSA,DOL,1991-03-23,level,509000.0,498000.0,0.0,naive_prior,498000.0,11000.0
2009-05-28,claims,ICSA,DOL,1991-03-30,level,499000.0,509000.0,0.0,naive_prior,509000.0,-10000.0
2009-05-28,claims,ICSA,DOL,1991-04-06,level,452000.0,499000.0,0.0,naive_prior,499000.0,-47000.0
2009-05-28,claims,ICSA,DOL,1991-04-13,level,477000.0,452000.0,0.0,naive_prior,452000.0,25000.0
2009-05-28,claims,ICSA,DOL,1991-04-20,level,478000.0,477000.0,0.0,naive_prior,477000.0,1000.0
2009-05-28,claims,ICSA,DOL,1991-04-27,level,462000.0,478000.0,0.0,naive_prior,478000.0,-16000.0
2009-05-28,claims,ICSA,DOL,1991-05-04,level,451000.0,462000.0,0.0,naive_prior,462000.0,-11000.0
2009-05-28,claims,ICSA,DOL,1991-05-11,level,446000.0,451000.0,0.0,naive_prior,451000.0,-5000.0
2009-05-28,claims,ICSA,DOL,1991-05-18,level,448000.0,446000.0,0.0,naive_prior,446000.0,2000.0
2009-05-28,claims,ICSA,DOL,1991-05-25,level,443000.0,448000.0,0.0,naive_prior,448000.0,-5000.0
2009-05-28,claims,ICSA,DOL,1991-06-01,level,432000.0,443000.0,0.0,naive_prior,443000.0,-11000.0
2009-05-28,claims,ICSA,DOL,1991-06-08,level,441000.0,432000.0,0.0,naive_prior,432000.0,9000.0
2009-05-28,claims,ICSA,DOL,1991-06-15,level,429000.0,441000.0,0.0,naive_prior,441000.0,-12000.0
2009-05-28,claims,ICSA,DOL,1991-06-22,level,423000.0,429000.0,0.0,naive_prior,429000.0,-6000.0
2009-05-28,claims,ICSA,DOL,1991-06-29,level,418000.0,423000.0,0.0,naive_prior,423000.0,-5000.0
2009-05-28,claims,ICSA,DOL,1991-07-06,level,422000.0,418000.0,0.0,naive_prior,418000.0,4000.0
2009-05-28,claims,ICSA,DOL,1991-07-13,level,420000.0,422000.0,0.0,naive_prior,422000.0,-2000.0
2009-05-28,claims,ICSA,DOL,1991-07-20,level,408000.0,420000.0,0.0,naive_prior,420000.0,-12000.0
2009-05-28,claims,ICSA,DOL,1991-07-27,level,423000.0,408000.0,0.0,naive_prior,408000.0,15000.0
2009-05-28,claims,ICSA,DOL,1991-08-03,level,438000.0,423000.0,0.0,naive_prior,423000.0,15000.0
2009-05-28,claims,ICSA,DOL,1991-08-10,level,437000.0,438000.0,0.0,naive_prior,438000.0,-1000.0
2009-05-28,claims,ICSA,DOL,1991-08-17,level,433000.0,437000.0,0.0,naive_prior,437000.0,-4000.0
2009-05-28,claims,ICSA,DOL,1991-08-24,level,425000.0,433000.0,0.0,naive_prior,433000.0,-8000.0
2009-05-28,claims,ICSA,DOL,1991-08-31,level,425000.0,425000.0,0.0,naive_prior,425000.0,0.0
2009-05-28,claims,ICSA,DOL,1991-09-07,level,424000.0,425000.0,0.0,naive_prior,425000.0,-1000.0
2009-05-28,claims,ICSA,DOL,1991-09-14,level,418000.0,424000.0,0.0,naive_prior,424000.0,-6000.0
2009-05-28,claims,ICSA,DOL,1991-09-21,level,419000.0,418000.0,0.0,naive_prior,418000.0,1000.0
2009-05-28,claims,ICSA,DOL,1991-09-28,level,437000.0,419000.0,0.0,naive_prior,419000.0,18000.0
2009-05-28,claims,ICSA,DOL,1991-10-05,level,424000.0,437000.0,0.0,naive_prior,437000.0,-13000.0
2009-05-28,claims,ICSA,DOL,1991-10-12,level,425000.0,424000.0,0.0,naive_prior,424000.0,1000.0
2009-05-28,claims,ICSA,DOL,1991-10-19,level,419000.0,425000.0,0.0,naive_prior,425000.0,-6000.0
2009-05-28,claims,ICSA,DOL,1991-10-26,level,423000.0,419000.0,0.0,naive_prior,419000.0,4000.0
2009-05-28,claims,ICSA,DOL,1991-11-02,level,447000.0,423000.0,0.0,naive_prior,423000.0,24000.0
2009-05-28,claims,ICSA,DOL,1991-11-09,level,453000.0,447000.0,0.0,naive_prior,447000.0,6000.0
2009-05-28,claims,ICSA,DOL,1991-11-16,level,439000.0,453000.0,0.0,naive_prior,453000.0,-14000.0
2009-05-28,claims,ICSA,DOL,1991-11-23,level,444000.0,439000.0,0.0,naive_prior,439000.0,5000.0
2009-05-28,claims,ICSA,DOL,1991-11-30,level,444000.0,444000.0,0.0,naive_prior,444000.0,0.0
2009-05-28,claims,ICSA,DOL,1991-12-07,level,475000.0,444000.0,0.0,naive_prior,444000.0,31000.0
2009-05-28,claims,ICSA,DOL,1991-12-14,level,475000.0,475000.0,0.0,naive_prior,475000.0,0.0
2009-05-28,claims,ICSA,DOL,1991-12-21,level,436000.0,475000.0,0.0,naive_prior,475000.0,-39000.0
2009-05-28,claims,ICSA,DOL,1991-12-28,level,441000.0,436000.0,0.0,naive_prior,436000.0,5000.0
2009-05-28,claims,ICSA,DOL,1992-01-04,level,432000.0,441000.0,0.0,naive_prior,441000.0,-9000.0
2009-05-28,claims,ICSA,DOL,1992-01-11,level,440000.0,432000.0,0.0,naive_prior,432000.0,8000.0
2009-05-28,claims,ICSA,DOL,1992-01-18,level,443000.0,440000.0,0.0,naive_prior,440000.0,3000.0
2009-05-28,claims,ICSA,DOL,1992-01-25,level,441000.0,443000.0,0.0,naive_prior,443000.0,-2000.0
2009-05-28,claims,ICSA,DOL,1992-02-01,level,440000.0,441000.0,0.0,naive_prior,441000.0,-1000.0
2009-05-28,claims,ICSA,DOL,1992-02-08,level,445000.0,440000.0,0.0,naive_prior,440000.0,5000.0
2009-05-28,claims,ICSA,DOL,1992-02-15,level,446000.0,445000.0,0.0,naive_prior,445000.0,1000.0
2009-05-28,claims,ICSA,DOL,1992-02-22,level,436000.0,446000.0,0.0,naive_prior,446000.0,-10000.0
2009-05-28,claims,ICSA,DOL,1992-02-29,level,444000.0,436000.0,0.0,naive_prior,436000.0,8000.0
2009-05-28,claims,ICSA,DOL,1992-03-07,level,421000.0,444000.0,0.0,naive_prior,444000.0,-23000.0
2009-05-28,claims,ICSA,DOL,1992-03-14,level,437000.0,421000.0,0.0,naive_prior,421000.0,16000.0
2009-05-28,claims,ICSA,DOL,1992-03-21,level,440000.0,437000.0,0.0,naive_prior,437000.0,3000.0
2009-05-28,claims,ICSA,DOL,1992-03-28,level,420000.0,440000.0,0.0,naive_prior,440000.0,-20000.0
2009-05-28,claims,ICSA,DOL,1992-04-04,level,412000.0,420000.0,0.0,naive_prior,420000.0,-8000.0
2009-05-28,claims,ICSA,DOL,1992-04-11,level,413000.0,412000.0,0.0,naive_prior,412000.0,1000.0
2009-05-28,claims,ICSA,DOL,1992-04-18,level,424000.0,413000.0,0.0,naive_prior,413000.0,11000.0
2009-05-28,claims,ICSA,DOL,1992-04-25,level,424000.0,424000.0,0.0,naive_prior,424000.0,0.0
2009-05-28,claims,ICSA,DOL,1992-05-02,level,431000.0,424000.0,0.0,naive_prior,424000.0,7000.0
2009-05-28,claims,ICSA,DOL,1992-05-09,level,417000.0,431000.0,0.0,naive_prior,431000.0,-14000.0
2009-05-28,claims,ICSA,DOL,1992-05-16,level,414000.0,417000.0,0.0,naive_prior,417000.0,-3000.0
2009-05-28,claims,ICSA,DOL,1992-05-23,level,414000.0,414000.0,0.0,naive_prior,414000.0,0.0
2009-05-28,claims,ICSA,DOL,1992-05-30,level,411000.0,414000.0,0.0,naive_prior,414000.0,-3000.0
2009-05-28,claims,ICSA,DOL,1992-06-06,level,416000.0,411000.0,0.0,naive_prior,411000.0,5000.0
2009-05-28,claims,ICSA,DOL,1992-06-13,level,420000.0,416000.0,0.0,naive_prior,416000.0,4000.0
2009-05-28,claims,ICSA,DOL,1992-06-20,level,419000.0,420000.0,0.0,naive_prior,420000.0,-1000.0
2009-05-28,claims,ICSA,DOL,1992-06-27,level,420000.0,419000.0,0.0,naive_prior,419000.0,1000.0
2009-05-28,claims,ICSA,DOL,1992-07-04,level,407000.0,420000.0,0.0,naive_prior,420000.0,-13000.0
2009-05-28,claims,ICSA,DOL,1992-07-11,level,408000.0,407000.0,0.0,naive_prior,407000.0,1000.0
2009-05-28,claims,ICSA,DOL,1992-07-18,level,392000.0,408000.0,0.0,naive_prior,408000.0,-16000.0
2009-05-28,claims,ICSA,DOL,1992-07-25,level,564000.0,392000.0,0.0,naive_prior,392000.0,172000.0
2009-05-28,claims,ICSA,DOL,1992-08-01,level,423000.0,564000.0,0.0,naive_prior,564000.0,-141000.0
2009-05-28,claims,ICSA,DOL,1992-08-08,level,406000.0,423000.0,0.0,naive_prior,423000.0,-17000.0
2009-05-28,claims,ICSA,DOL,1992-08-15,level,401000.0,406000.0,0.0,naive_prior,406000.0,-5000.0
2009-05-28,claims,ICSA,DOL,1992-08-22,level,398000.0,401000.0,0.0,naive_prior,401000.0,-3000.0
2009-05-28,claims,ICSA,DOL,1992-08-29,level,408000.0,398000.0,0.0,naive_prior,398000.0,10000.0
2009-05-28,claims,ICSA,DOL,1992-09-05,level,416000.0,408000.0,0.0,naive_prior,408000.0,8000.0
2009-05-28,claims,ICSA,DOL,1992-09-12,level,416000.0,416000.0,0.0,naive_prior,416000.0,0.0
2009-05-28,claims,ICSA,DOL,1992-09-19,level,427000.0,416000.0,0.0,naive_prior,416000.0,11000.0
2009-05-28,claims,ICSA,DOL,1992-09-26,level,409000.0,427000.0,0.0,naive_prior,427000.0,-18000.0
2009-05-28,claims,ICSA,DOL,1992-10-03,level,398000.0,409000.0,0.0,naive_prior,409000.0,-11000.0
2009-05-28,claims,ICSA,DOL,1992-10-10,level,374000.0,398000.0,0.0,naive_prior,398000.0,-24000.0
2009-05-28,claims,ICSA,DOL,1992-10-17,level,385000.0,374000.0,0.0,naive_prior,374000.0,11000.0
2009-05-28,claims,ICSA,DOL,1992-10-24,level,367000.0,385000.0,0.0,naive_prior,385000.0,-18000.0
2009-05-28,claims,ICSA,DOL,1992-10-31,level,365000.0,367000.0,0.0,naive_prior,367000.0,-2000.0
2009-05-28,claims,ICSA,DOL,1992-11-07,level,374000.0,365000.0,0.0,naive_prior,365000.0,9000.0
2009-05-28,claims,ICSA,DOL,1992-11-14,level,377000.0,374000.0,0.0,naive_prior,374000.0,3000.0
2009-05-28,claims,ICSA,DOL,1992-11-21,level,357000.0,377000.0,0.0,naive_prior,377000.0,-20000.0
2009-05-28,claims,ICSA,DOL,1992-11-28,level,341000.0,357000.0,0.0,naive_prior,357000.0,-16000.0
2009-05-28,claims,ICSA,DOL,1992-12-05,level,350000.0,341000.0,0.0,naive_prior,341000.0,9000.0
2009-05-28,claims,ICSA,DOL,1992-12-12,level,359000.0,350000.0,0.0,naive_prior,350000.0,9000.0
2009-05-28,claims,ICSA,DOL,1992-12-19,level,334000.0,359000.0,0.0,naive_prior,359000.0,-25000.0
2009-05-28,claims,ICSA,DOL,1992-12-26,level,313000.0,334000.0,0.0,naive_prior,334000.0,-21000.0
2009-05-28,claims,ICSA,DOL,1993-01-02,level,341000.0,313000.0,0.0,naive_prior,313000.0,28000.0
2009-05-28,claims,ICSA,DOL,1993-01-09,level,354000.0,341000.0,0.0,naive_prior,341000.0,13000.0
2009-05-28,claims,ICSA,DOL,1993-01-16,level,352000.0,354000.0,0.0,naive_prior,354000.0,-2000.0
2009-05-28,claims,ICSA,DOL,1993-01-23,level,341000.0,352000.0,0.0,naive_prior,352000.0,-11000.0
2009-05-28,claims,ICSA,DOL,1993-01-30,level,340000.0,341000.0,0.0,naive_prior,341000.0,-1000.0
2009-05-28,claims,ICSA,DOL,1993-02-06,level,319000.0,340000.0,0.0,naive_prior,340000.0,-21000.0
2009-05-28,claims,ICSA,DOL,1993-02-13,level,321000.0,319000.0,0.0,naive_prior,319000.0,2000.0
2009-05-28,claims,ICSA,DOL,1993-02-20,level,351000.0,321000.0,0.0,naive_prior,321000.0,30000.0
2009-05-28,claims,ICSA,DOL,1993-02-27,level,362000.0,351000.0,0.0,naive_prior,351000.0,11000.0
2009-05-28,claims,ICSA,DOL,1993-03-06,level,354000.0,362000.0,0.0,naive_prior,362000.0,-8000.0
2009-05-28,claims,ICSA,DOL,1993-03-13,level,346000.0,354000.0,0.0,naive_prior,354000.0,-8000.0
2009-05-28,claims,ICSA,DOL,1993-03-20,level,338000.0,346000.0,0.0,naive_prior,346000.0,-8000.0
2009-05-28,claims,ICSA,DOL,1993-03-27,level,366000.0,338000.0,0.0,naive_prior,338000.0,28000.0
2009-05-28,claims,ICSA,DOL,1993-04-03,level,365000.0,366000.0,0.0,naive_prior,366000.0,-1000.0
2009-05-28,claims,ICSA,DOL,1993-04-10,level,353000.0,365000.0,0.0,naive_prior,365000.0,-12000.0
2009-05-28,claims,ICSA,DOL,1993-04-17,level,351000.0,353000.0,0.0,naive_prior,353000.0,-2000.0
2009-05-28,claims,ICSA,DOL,1993-04-24,level,350000.0,351000.0,0.0,naive_prior,351000.0,-1000.0
2009-05-28,claims,ICSA,DOL,1993-05-01,level,343000.0,350000.0,0.0,naive_prior,350000.0,-7000.0
2009-05-28,claims,ICSA,DOL,1993-05-08,level,339000.0,343000.0,0.0,naive_prior,343000.0,-4000.0
2009-05-28,claims,ICSA,DOL,1993-05-15,level,345000.0,339000.0,0.0,naive_prior,339000.0,6000.0
2009-05-28,claims,ICSA,DOL,1993-05-22,level,342000.0,345000.0,0.0,naive_prior,345000.0,-3000.0
2009-05-28,claims,ICSA,DOL,1993-05-29,level,349000.0,342000.0,0.0,naive_prior,342000.0,7000.0
2009-05-28,claims,ICSA,DOL,1993-06-05,level,343000.0,349000.0,0.0,naive_prior,349000.0,-6000.0
2009-05-28,claims,ICSA,DOL,1993-06-12,level,343000.0,343000.0,0.0,naive_prior,343000.0,0.0
2009-05-28,claims,ICSA,DOL,1993-06-19,level,345000.0,343000.0,0.0,naive_prior,343000.0,2000.0
2009-05-28,claims,ICSA,DOL,1993-06-26,level,340000.0,345000.0,0.0,naive_prior,345000.0,-5000.0
2009-05-28,claims,ICSA,DOL,1993-07-03,level,334000.0,340000.0,0.0,naive_prior,340000.0,-6000.0
2009-05-28,claims,ICSA,DOL,1993-07-10,level,314000.0,334000.0,0.0,naive_prior,334000.0,-20000.0
2009-05-28,claims,ICSA,DOL,1993-07-17,level,335000.0,314000.0,0.0,naive_prior,314000.0,21000.0
2009-05-28,claims,ICSA,DOL,1993-07-24,level,415000.0,335000.0,0.0,naive_prior,335000.0,80000.0
2009-05-28,claims,ICSA,DOL,1993-07-31,level,356000.0,415000.0,0.0,naive_prior,415000.0,-59000.0
2009-05-28,claims,ICSA,DOL,1993-08-07,level,346000.0,356000.0,0.0,naive_prior,356000.0,-10000.0
2009-05-28,claims,ICSA,DOL,1993-08-14,level,339000.0,346000.0,0.0,naive_prior,346000.0,-7000.0
2009-05-28,claims,ICSA,DOL,1993-08-21,level,342000.0,339000.0,0.0,naive_prior,339000.0,3000.0
2009-05-28,claims,ICSA,DOL,1993-08-28,level,337000.0,342000.0,0.0,naive_prior,342000.0,-5000.0
2009-05-28,claims,ICSA,DOL,1993-09-04,level,334000.0,337000.0,0.0,naive_prior,337000.0,-3000.0
2009-05-28,claims,ICSA,DOL,1993-09-11,level,333000.0,334000.0,0.0,naive_prior,334000.0,-1000.0
2009-05-28,claims,ICSA,DOL,1993-09-18,level,346000.0,333000.0,0.0,naive_prior,333000.0,13000.0
2009-05-28,claims,ICSA,DOL,1993-09-25,level,343000.0,346000.0,0.0,naive_prior,346000.0,-3000.0
2009-05-28,claims,ICSA,DOL,1993-10-02,level,333000.0,343000.0,0.0,naive_prior,343000.0,-10000.0
2009-05-28,claims,ICSA,DOL,1993-10-09,level,355000.0,333000.0,0.0,naive_prior,333000.0,22000.0
2009-05-28,claims,ICSA,DOL,1993-10-16,level,359000.0,355000.0,0.0,naive_prior,355000.0,4000.0
2009-05-28,claims,ICSA,DOL,1993-10-23,level,354000.0,359000.0,0.0,naive_prior,359000.0,-5000.0
2009-05-28,claims,ICSA,DOL,1993-10-30,level,348000.0,354000.0,0.0,naive_prior,354000.0,-6000.0
2009-05-28,claims,ICSA,DOL,1993-11-06,level,350000.0,348000.0,0.0,naive_prior,348000.0,2000.0
2009-05-28,claims,ICSA,DOL,1993-11-13,level,341000.0,350000.0,0.0,naive_prior,350000.0,-9000.0
2009-05-28,claims,ICSA,DOL,1993-11-20,level,336000.0,341000.0,0.0,naive_prior,341000.0,-5000.0
2009-05-28,claims,ICSA,DOL,1993-11-27,level,337000.0,336000.0,0.0,naive_prior,336000.0,1000.0
2009-05-28,claims,ICSA,DOL,1993-12-04,level,337000.0,337000.0,0.0,naive_prior,337000.0,0.0
2009-05-28,claims,ICSA,DOL,1993-12-11,level,334000.0,337000.0,0.0,naive_prior,337000.0,-3000.0
2009-05-28,claims,ICSA,DOL,1993-12-18,level,331000.0,334000.0,0.0,naive_prior,334000.0,-3000.0
2009-05-28,claims,ICSA,DOL,1993-12-25,level,290000.0,331000.0,0.0,naive_prior,331000.0,-41000.0
2009-05-28,claims,ICSA,DOL,1994-01-01,level,341000.0,290000.0,0.0,naive_prior,290000.0,51000.0
2009-05-28,claims,ICSA,DOL,1994-01-08,level,343000.0,341000.0,0.0,naive_prior,341000.0,2000.0
2009-05-28,claims,ICSA,DOL,1994-01-15,level,355000.0,343000.0,0.0,naive_prior,343000.0,12000.0
2009-05-28,claims,ICSA,DOL,1994-01-22,level,351000.0,355000.0,0.0,naive_prior,355000.0,-4000.0
2009-05-28,claims,ICSA,DOL,1994-01-29,level,406000.0,351000.0,0.0,naive_prior,351000.0,55000.0
2009-05-28,claims,ICSA,DOL,1994-02-05,level,361000.0,406000.0,0.0,naive_prior,406000.0,-45000.0
2009-05-28,claims,ICSA,DOL,1994-02-12,level,354000.0,361000.0,0.0,naive_prior,361000.0,-7000.0
2009-05-28,claims,ICSA,DOL,1994-02-19,level,352000.0,354000.0,0.0,naive_prior,354000.0,-2000.0
2009-05-28,claims,ICSA,DOL,1994-02-26,level,327000.0,352000.0,0.0,naive_prior,352000.0,-25000.0
2009-05-28,claims,ICSA,DOL,1994-03-05,level,348000.0,327000.0,0.0,naive_prior,327000.0,21000.0
2009-05-28,claims,ICSA,DOL,1994-03-12,level,341000.0,348000.0,0.0,naive_prior,348000.0,-7000.0
2009-05-28,claims,ICSA,DOL,1994-03-19,level,332000.0,341000.0,0.0,naive_prior,341000.0,-9000.0
2009-05-28,claims,ICSA,DOL,1994-03-26,level,322000.0,332000.0,0.0,naive_prior,332000.0,-10000.0
2009-05-28,claims,ICSA,DOL,1994-04-02,level,342000.0,322000.0,0.0,naive_prior,322000.0,20000.0
2009-05-28,claims,ICSA,DOL,1994-04-09,level,349000.0,342000.0,0.0,naive_prior,342000.0,7000.0
2009-05-28,claims,ICSA,DOL,1994-04-16,level,354000.0,349000.0,0.0,naive_prior,349000.0,5000.0
2009-05-28,claims,ICSA,DOL,1994-04-23,level,331000.0,354000.0,0.0,naive_prior,354000.0,-23000.0
2009-05-28,claims,ICSA,DOL,1994-04-30,level,344000.0,331000.0,0.0,naive_prior,331000.0,13000.0
2009-05-28,claims,ICSA,DOL,1994-05-07,level,371000.0,344000.0,0.0,naive_prior,344000.0,27000.0
2009-05-28,claims,ICSA,DOL,1994-05-14,level,360000.0,371000.0,0.0,naive_prior,371000.0,-11000.0
2009-05-28,claims,ICSA,DOL,1994-05-21,level,357000.0,360000.0,0.0,naive_prior,360000.0,-3000.0
2009-05-28,claims,ICSA,DOL,1994-05-28,level,348000.0,357000.0,0.0,naive_prior,357000.0,-9000.0
2009-05-28,claims,ICSA,DOL,1994-06-04,level,345000.0,348000.0,0.0,naive_prior,348000.0,-3000.0
2009-05-28,claims,ICSA,DOL,1994-06-11,level,338000.0,345000.0,0.0,naive_prior,345000.0,-7000.0
2009-05-28,claims,ICSA,DOL,1994-06-18,level,336000.0,338000.0,0.0,naive_prior,338000.0,-2000.0
2009-05-28,claims,ICSA,DOL,1994-06-25,level,341000.0,336000.0,0.0,naive_prior,336000.0,5000.0
2009-05-28,claims,ICSA,DOL,1994-07-02,level,334000.0,341000.0,0.0,naive_prior,341000.0,-7000.0
2009-05-28,claims,ICSA,DOL,1994-07-09,level,341000.0,334000.0,0.0,naive_prior,334000.0,7000.0
2009-05-28,claims,ICSA,DOL,1994-07-16,level,359000.0,341000.0,0.0,naive_prior,341000.0,18000.0
2009-05-28,claims,ICSA,DOL,1994-07-23,level,345000.0,359000.0,0.0,naive_prior,359000.0,-14000.0
2009-05-28,claims,ICSA,DOL,1994-07-30,level,332000.0,345000.0,0.0,naive_prior,345000.0,-13000.0
2009-05-28,claims,ICSA,DOL,1994-08-06,level,338000.0,332000.0,0.0,naive_prior,332000.0,6000.0
2009-05-28,claims,ICSA,DOL,1994-08-13,level,335000.0,338000.0,0.0,naive_prior,338000.0,-3000.0
2009-05-28,claims,ICSA,DOL,1994-08-20,level,331000.0,335000.0,0.0,naive_prior,335000.0,-4000.0
2009-05-28,claims,ICSA,DOL,1994-08-27,level,341000.0,331000.0,0.0,naive_prior,331000.0,10000.0
2009-05-28,claims,ICSA,DOL,1994-09-03,level,339000.0,341000.0,0.0,naive_prior,341000.0,-2000.0
2009-05-28,claims,ICSA,DOL,1994-09-10,level,331000.0,339000.0,0.0,naive_prior,339000.0,-8000.0
2009-05-28,claims,ICSA,DOL,1994-09-17,level,326000.0,331000.0,0.0,naive_prior,331000.0,-5000.0
2009-05-28,claims,ICSA,DOL,1994-09-24,level,325000.0,326000.0,0.0,naive_prior,326000.0,-1000.0
2009-05-28,claims,ICSA,DOL,1994-10-01,level,330000.0,325000.0,0.0,naive_prior,325000.0,5000.0
2009-05-28,claims,ICSA,DOL,1994-10-08,level,341000.0,330000.0,0.0,naive_prior,330000.0,11000.0
2009-05-28,claims,ICSA,DOL,1994-10-15,level,335000.0,341000.0,0.0,naive_prior,341000.0,-6000.0
2009-05-28,claims,ICSA,DOL,1994-10-22,level,330000.0,335000.0,0.0,naive_prior,335000.0,-5000.0
2009-05-28,claims,ICSA,DOL,1994-10-29,level,331000.0,330000.0,0.0,naive_prior,330000.0,1000.0
2009-05-28,claims,ICSA,DOL,1994-11-05,level,328000.0,331000.0,0.0,naive_prior,331000.0,-3000.0
2009-05-28,claims,ICSA,DOL,1994-11-12,level,329000.0,328000.0,0.0,naive_prior,328000.0,1000.0
2009-05-28,claims,ICSA,DOL,1994-11-19,level,326000.0,329000.0,0.0,naive_prior,329000.0,-3000.0
2009-05-28,claims,ICSA,DOL,1994-11-26,level,329000.0,326000.0,0.0,naive_prior,326000.0,3000.0
2009-05-28,claims,ICSA,DOL,1994-12-03,level,324000.0,329000.0,0.0,naive_prior,329000.0,-5000.0
2009-05-28,claims,ICSA,DOL,1994-12-10,level,329000.0,324000.0,0.0,naive_prior,324000.0,5000.0
2009-05-28,claims,ICSA,DOL,1994-12-17,level,330000.0,329000.0,0.0,naive_prior,329000.0,1000.0
2009-05-28,claims,ICSA,DOL,1994-12-24,level,314000.0,330000.0,0.0,naive_prior,330000.0,-16000.0
2009-05-28,claims,ICSA,DOL,1994-12-31,level,319000.0,314000.0,0.0,naive_prior,314000.0,5000.0
2009-05-28,claims,ICSA,DOL,1995-01-07,level,338000.0,319000.0,0.0,naive_prior,319000.0,19000.0
2009-05-28,claims,ICSA,DOL,1995-01-14,level,347000.0,338000.0,0.0,naive_prior,338000.0,9000.0
2009-05-28,claims,ICSA,DOL,1995-01-21,level,325000.0,347000.0,0.0,naive_prior,347000.0,-22000.0
2009-05-28,claims,ICSA,DOL,1995-01-28,level,324000.0,325000.0,0.0,naive_prior,325000.0,-1000.0
2009-05-28,claims,ICSA,DOL,1995-02-04,level,324000.0,324000.0,0.0,naive_prior,324000.0,0.0
2009-05-28,claims,ICSA,DOL,1995-02-11,level,348000.0,324000.0,0.0,naive_prior,324000.0,24000.0
2009-05-28,claims,ICSA,DOL,1995-02-18,level,343000.0,348000.0,0.0,naive_prior,348000.0,-5000.0
2009-05-28,claims,ICSA,DOL,1995-02-25,level,336000.0,343000.0,0.0,naive_prior,343000.0,-7000.0
2009-05-28,claims,ICSA,DOL,1995-03-04,level,339000.0,336000.0,0.0,naive_prior,336000.0,3000.0
2009-05-28,claims,ICSA,DOL,1995-03-11,level,347000.0,339000.0,0.0,naive_prior,339000.0,8000.0
2009-05-28,claims,ICSA,DOL,1995-03-18,level,343000.0,347000.0,0.0,naive_prior,347000.0,-4000.0
2009-05-28,claims,ICSA,DOL,1995-03-25,level,332000.0,343000.0,0.0,naive_prior,343000.0,-11000.0
2009-05-28,claims,ICSA,DOL,1995-04-01,level,335000.0,332000.0,0.0,naive_prior,332000.0,3000.0
2009-05-28,claims,ICSA,DOL,1995-04-08,level,347000.0,335000.0,0.0,naive_prior,335000.0,12000.0
2009-05-28,claims,ICSA,DOL,1995-04-15,level,355000.0,347000.0,0.0,naive_prior,347000.0,8000.0
2009-05-28,claims,ICSA,DOL,1995-04-22,level,349000.0,355000.0,0.0,naive_prior,355000.0,-6000.0
2009-05-28,claims,ICSA,DOL,1995-04-29,level,365000.0,349000.0,0.0,naive_prior,349000.0,16000.0
2009-05-28,claims,ICSA,DOL,1995-05-06,level,364000.0,365000.0,0.0,naive_prior,365000.0,-1000.0
2009-05-28,claims,ICSA,DOL,1995-05-13,level,366000.0,364000.0,0.0,naive_prior,364000.0,2000.0
2009-05-28,claims,ICSA,DOL,1995-05-20,level,377000.0,366000.0,0.0,naive_prior,366000.0,11000.0
2009-05-28,claims,ICSA,DOL,1995-05-27,level,374000.0,377000.0,0.0,naive_prior,377000.0,-3000.0
2009-05-28,claims,ICSA,DOL,1995-06-03,level,362000.0,374000.0,0.0,naive_prior,374000.0,-12000.0
2009-05-28,claims,ICSA,DOL,1995-06-10,level,367000.0,362000.0,0.0,naive_prior,362000.0,5000.0
2009-05-28,claims,ICSA,DOL,1995-06-17,level,378000.0,367000.0,0.0,naive_prior,367000.0,11000.0
2009-05-28,claims,ICSA,DOL,1995-06-24,level,358000.0,378000.0,0.0,naive_prior,378000.0,-20000.0
2009-05-28,claims,ICSA,DOL,1995-07-01,level,355000.0,358000.0,0.0,naive_prior,358000.0,-3000.0
2009-05-28,claims,ICSA,DOL,1995-07-08,level,372000.0,355000.0,0.0,naive_prior,355000.0,17000.0
2009-05-28,claims,ICSA,DOL,1995-07-15,level,389000.0,372000.0,0.0,naive_prior,372000.0,17000.0
2009-05-28,claims,ICSA,DOL,1995-07-22,level,390000.0,389000.0,0.0,naive_prior,389000.0,1000.0
2009-05-28,claims,ICSA,DOL,1995-07-29,level,351000.0,390000.0,0.0,naive_prior,390000.0,-39000.0
2009-05-28,claims,ICSA,DOL,1995-08-05,level,351000.0,351000.0,0.0,naive_prior,351000.0,0.0
2009-05-28,claims,ICSA,DOL,1995-08-12,level,353000.0,351000.0,0.0,naive_prior,351000.0,2000.0
2009-05-28,claims,ICSA,DOL,1995-08-19,level,362000.0,353000.0,0.0,naive_prior,353000.0,9000.0
2009-05-28,claims,ICSA,DOL,1995-08-26,level,359000.0,362000.0,0.0,naive_prior,362000.0,-3000.0
2009-05-28,claims,ICSA,DOL,1995-09-02,level,355000.0,359000.0,0.0,naive_prior,359000.0,-4000.0
2009-05-28,claims,ICSA,DOL,1995-09-09,level,371000.0,355000.0,0.0,naive_prior,355000.0,16000.0
2009-05-28,claims,ICSA,DOL,1995-09-16,level,376000.0,371000.0,0.0,naive_prior,371000.0,5000.0
2009-05-28,claims,ICSA,DOL,1995-09-23,level,353000.0,376000.0,0.0,naive_prior,376000.0,-23000.0
2009-05-28,claims,ICSA,DOL,1995-09-30,level,355000.0,353000.0,0.0,naive_prior,353000.0,2000.0
2009-05-28,claims,ICSA,DOL,1995-10-07,level,374000.0,355000.0,0.0,naive_prior,355000.0,19000.0
2009-05-28,claims,ICSA,DOL,1995-10-14,level,369000.0,374000.0,0.0,naive_prior,374000.0,-5000.0
2009-05-28,claims,ICSA,DOL,1995-10-21,level,366000.0,369000.0,0.0,naive_prior,369000.0,-3000.0
2009-05-28,claims,ICSA,DOL,1995-10-28,level,377000.0,366000.0,0.0,naive_prior,366000.0,11000.0
2009-05-28,claims,ICSA,DOL,1995-11-04,level,380000.0,377000.0,0.0,naive_prior,377000.0,3000.0
2009-05-28,claims,ICSA,DOL,1995-11-11,level,370000.0,380000.0,0.0,naive_prior,380000.0,-10000.0
2009-05-28,claims,ICSA,DOL,1995-11-18,level,379000.0,370000.0,0.0,naive_prior,370000.0,9000.0
2009-05-28,claims,ICSA,DOL,1995-11-25,level,379000.0,379000.0,0.0,naive_prior,379000.0,0.0
2009-05-28,claims,ICSA,DOL,1995-12-02,level,373000.0,379000.0,0.0,naive_prior,379000.0,-6000.0
2009-05-28,claims,ICSA,DOL,1995-12-09,level,346000.0,373000.0,0.0,naive_prior,373000.0,-27000.0
2009-05-28,claims,ICSA,DOL,1995-12-16,level,373000.0,346000.0,0.0,naive_prior,346000.0,27000.0
2009-05-28,claims,ICSA,DOL,1995-12-23,level,374000.0,373000.0,0.0,naive_prior,373000.0,1000.0
2009-05-28,claims,ICSA,DOL,1995-12-30,level,359000.0,374000.0,0.0,naive_prior,374000.0,-15000.0
2009-05-28,claims,ICSA,DOL,1996-01-06,level,361000.0,359000.0,0.0,naive_prior,359000.0,2000.0
2009-05-28,claims,ICSA,DOL,1996-01-13,level,333000.0,361000.0,0.0,naive_prior,361000.0,-28000.0
2009-05-28,claims,ICSA,DOL,1996-01-20,level,415000.0,333000.0,0.0,naive_prior,333000.0,82000.0
2009-05-28,claims,ICSA,DOL,1996-01-27,level,387000.0,415000.0,0.0,naive_prior,415000.0,-28000.0
2009-05-28,claims,ICSA,DOL,1996-02-03,level,374000.0,387000.0,0.0,naive_prior,387000.0,-13000.0
2009-05-28,claims,ICSA,DOL,1996-02-10,level,387000.0,374000.0,0.0,naive_prior,374000.0,13000.0
2009-05-28,claims,ICSA,DOL,1996-02-17,level,383000.0,387000.0,0.0,naive_prior,387000.0,-4000.0
2009-05-28,claims,ICSA,DOL,1996-02-24,level,365000.0,383000.0,0.0,naive_prior,383000.0,-18000.0
2009-05-28,claims,ICSA,DOL,1996-03-02,level,368000.0,365000.0,0.0,naive_prior,365000.0,3000.0
2009-05-28,claims,ICSA,DOL,1996-03-09,level,361000.0,368000.0,0.0,naive_prior,368000.0,-7000.0
2009-05-28,claims,ICSA,DOL,1996-03-16,level,384000.0,361000.0,0.0,naive_prior,361000.0,23000.0
2009-05-28,claims,ICSA,DOL,1996-03-23,level,426000.0,384000.0,0.0,naive_prior,384000.0,42000.0
2009-05-28,claims,ICSA,DOL,1996-03-30,level,393000.0,426000.0,0.0,naive_prior,426000.0,-33000.0
2009-05-28,claims,ICSA,DOL,1996-04-06,level,369000.0,393000.0,0.0,naive_prior,393000.0,-24000.0
2009-05-28,claims,ICSA,DOL,1996-04-13,level,357000.0,369000.0,0.0,naive_prior,369000.0,-12000.0
2009-05-28,claims,ICSA,DOL,1996-04-20,level,368000.0,357000.0,0.0,naive_prior,357000.0,11000.0
2009-05-28,claims,ICSA,DOL,1996-04-27,level,343000.0,368000.0,0.0,naive_prior,368000.0,-25000.0
2009-05-28,claims,ICSA,DOL,1996-05-04,level,338000.0,343000.0,0.0,naive_prior,343000.0,-5000.0
2009-05-28,claims,ICSA,DOL,1996-05-11,level,352000.0,338000.0,0.0,naive_prior,338000.0,14000.0
2009-05-28,claims,ICSA,DOL,1996-05-18,level,345000.0,352000.0,0.0,naive_prior,352000.0,-7000.0
2009-05-28,claims,ICSA,DOL,1996-05-25,level,343000.0,345000.0,0.0,naive_prior,345000.0,-2000.0
2009-05-28,claims,ICSA,DOL,1996-06-01,level,340000.0,343000.0,0.0,naive_prior,343000.0,-3000.0
2009-05-28,claims,ICSA,DOL,1996-06-08,level,351000.0,340000.0,0.0,naive_prior,340000.0,11000.0
2009-05-28,claims,ICSA,DOL,1996-06-15,level,342000.0,351000.0,0.0,naive_prior,351000.0,-9000.0
2009-05-28,claims,ICSA,DOL,1996-06-22,level,341000.0,342000.0,0.0,naive_prior,342000.0,-1000.0
2009-05-28,claims,ICSA,DOL,1996-06-29,level,337000.0,341000.0,0.0,naive_prior,341000.0,-4000.0
2009-05-28,claims,ICSA,DOL,1996-07-06,level,342000.0,337000.0,0.0,naive_prior,337000.0,5000.0
2009-05-28,claims,ICSA,DOL,1996-07-13,level,347000.0,342000.0,0.0,naive_prior,342000.0,5000.0
2009-05-28,claims,ICSA,DOL,1996-07-20,level,332000.0,347000.0,0.0,naive_prior,347000.0,-15000.0
2009-05-28,claims,ICSA,DOL,1996-07-27,level,327000.0,332000.0,0.0,naive_prior,332000.0,-5000.0
2009-05-28,claims,ICSA,DOL,1996-08-03,level,326000.0,327000.0,0.0,naive_prior,327000.0,-1000.0
2009-05-28,claims,ICSA,DOL,1996-08-10,level,331000.0,326000.0,0.0,naive_prior,326000.0,5000.0
2009-05-28,claims,ICSA,DOL,1996-08-17,level,336000.0,331000.0,0.0,naive_prior,331000.0,5000.0
2009-05-28,claims,ICSA,DOL,1996-08-24,level,337000.0,336000.0,0.0,naive_prior,336000.0,1000.0
2009-05-28,claims,ICSA,DOL,1996-08-31,level,329000.0,337000.0,0.0,naive_prior,337000.0,-8000.0
2009-05-28,claims,ICSA,DOL,1996-09-07,level,333000.0,329000.0,0.0,naive_prior,329000.0,4000.0
2009-05-28,claims,ICSA,DOL,1996-09-14,level,338000.0,333000.0,0.0,naive_prior,333000.0,5000.0
2009-05-28,claims,ICSA,DOL,1996-09-21,level,352000.0,338000.0,0.0,naive_prior,338000.0,14000.0
2009-05-28,claims,ICSA,DOL,1996-09-28,level,348000.0,352000.0,0.0,naive_prior,352000.0,-4000.0
2009-05-28,claims,ICSA,DOL,1996-10-05,level,335000.0,348000.0,0.0,naive_prior,348000.0,-13000.0
2009-05-28,claims,ICSA,DOL,1996-10-12,level,334000.0,335000.0,0.0,naive_prior,335000.0,-1000.0
2009-05-28,claims,ICSA,DOL,1996-10-19,level,335000.0,334000.0,0.0,naive_prior,334000.0,1000.0
2009-05-28,claims,ICSA,DOL,1996-10-26,level,352000.0,335000.0,0.0,naive_prior,335000.0,17000.0
2009-05-28,claims,ICSA,DOL,1996-11-02,level,334000.0,352000.0,0.0,naive_prior,352000.0,-18000.0
2009-05-28,claims,ICSA,DOL,1996-11-09,level,327000.0,334000.0,0.0,naive_prior,334000.0,-7000.0
2009-05-28,claims,ICSA,DOL,1996-11-16,level,342000.0,327000.0,0.0,naive_prior,327000.0,15000.0
2009-05-28,claims,ICSA,DOL,1996-11-23,level,347000.0,342000.0,0.0,naive_prior,342000.0,5000.0
2009-05-28,claims,ICSA,DOL,1996-11-30,level,332000.0,347000.0,0.0,naive_prior,347000.0,-15000.0
2009-05-28,claims,ICSA,DOL,1996-12-07,level,355000.0,332000.0,0.0,naive_prior,332000.0,23000.0
2009-05-28,claims,ICSA,DOL,1996-12-14,level,352000.0,355000.0,0.0,naive_prior,355000.0,-3000.0
2009-05-28,claims,ICSA,DOL,1996-12-21,level,350000.0,352000.0,0.0,naive_prior,352000.0,-2000.0
2009-05-28,claims,ICSA,DOL,1996-12-28,level,357000.0,350000.0,0.0,naive_prior,350000.0,7000.0
2009-05-28,claims,ICSA,DOL,1997-01-04,level,347000.0,357000.0,0.0,naive_prior,357000.0,-10000.0
2009-05-28,claims,ICSA,DOL,1997-01-11,level,324000.0,347000.0,0.0,naive_prior,347000.0,-23000.0
2009-05-28,claims,ICSA,DOL,1997-01-18,level,345000.0,324000.0,0.0,naive_prior,324000.0,21000.0
2009-05-28,claims,ICSA,DOL,1997-01-25,level,340000.0,345000.0,0.0,naive_prior,345000.0,-5000.0
2009-05-28,claims,ICSA,DOL,1997-02-01,level,333000.0,340000.0,0.0,naive_prior,340000.0,-7000.0
2009-05-28,claims,ICSA,DOL,1997-02-08,level,315000.0,333000.0,0.0,naive_prior,333000.0,-18000.0
2009-05-28,claims,ICSA,DOL,1997-02-15,level,313000.0,315000.0,0.0,naive_prior,315000.0,-2000.0
2009-05-28,claims,ICSA,DOL,1997-02-22,level,322000.0,313000.0,0.0,naive_prior,313000.0,9000.0
2009-05-28,claims,ICSA,DOL,1997-03-01,level,321000.0,322000.0,0.0,naive_prior,322000.0,-1000.0
2009-05-28,claims,ICSA,DOL,1997-03-08,level,317000.0,321000.0,0.0,naive_prior,321000.0,-4000.0
2009-05-28,claims,ICSA,DOL,1997-03-15,level,319000.0,317000.0,0.0,naive_prior,317000.0,2000.0
2009-05-28,claims,ICSA,DOL,1997-03-22,level,315000.0,319000.0,0.0,naive_prior,319000.0,-4000.0
2009-05-28,claims,ICSA,DOL,1997-03-29,level,325000.0,315000.0,0.0,naive_prior,315000.0,10000.0
2009-05-28,claims,ICSA,DOL,1997-04-05,level,325000.0,325000.0,0.0,naive_prior,325000.0,0.0
2009-05-28,claims,ICSA,DOL,1997-04-12,level,330000.0,325000.0,0.0,naive_prior,325000.0,5000.0
2009-05-28,claims,ICSA,DOL,1997-04-19,level,316000.0,330000.0,0.0,naive_prior,330000.0,-14000.0
2009-05-28,claims,ICSA,DOL,1997-04-26,level,337000.0,316000.0,0.0,naive_prior,316000.0,21000.0
2009-05-28,claims,ICSA,DOL,1997-05-03,level,342000.0,337000.0,0.0,naive_prior,337000.0,5000.0
2009-05-28,claims,ICSA,DOL,1997-05-10,level,318000.0,342000.0,0.0,naive_prior,342000.0,-24000.0
2009-05-28,claims,ICSA,DOL,1997-05-17,level,322000.0,318000.0,0.0,naive_prior,318000.0,4000.0
2009-05-28,claims,ICSA,DOL,1997-05-24,level,316000.0,322000.0,0.0,naive_prior,322000.0,-6000.0
2009-05-28,claims,ICSA,DOL,1997-05-31,level,321000.0,316000.0,0.0,naive_prior,316000.0,5000.0
2009-05-28,claims,ICSA,DOL,1997-06-07,level,329000.0,321000.0,0.0,naive_prior,321000.0,8000.0
2009-05-28,claims,ICSA,DOL,1997-06-14,level,335000.0,329000.0,0.0,naive_prior,329000.0,6000.0
2009-05-28,claims,ICSA,DOL,1997-06-21,level,316000.0,335000.0,0.0,naive_prior,335000.0,-19000.0
2009-05-28,claims,ICSA,DOL,1997-06-28,level,322000.0,316000.0,0.0,naive_prior,316000.0,6000.0
2009-05-28,claims,ICSA,DOL,1997-07-05,level,346000.0,322000.0,0.0,naive_prior,322000.0,24000.0
2009-05-28,claims,ICSA,DOL,1997-07-12,level,328000.0,346000.0,0.0,naive_prior,346000.0,-18000.0
2009-05-28,claims,ICSA,DOL,1997-07-19,level,301000.0,328000.0,0.0,naive_prior,328000.0,-27000.0
2009-05-28,claims,ICSA,DOL,1997-07-26,level,306000.0,301000.0,0.0,naive_prior,301000.0,5000.0
2009-05-28,claims,ICSA,DOL,1997-08-02,level,320000.0,306000.0,0.0,naive_prior,306000.0,14000.0
2009-05-28,claims,ICSA,DOL,1997-08-09,level,329000.0,320000.0,0.0,naive_prior,320000.0,9000.0
2009-05-28,claims,ICSA,DOL,1997-08-16,level,343000.0,329000.0,0.0,naive_prior,329000.0,14000.0
2009-05-28,claims,ICSA,DOL,1997-08-23,level,327000.0,343000.0,0.0,naive_prior,343000.0,-16000.0
2009-05-28,claims,ICSA,DOL,1997-08-30,level,332000.0,327000.0,0.0,naive_prior,327000.0,5000.0
2009-05-28,claims,ICSA,DOL,1997-09-06,level,313000.0,332000.0,0.0,naive_prior,332000.0,-19000.0
2009-05-28,claims,ICSA,DOL,1997-09-13,level,314000.0,313000.0,0.0,naive_prior,313000.0,1000.0
2009-05-28,claims,ICSA,DOL,1997-09-20,level,317000.0,314000.0,0.0,naive_prior,314000.0,3000.0
2009-05-28,claims,ICSA,DOL,1997-09-27,level,317000.0,317000.0,0.0,naive_prior,317000.0,0.0
2009-05-28,claims,ICSA,DOL,1997-10-04,level,311000.0,317000.0,0.0,naive_prior,317000.0,-6000.0
2009-05-28,claims,ICSA,DOL,1997-10-11,level,305000.0,311000.0,0.0,naive_prior,311000.0,-6000.0
2009-05-28,claims,ICSA,DOL,1997-10-18,level,318000.0,305000.0,0.0,naive_prior,305000.0,13000.0
2009-05-28,claims,ICSA,DOL,1997-10-25,level,306000.0,318000.0,0.0,naive_prior,318000.0,-12000.0
2009-05-28,claims,ICSA,DOL,1997-11-01,level,313000.0,306000.0,0.0,naive_prior,306000.0,7000.0
2009-05-28,claims,ICSA,DOL,1997-11-08,level,308000.0,313000.0,0.0,naive_prior,313000.0,-5000.0
2009-05-28,claims,ICSA,DOL,1997-11-15,level,325000.0,308000.0,0.0,naive_prior,308000.0,17000.0
2009-05-28,claims,ICSA,DOL,1997-11-22,level,309000.0,325000.0,0.0,naive_prior,325000.0,-16000.0
2009-05-28,claims,ICSA,DOL,1997-11-29,level,318000.0,309000.0,0.0,naive_prior,309000.0,9000.0
2009-05-28,claims,ICSA,DOL,1997-12-06,level,317000.0,318000.0,0.0,naive_prior,318000.0,-1000.0
2009-05-28,claims,ICSA,DOL,1997-12-13,level,323000.0,317000.0,0.0,naive_prior,317000.0,6000.0
2009-05-28,claims,ICSA,DOL,1997-12-20,level,310000.0,323000.0,0.0,naive_prior,323000.0,-13000.0
2009-05-28,claims,ICSA,DOL,1997-12-27,level,303000.0,310000.0,0.0,naive_prior,310000.0,-7000.0
2009-05-28,claims,ICSA,DOL,1998-01-03,level,312000.0,303000.0,0.0,naive_prior,303000.0,9000.0
2009-05-28,claims,ICSA,DOL,1998-01-10,level,331000.0,312000.0,0.0,naive_prior,312000.0,19000.0
2009-05-28,claims,ICSA,DOL,1998-01-17,level,341000.0,331000.0,0.0,naive_prior,331000.0,10000.0
2009-05-28,claims,ICSA,DOL,1998-01-24,level,307000.0,341000.0,0.0,naive_prior,341000.0,-34000.0
2009-05-28,claims,ICSA,DOL,1998-01-31,level,315000.0,307000.0,0.0,naive_prior,307000.0,8000.0
2009-05-28,claims,ICSA,DOL,1998-02-07,level,311000.0,315000.0,0.0,naive_prior,315000.0,-4000.0
2009-05-28,claims,ICSA,DOL,1998-02-14,level,321000.0,311000.0,0.0,naive_prior,311000.0,10000.0
2009-05-28,claims,ICSA,DOL,1998-02-21,level,327000.0,321000.0,0.0,naive_prior,321000.0,6000.0
2009-05-28,claims,ICSA,DOL,1998-02-28,level,317000.0,327000.0,0.0,naive_prior,327000.0,-10000.0
2009-05-28,claims,ICSA,DOL,1998-03-07,level,308000.0,317000.0,0.0,naive_prior,317000.0,-9000.0
2009-05-28,claims,ICSA,DOL,1998-03-14,level,319000.0,308000.0,0.0,naive_prior,308000.0,11000.0
2009-05-28,claims,ICSA,DOL,1998-03-21,level,321000.0,319000.0,0.0,naive_prior,319000.0,2000.0
2009-05-28,claims,ICSA,DOL,1998-03-28,level,312000.0,321000.0,0.0,naive_prior,321000.0,-9000.0
2009-05-28,claims,ICSA,DOL,1998-04-04,level,312000.0,312000.0,0.0,naive_prior,312000.0,0.0
2009-05-28,claims,ICSA,DOL,1998-04-11,level,304000.0,312000.0,0.0,naive_prior,312000.0,-8000.0
2009-05-28,claims,ICSA,DOL,1998-04-18,level,317000.0,304000.0,0.0,naive_prior,304000.0,13000.0
2009-05-28,claims,ICSA,DOL,1998-04-25,level,311000.0,317000.0,0.0,naive_prior,317000.0,-6000.0
2009-05-28,claims,ICSA,DOL,1998-05-02,level,304000.0,311000.0,0.0,naive_prior,311000.0,-7000.0
2009-05-28,claims,ICSA,DOL,1998-05-09,level,306000.0,304000.0,0.0,naive_prior,304000.0,2000.0
2009-05-28,claims,ICSA,DOL,1998-05-16,level,315000.0,306000.0,0.0,naive_prior,306000.0,9000.0
2009-05-28,claims,ICSA,DOL,1998-05-23,level,309000.0,315000.0,0.0,naive_prior,315000.0,-6000.0
2009-05-28,claims,ICSA,DOL,1998-05-30,level,322000.0,309000.0,0.0,naive_prior,309000.0,13000.0
2009-05-28,claims,ICSA,DOL,1998-06-06,level,306000.0,322000.0,0.0,naive_prior,322000.0,-16000.0
2009-05-28,claims,ICSA,DOL,1998-06-13,level,321000.0,306000.0,0.0,naive_prior,306000.0,15000.0
2009-05-28,claims,ICSA,DOL,1998-06-20,level,349000.0,321000.0,0.0,naive_prior,321000.0,28000.0
2009-05-28,claims,ICSA,DOL,1998-06-27,level,376000.0,349000.0,0.0,naive_prior,349000.0,27000.0
2009-05-28,claims,ICSA,DOL,1998-07-04,level,362000.0,376000.0,0.0,naive_prior,376000.0,-14000.0
2009-05-28,claims,ICSA,DOL,1998-07-11,level,320000.0,362000.0,0.0,naive_prior,362000.0,-42000.0
2009-05-28,claims,ICSA,DOL,1998-07-18,level,315000.0,320000.0,0.0,naive_prior,320000.0,-5000.0
2009-05-28,claims,ICSA,DOL,1998-07-25,level,335000.0,315000.0,0.0,naive_prior,315000.0,20000.0
2009-05-28,claims,ICSA,DOL,1998-08-01,level,327000.0,335000.0,0.0,naive_prior,335000.0,-8000.0
2009-05-28,claims,ICSA,DOL,1998-08-08,level,316000.0,327000.0,0.0,naive_prior,327000.0,-11000.0
2009-05-28,claims,ICSA,DOL,1998-08-15,level,308000.0,316000.0,0.0,naive_prior,316000.0,-8000.0
2009-05-28,claims,ICSA,DOL,1998-08-22,level,302000.0,308000.0,0.0,naive_prior,308000.0,-6000.0
2009-05-28,claims,ICSA,DOL,1998-08-29,level,310000.0,302000.0,0.0,naive_prior,302000.0,8000.0
2009-05-28,claims,ICSA,DOL,1998-09-05,level,313000.0,310000.0,0.0,naive_prior,310000.0,3000.0
2009-05-28,claims,ICSA,DOL,1998-09-12,level,304000.0,313000.0,0.0,naive_prior,313000.0,-9000.0
2009-05-28,claims,ICSA,DOL,1998-09-19,level,305000.0,304000.0,0.0,naive_prior,304000.0,1000.0
2009-05-28,claims,ICSA,DOL,1998-09-26,level,294000.0,305000.0,0.0,naive_prior,305000.0,-11000.0
2009-05-28,claims,ICSA,DOL,1998-10-03,level,302000.0,294000.0,0.0,naive_prior,294000.0,8000.0
2009-05-28,claims,ICSA,DOL,1998-10-10,level,316000.0,302000.0,0.0,naive_prior,302000.0,14000.0
2009-05-28,claims,ICSA,DOL,1998-10-17,level,318000.0,316000.0,0.0,naive_prior,316000.0,2000.0
2009-05-28,claims,ICSA,DOL,1998-10-24,level,309000.0,318000.0,0.0,naive_prior,318000.0,-9000.0
2009-05-28,claims,ICSA,DOL,1998-10-31,level,308000.0,309000.0,0.0,naive_prior,309000.0,-1000.0
2009-05-28,claims,ICSA,DOL,1998-11-07,level,316000.0,308000.0,0.0,naive_prior,308000.0,8000.0
2009-05-28,claims,ICSA,DOL,1998-11-14,level,334000.0,316000.0,0.0,naive_prior,316000.0,18000.0
2009-05-28,claims,ICSA,DOL,1998-11-21,level,304000.0,334000.0,0.0,naive_prior,334000.0,-30000.0
2009-05-28,claims,ICSA,DOL,1998-11-28,level,310000.0,304000.0,0.0,naive_prior,304000.0,6000.0
2009-05-28,claims,ICSA,DOL,1998-12-05,level,326000.0,310000.0,0.0,naive_prior,310000.0,16000.0
2009-05-28,claims,ICSA,DOL,1998-12-12,level,305000.0,326000.0,0.0,naive_prior,326000.0,-21000.0
2009-05-28,claims,ICSA,DOL,1998-12-19,level,297000.0,305000.0,0.0,naive_prior,305000.0,-8000.0
2009-05-28,claims,ICSA,DOL,1998-12-26,level,336000.0,297000.0,0.0,naive_prior,297000.0,39000.0
2009-05-28,claims,ICSA,DOL,1999-01-02,level,331000.0,336000.0,0.0,naive_prior,336000.0,-5000.0
2009-05-28,claims,ICSA,DOL,1999-01-09,level,345000.0,331000.0,0.0,naive_prior,331000.0,14000.0
2009-05-28,claims,ICSA,DOL,1999-01-16,level,339000.0,345000.0,0.0,naive_prior,345000.0,-6000.0
2009-05-28,claims,ICSA,DOL,1999-01-23,level,311000.0,339000.0,0.0,naive_prior,339000.0,-28000.0
2009-05-28,claims,ICSA,DOL,1999-01-30,level,305000.0,311000.0,0.0,naive_prior,311000.0,-6000.0
2009-05-28,claims,ICSA,DOL,1999-02-06,level,291000.0,305000.0,0.0,naive_prior,305000.0,-14000.0
2009-05-28,claims,ICSA,DOL,1999-02-13,level,312000.0,291000.0,0.0,naive_prior,291000.0,21000.0
2009-05-28,claims,ICSA,DOL,1999-02-20,level,302000.0,312000.0,0.0,naive_prior,312000.0,-10000.0
2009-05-28,claims,ICSA,DOL,1999-02-27,level,301000.0,302000.0,0.0,naive_prior,302000.0,-1000.0
2009-05-28,claims,ICSA,DOL,1999-03-06,level,300000.0,301000.0,0.0,naive_prior,301000.0,-1000.0
2009-05-28,claims,ICSA,DOL,1999-03-13,level,308000.0,300000.0,0.0,naive_prior,300000.0,8000.0
2009-05-28,claims,ICSA,DOL,1999-03-20,level,305000.0,308000.0,0.0,naive_prior,308000.0,-3000.0
2009-05-28,claims,ICSA,DOL,1999-03-27,level,298000.0,305000.0,0.0,naive_prior,305000.0,-7000.0
2009-05-28,claims,ICSA,DOL,1999-04-03,level,310000.0,298000.0,0.0,naive_prior,298000.0,12000.0
2009-05-28,claims,ICSA,DOL,1999-04-10,level,319000.0,310000.0,0.0,naive_prior,310000.0,9000.0
2009-05-28,claims,ICSA,DOL,1999-04-17,level,314000.0,319000.0,0.0,naive_prior,319000.0,-5000.0
2009-05-28,claims,ICSA,DOL,1999-04-24,level,291000.0,314000.0,0.0,naive_prior,314000.0,-23000.0
2009-05-28,claims,ICSA,DOL,1999-05-01,level,296000.0,291000.0,0.0,naive_prior,291000.0,5000.0
2009-05-28,claims,ICSA,DOL,1999-05-08,level,310000.0,296000.0,0.0,naive_prior,296000.0,14000.0
2009-05-28,claims,ICSA,DOL,1999-05-15,level,301000.0,310000.0,0.0,naive_prior,310000.0,-9000.0
2009-05-28,claims,ICSA,DOL,1999-05-22,level,298000.0,301000.0,0.0,naive_prior,301000.0,-3000.0
2009-05-28,claims,ICSA,DOL,1999-05-29,level,303000.0,298000.0,0.0,naive_prior,298000.0,5000.0
2009-05-28,claims,ICSA,DOL,1999-06-05,level,303000.0,303000.0,0.0,naive_prior,303000.0,0.0
2009-05-28,claims,ICSA,DOL,1999-06-12,level,290000.0,303000.0,0.0,naive_prior,303000.0,-13000.0
2009-05-28,claims,ICSA,DOL,1999-06-19,level,292000.0,290000.0,0.0,naive_prior,290000.0,2000.0
2009-05-28,claims,ICSA,DOL,1999-06-26,level,291000.0,292000.0,0.0,naive_prior,292000.0,-1000.0
2009-05-28,claims,ICSA,DOL,1999-07-03,level,287000.0,291000.0,0.0,naive_prior,291000.0,-4000.0
2009-05-28,claims,ICSA,DOL,1999-07-10,level,288000.0,287000.0,0.0,naive_prior,287000.0,1000.0
2009-05-28,claims,ICSA,DOL,1999-07-17,level,309000.0,288000.0,0.0,naive_prior,288000.0,21000.0
2009-05-28,claims,ICSA,DOL,1999-07-24,level,306000.0,309000.0,0.0,naive_prior,309000.0,-3000.0
2009-05-28,claims,ICSA,DOL,1999-07-31,level,300000.0,306000.0,0.0,naive_prior,306000.0,-6000.0
2009-05-28,claims,ICSA,DOL,1999-08-07,level,295000.0,300000.0,0.0,naive_prior,300000.0,-5000.0
2009-05-28,claims,ICSA,DOL,1999-08-14,level,292000.0,295000.0,0.0,naive_prior,295000.0,-3000.0
2009-05-28,claims,ICSA,DOL,1999-08-21,level,286000.0,292000.0,0.0,naive_prior,292000.0,-6000.0
2009-05-28,claims,ICSA,DOL,1999-08-28,level,290000.0,286000.0,0.0,naive_prior,286000.0,4000.0
2009-05-28,claims,ICSA,DOL,1999-09-04,level,290000.0,290000.0,0.0,naive_prior,290000.0,0.0
2009-05-28,claims,ICSA,DOL,1999-09-11,level,281000.0,290000.0,0.0,naive_prior,290000.0,-9000.0
2009-05-28,claims,ICSA,DOL,1999-09-18,level,281000.0,281000.0,0.0,naive_prior,281000.0,0.0
2009-05-28,claims,ICSA,DOL,1999-09-25,level,306000.0,281000.0,0.0,naive_prior,281000.0,25000.0
2009-05-28,claims,ICSA,DOL,1999-10-02,level,309000.0,306000.0,0.0,naive_prior,306000.0,3000.0
2009-05-28,claims,ICSA,DOL,1999-10-09,level,291000.0,309000.0,0.0,naive_prior,309000.0,-18000.0
2009-05-28,claims,ICSA,DOL,1999-10-16,level,287000.0,291000.0,0.0,naive_prior,291000.0,-4000.0
2009-05-28,claims,ICSA,DOL,1999-10-23,level,280000.0,287000.0,0.0,naive_prior,287000.0,-7000.0
2009-05-28,claims,ICSA,DOL,1999-10-30,level,285000.0,280000.0,0.0,naive_prior,280000.0,5000.0
2009-05-28,claims,ICSA,DOL,1999-11-06,level,282000.0,285000.0,0.0,naive_prior,285000.0,-3000.0
2009-05-28,claims,ICSA,DOL,1999-11-13,level,281000.0,282000.0,0.0,naive_prior,282000.0,-1000.0
2009-05-28,claims,ICSA,DOL,1999-11-20,level,276000.0,281000.0,0.0,naive_prior,281000.0,-5000.0
2009-05-28,claims,ICSA,DOL,1999-11-27,level,288000.0,276000.0,0.0,naive_prior,276000.0,12000.0
2009-05-28,claims,ICSA,DOL,1999-12-04,level,287000.0,288000.0,0.0,naive_prior,288000.0,-1000.0
2009-05-28,claims,ICSA,DOL,1999-12-11,level,272000.0,287000.0,0.0,naive_prior,287000.0,-15000.0
2009-05-28,claims,ICSA,DOL,1999-12-18,level,287000.0,272000.0,0.0,naive_prior,272000.0,15000.0
2009-05-28,claims,ICSA,DOL,1999-12-25,level,268000.0,287000.0,0.0,naive_prior,287000.0,-19000.0
2009-05-28,claims,ICSA,DOL,2000-01-01,level,286000.0,268000.0,0.0,naive_prior,268000.0,18000.0
2009-05-28,claims,ICSA,DOL,2000-01-08,level,298000.0,286000.0,0.0,naive_prior,286000.0,12000.0
2009-05-28,claims,ICSA,DOL,2000-01-15,level,289000.0,298000.0,0.0,naive_prior,298000.0,-9000.0
2009-05-28,claims,ICSA,DOL,2000-01-22,level,284000.0,289000.0,0.0,naive_prior,289000.0,-5000.0
2009-05-28,claims,ICSA,DOL,2000-01-29,level,285000.0,284000.0,0.0,naive_prior,284000.0,1000.0
2009-05-28,claims,ICSA,DOL,2000-02-05,level,312000.0,285000.0,0.0,naive_prior,285000.0,27000.0
2009-05-28,claims,ICSA,DOL,2000-02-12,level,300000.0,312000.0,0.0,naive_prior,312000.0,-12000.0
2009-05-28,claims,ICSA,DOL,2000-02-19,level,283000.0,300000.0,0.0,naive_prior,300000.0,-17000.0
2009-05-28,claims,ICSA,DOL,2000-02-26,level,280000.0,283000.0,0.0,naive_prior,283000.0,-3000.0
2009-05-28,claims,ICSA,DOL,2000-03-04,level,286000.0,280000.0,0.0,naive_prior,280000.0,6000.0
2009-05-28,claims,ICSA,DOL,2000-03-11,level,270000.0,286000.0,0.0,naive_prior,286000.0,-16000.0
2009-05-28,claims,ICSA,DOL,2000-03-18,level,271000.0,270000.0,0.0,naive_prior,270000.0,1000.0
2009-05-28,claims,ICSA,DOL,2000-03-25,level,272000.0,271000.0,0.0,naive_prior,271000.0,1000.0
2009-05-28,claims,ICSA,DOL,2000-04-01,level,266000.0,272000.0,0.0,naive_prior,272000.0,-6000.0
2009-05-28,claims,ICSA,DOL,2000-04-08,level,268000.0,266000.0,0.0,naive_prior,266000.0,2000.0
2009-05-28,claims,ICSA,DOL,2000-04-15,level,259000.0,268000.0,0.0,naive_prior,268000.0,-9000.0
2009-05-28,claims,ICSA,DOL,2000-04-22,level,274000.0,259000.0,0.0,naive_prior,259000.0,15000.0
2009-05-28,claims,ICSA,DOL,2000-04-29,level,291000.0,274000.0,0.0,naive_prior,274000.0,17000.0
2009-05-28,claims,ICSA,DOL,2000-05-06,level,293000.0,291000.0,0.0,naive_prior,291000.0,2000.0
2009-05-28,claims,ICSA,DOL,2000-05-13,level,276000.0,293000.0,0.0,naive_prior,293000.0,-17000.0
2009-05-28,claims,ICSA,DOL,2000-05-20,level,280000.0,276000.0,0.0,naive_prior,276000.0,4000.0
2009-05-28,claims,ICSA,DOL,2000-05-27,level,280000.0,280000.0,0.0,naive_prior,280000.0,0.0
2009-05-28,claims,ICSA,DOL,2000-06-03,level,290000.0,280000.0,0.0,naive_prior,280000.0,10000.0
2009-05-28,claims,ICSA,DOL,2000-06-10,level,284000.0,290000.0,0.0,naive_prior,290000.0,-6000.0
2009-05-28,claims,ICSA,DOL,2000-06-17,level,294000.0,284000.0,0.0,naive_prior,284000.0,10000.0
2009-05-28,claims,ICSA,DOL,2000-06-24,level,296000.0,294000.0,0.0,naive_prior,294000.0,2000.0
2009-05-28,claims,ICSA,DOL,2000-07-01,level,281000.0,296000.0,0.0,naive_prior,296000.0,-15000.0
2009-05-28,claims,ICSA,DOL,2000-07-08,level,293000.0,281000.0,0.0,naive_prior,281000.0,12000.0
2009-05-28,claims,ICSA,DOL,2000-07-15,level,303000.0,293000.0,0.0,naive_prior,293000.0,10000.0
2009-05-28,claims,ICSA,DOL,2000-07-22,level,300000.0,303000.0,0.0,naive_prior,303000.0,-3000.0
2009-05-28,claims,ICSA,DOL,2000-07-29,level,298000.0,300000.0,0.0,naive_prior,300000.0,-2000.0
2009-05-28,claims,ICSA,DOL,2000-08-05,level,306000.0,298000.0,0.0,naive_prior,298000.0,8000.0
2009-05-28,claims,ICSA,DOL,2000-08-12,level,315000.0,306000.0,0.0,naive_prior,306000.0,9000.0
2009-05-28,claims,ICSA,DOL,2000-08-19,level,318000.0,315000.0,0.0,naive_prior,315000.0,3000.0
2009-05-28,claims,ICSA,DOL,2000-08-26,level,312000.0,318000.0,0.0,naive_prior,318000.0,-6000.0
2009-05-28,claims,ICSA,DOL,2000-09-02,level,301000.0,312000.0,0.0,naive_prior,312000.0,-11000.0
2009-05-28,claims,ICSA,DOL,2000-09-09,level,309000.0,301000.0,0.0,naive_prior,301000.0,8000.0
2009-05-28,claims,ICSA,DOL,2000-09-16,level,311000.0,309000.0,0.0,naive_prior,309000.0,2000.0
2009-05-28,claims,ICSA,DOL,2000-09-23,level,288000.0,311000.0,0.0,naive_prior,311000.0,-23000.0
2009-05-28,claims,ICSA,DOL,2000-09-30,level,292000.0,288000.0,0.0,naive_prior,288000.0,4000.0
2009-05-28,claims,ICSA,DOL,2000-10-07,level,309000.0,292000.0,0.0,naive_prior,292000.0,17000.0
2009-05-28,claims,ICSA,DOL,2000-10-14,level,299000.0,309000.0,0.0,naive_prior,309000.0,-10000.0
2009-05-28,claims,ICSA,DOL,2000-10-21,level,295000.0,299000.0,0.0,naive_prior,299000.0,-4000.0
2009-05-28,claims,ICSA,DOL,2000-10-28,level,301000.0,295000.0,0.0,naive_prior,295000.0,6000.0
2009-05-28,claims,ICSA,DOL,2000-11-04,level,331000.0,301000.0,0.0,naive_prior,301000.0,30000.0
2009-05-28,claims,ICSA,DOL,2000-11-11,level,318000.0,331000.0,0.0,naive_prior,331000.0,-13000.0
2009-05-28,claims,ICSA,DOL,2000-11-18,level,332000.0,318000.0,0.0,naive_prior,318000.0,14000.0
2009-05-28,claims,ICSA,DOL,2000-11-25,level,356000.0,332000.0,0.0,naive_prior,332000.0,24000.0
2009-05-28,claims,ICSA,DOL,2000-12-02,level,338000.0,356000.0,0.0,naive_prior,356000.0,-18000.0
2009-05-28,claims,ICSA,DOL,2000-12-09,level,321000.0,338000.0,0.0,naive_prior,338000.0,-17000.0
2009-05-28,claims,ICSA,DOL,2000-12-16,level,354000.0,321000.0,0.0,naive_prior,321000.0,33000.0
2009-05-28,claims,ICSA,DOL,2000-12-23,level,364000.0,354000.0,0.0,naive_prior,354000.0,10000.0
2009-05-28,claims,ICSA,DOL,2000-12-30,level,353000.0,364000.0,0.0,naive_prior,364000.0,-11000.0
2009-05-28,claims,ICSA,DOL,2001-01-06,level,337000.0,353000.0,0.0,naive_prior,353000.0,-16000.0
2009-05-28,claims,ICSA,DOL,2001-01-13,level,318000.0,337000.0,0.0,naive_prior,337000.0,-19000.0
2009-05-28,claims,ICSA,DOL,2001-01-20,level,343000.0,318000.0,0.0,naive_prior,318000.0,25000.0
2009-05-28,claims,ICSA,DOL,2001-01-27,level,362000.0,343000.0,0.0,naive_prior,343000.0,19000.0
2009-05-28,claims,ICSA,DOL,2001-02-03,level,376000.0,362000.0,0.0,naive_prior,362000.0,14000.0
2009-05-28,claims,ICSA,DOL,2001-02-10,level,365000.0,376000.0,0.0,naive_prior,376000.0,-11000.0
2009-05-28,claims,ICSA,DOL,2001-02-17,level,358000.0,365000.0,0.0,naive_prior,365000.0,-7000.0
2009-05-28,claims,ICSA,DOL,2001-02-24,level,386000.0,358000.0,0.0,naive_prior,358000.0,28000.0
2009-05-28,claims,ICSA,DOL,2001-03-03,level,384000.0,386000.0,0.0,naive_prior,386000.0,-2000.0
2009-05-28,claims,ICSA,DOL,2001-03-10,level,393000.0,384000.0,0.0,naive_prior,384000.0,9000.0
2009-05-28,claims,ICSA,DOL,2001-03-17,level,393000.0,393000.0,0.0,naive_prior,393000.0,0.0
2009-05-28,claims,ICSA,DOL,2001-03-24,level,378000.0,393000.0,0.0,naive_prior,393000.0,-15000.0
2009-05-28,claims,ICSA,DOL,2001-03-31,level,388000.0,378000.0,0.0,naive_prior,378000.0,10000.0
2009-05-28,claims,ICSA,DOL,2001-04-07,level,398000.0,388000.0,0.0,naive_prior,388000.0,10000.0
2009-05-28,claims,ICSA,DOL,2001-04-14,level,383000.0,398000.0,0.0,naive_prior,398000.0,-15000.0
2009-05-28,claims,ICSA,DOL,2001-04-21,level,400000.0,383000.0,0.0,naive_prior,383000.0,17000.0
2009-05-28,claims,ICSA,DOL,2001-04-28,level,406000.0,400000.0,0.0,naive_prior,400000.0,6000.0
2009-05-28,claims,ICSA,DOL,2001-05-05,level,381000.0,406000.0,0.0,naive_prior,406000.0,-25000.0
2009-05-28,claims,ICSA,DOL,2001-05-12,level,390000.0,381000.0,0.0,naive_prior,381000.0,9000.0
2009-05-28,claims,ICSA,DOL,2001-05-19,level,402000.0,390000.0,0.0,naive_prior,390000.0,12000.0
2009-05-28,claims,ICSA,DOL,2001-05-26,level,405000.0,402000.0,0.0,naive_prior,402000.0,3000.0
2009-05-28,claims,ICSA,DOL,2001-06-02,level,406000.0,405000.0,0.0,naive_prior,405000.0,1000.0
2009-05-28,claims,ICSA,DOL,2001-06-09,level,411000.0,406000.0,0.0,naive_prior,406000.0,5000.0
2009-05-28,claims,ICSA,DOL,2001-06-16,level,394000.0,411000.0,0.0,naive_prior,411000.0,-17000.0
2009-05-28,claims,ICSA,DOL,2001-06-23,level,381000.0,394000.0,0.0,naive_prior,394000.0,-13000.0
2009-05-28,claims,ICSA,DOL,2001-06-30,level,394000.0,381000.0,0.0,naive_prior,381000.0,13000.0
2009-05-28,claims,ICSA,DOL,2001-07-07,level,401000.0,394000.0,0.0,naive_prior,394000.0,7000.0
2009-05-28,claims,ICSA,DOL,2001-07-14,level,405000.0,401000.0,0.0,naive_prior,401000.0,4000.0
2009-05-28,claims,ICSA,DOL,2001-07-21,level,398000.0,405000.0,0.0,naive_prior,405000.0,-7000.0
2009-05-28,claims,ICSA,DOL,2001-07-28,level,388000.0,398000.0,0.0,naive_prior,398000.0,-10000.0
2009-05-28,claims,ICSA,DOL,2001-08-04,level,401000.0,388000.0,0.0,naive_prior,388000.0,13000.0
2009-05-28,claims,ICSA,DOL,2001-08-11,level,394000.0,401000.0,0.0,naive_prior,401000.0,-7000.0
2009-05-28,claims,ICSA,DOL,2001-08-18,level,402000.0,394000.0,0.0,naive_prior,394000.0,8000.0
2009-05-28,claims,ICSA,DOL,2001-08-25,level,395000.0,402000.0,0.0,naive_prior,402000.0,-7000.0
2009-05-28,claims,ICSA,DOL,2001-09-01,level,402000.0,395000.0,0.0,naive_prior,395000.0,7000.0
2009-05-28,claims,ICSA,DOL,2001-09-08,level,408000.0,402000.0,0.0,naive_prior,402000.0,6000.0
2009-05-28,claims,ICSA,DOL,2001-09-15,level,395000.0,408000.0,0.0,naive_prior,408000.0,-13000.0
2009-05-28,claims,ICSA,DOL,2001-09-22,level,453000.0,395000.0,0.0,naive_prior,395000.0,58000.0
2009-05-28,claims,ICSA,DOL,2001-09-29,level,517000.0,453000.0,0.0,naive_prior,453000.0,64000.0
2009-05-28,claims,ICSA,DOL,2001-10-06,level,476000.0,517000.0,0.0,naive_prior,517000.0,-41000.0
2009-05-28,claims,ICSA,DOL,2001-10-13,level,482000.0,476000.0,0.0,naive_prior,476000.0,6000.0
2009-05-28,claims,ICSA,DOL,2001-10-20,level,482000.0,482000.0,0.0,naive_prior,482000.0,0.0
2009-05-28,claims,ICSA,DOL,2001-10-27,level,483000.0,482000.0,0.0,naive_prior,482000.0,1000.0
2009-05-28,claims,ICSA,DOL,2001-11-03,level,440000.0,483000.0,0.0,naive_prior,483000.0,-43000.0
2009-05-28,claims,ICSA,DOL,2001-11-10,level,428000.0,440000.0,0.0,naive_prior,440000.0,-12000.0
2009-05-28,claims,ICSA,DOL,2001-11-17,level,431000.0,428000.0,0.0,naive_prior,428000.0,3000.0
2009-05-28,claims,ICSA,DOL,2001-11-24,level,491000.0,431000.0,0.0,naive_prior,431000.0,60000.0
2009-05-28,claims,ICSA,DOL,2001-12-01,level,465000.0,491000.0,0.0,naive_prior,491000.0,-26000.0
2009-05-28,claims,ICSA,DOL,2001-12-08,level,393000.0,465000.0,0.0,naive_prior,465000.0,-72000.0
2009-05-28,claims,ICSA,DOL,2001-12-15,level,389000.0,393000.0,0.0,naive_prior,393000.0,-4000.0
2009-05-28,claims,ICSA,DOL,2001-12-22,level,416000.0,389000.0,0.0,naive_prior,389000.0,27000.0
2009-05-28,claims,ICSA,DOL,2001-12-29,level,421000.0,416000.0,0.0,naive_prior,416000.0,5000.0
2009-05-28,claims,ICSA,DOL,2002-01-05,level,397000.0,421000.0,0.0,naive_prior,421000.0,-24000.0
2009-05-28,claims,ICSA,DOL,2002-01-12,level,418000.0,397000.0,0.0,naive_prior,397000.0,21000.0
2009-05-28,claims,ICSA,DOL,2002-01-19,level,405000.0,418000.0,0.0,naive_prior,418000.0,-13000.0
2009-05-28,claims,ICSA,DOL,2002-01-26,level,414000.0,405000.0,0.0,naive_prior,405000.0,9000.0
2009-05-28,claims,ICSA,DOL,2002-02-02,level,404000.0,414000.0,0.0,naive_prior,414000.0,-10000.0
2009-05-28,claims,ICSA,DOL,2002-02-09,level,397000.0,404000.0,0.0,naive_prior,404000.0,-7000.0
2009-05-28,claims,ICSA,DOL,2002-02-16,level,397000.0,397000.0,0.0,naive_prior,397000.0,0.0
2009-05-28,claims,ICSA,DOL,2002-02-23,level,398000.0,397000.0,0.0,naive_prior,397000.0,1000.0
2009-05-28,claims,ICSA,DOL,2002-03-02,level,392000.0,398000.0,0.0,naive_prior,398000.0,-6000.0
2009-05-28,claims,ICSA,DOL,2002-03-09,level,399000.0,392000.0,0.0,naive_prior,392000.0,7000.0
2009-05-28,claims,ICSA,DOL,2002-03-16,level,392000.0,399000.0,0.0,naive_prior,399000.0,-7000.0
2009-05-28,claims,ICSA,DOL,2002-03-23,level,415000.0,392000.0,0.0,naive_prior,392000.0,23000.0
2009-05-28,claims,ICSA,DOL,2002-03-30,level,479000.0,415000.0,0.0,naive_prior,415000.0,64000.0
2009-05-28,claims,ICSA,DOL,2002-04-06,level,445000.0,479000.0,0.0,naive_prior,479000.0,-34000.0
2009-05-28,claims,ICSA,DOL,2002-04-13,level,442000.0,445000.0,0.0,naive_prior,445000.0,-3000.0
2009-05-28,claims,ICSA,DOL,2002-04-20,level,416000.0,442000.0,0.0,naive_prior,442000.0,-26000.0
2009-05-28,claims,ICSA,DOL,2002-04-27,level,414000.0,416000.0,0.0,naive_prior,416000.0,-2000.0
2009-05-28,claims,ICSA,DOL,2002-05-04,level,409000.0,414000.0,0.0,naive_prior,414000.0,-5000.0
2009-05-28,claims,ICSA,DOL,2002-05-11,level,413000.0,409000.0,0.0,naive_prior,409000.0,4000.0
2009-05-28,claims,ICSA,DOL,2002-05-18,level,411000.0,413000.0,0.0,naive_prior,413000.0,-2000.0
2009-05-28,claims,ICSA,DOL,2002-05-25,level,403000.0,411000.0,0.0,naive_prior,411000.0,-8000.0
2009-05-28,claims,ICSA,DOL,2002-06-01,level,378000.0,403000.0,0.0,naive_prior,403000.0,-25000.0
2009-05-28,claims,ICSA,DOL,2002-06-08,level,388000.0,378000.0,0.0,naive_prior,378000.0,10000.0
2009-05-28,claims,ICSA,DOL,2002-06-15,level,396000.0,388000.0,0.0,naive_prior,388000.0,8000.0
2009-05-28,claims,ICSA,DOL,2002-06-22,level,388000.0,396000.0,0.0,naive_prior,396000.0,-8000.0
2009-05-28,claims,ICSA,DOL,2002-06-29,level,386000.0,388000.0,0.0,naive_prior,388000.0,-2000.0
2009-05-28,claims,ICSA,DOL,2002-07-06,level,391000.0,386000.0,0.0,naive_prior,386000.0,5000.0
2009-05-28,claims,ICSA,DOL,2002-07-13,level,384000.0,391000.0,0.0,naive_prior,391000.0,-7000.0
2009-05-28,claims,ICSA,DOL,2002-07-20,level,379000.0,384000.0,0.0,naive_prior,384000.0,-5000.0
2009-05-28,claims,ICSA,DOL,2002-07-27,level,390000.0,379000.0,0.0,naive_prior,379000.0,11000.0
2009-05-28,claims,ICSA,DOL,2002-08-03,level,388000.0,390000.0,0.0,naive_prior,390000.0,-2000.0
2009-05-28,claims,ICSA,DOL,2002-08-10,level,389000.0,388000.0,0.0,naive_prior,388000.0,1000.0
2009-05-28,claims,ICSA,DOL,2002-08-17,level,399000.0,389000.0,0.0,naive_prior,389000.0,10000.0
2009-05-28,claims,ICSA,DOL,2002-08-24,level,398000.0,399000.0,0.0,naive_prior,399000.0,-1000.0
2009-05-28,claims,ICSA,DOL,2002-08-31,level,394000.0,398000.0,0.0,naive_prior,398000.0,-4000.0
2009-05-28,claims,ICSA,DOL,2002-09-07,level,416000.0,394000.0,0.0,naive_prior,394000.0,22000.0
2009-05-28,claims,ICSA,DOL,2002-09-14,level,412000.0,416000.0,0.0,naive_prior,416000.0,-4000.0
2009-05-28,claims,ICSA,DOL,2002-09-21,level,401000.0,412000.0,0.0,naive_prior,412000.0,-11000.0
2009-05-28,claims,ICSA,DOL,2002-09-28,level,409000.0,401000.0,0.0,naive_prior,401000.0,8000.0
2009-05-28,claims,ICSA,DOL,2002-10-05,level,404000.0,409000.0,0.0,naive_prior,409000.0,-5000.0
2009-05-28,claims,ICSA,DOL,2002-10-12,level,405000.0,404000.0,0.0,naive_prior,404000.0,1000.0
2009-05-28,claims,ICSA,DOL,2002-10-19,level,412000.0,405000.0,0.0,naive_prior,405000.0,7000.0
2009-05-28,claims,ICSA,DOL,2002-10-26,level,409000.0,412000.0,0.0,naive_prior,412000.0,-3000.0
2009-05-28,claims,ICSA,DOL,2002-11-02,level,405000.0,409000.0,0.0,naive_prior,409000.0,-4000.0
2009-05-28,claims,ICSA,DOL,2002-11-09,level,400000.0,405000.0,0.0,naive_prior,405000.0,-5000.0
2009-05-28,claims,ICSA,DOL,2002-11-16,level,389000.0,400000.0,0.0,naive_prior,400000.0,-11000.0
2009-05-28,claims,ICSA,DOL,2002-11-23,level,390000.0,389000.0,0.0,naive_prior,389000.0,1000.0
2009-05-28,claims,ICSA,DOL,2002-11-30,level,377000.0,390000.0,0.0,naive_prior,390000.0,-13000.0
2009-05-28,claims,ICSA,DOL,2002-12-07,level,425000.0,377000.0,0.0,naive_prior,377000.0,48000.0
2009-05-28,claims,ICSA,DOL,2002-12-14,level,429000.0,425000.0,0.0,naive_prior,425000.0,4000.0
2009-05-28,claims,ICSA,DOL,2002-12-21,level,394000.0,429000.0,0.0,naive_prior,429000.0,-35000.0
2009-05-28,claims,ICSA,DOL,2002-12-28,level,409000.0,394000.0,0.0,naive_prior,394000.0,15000.0
2009-05-28,claims,ICSA,DOL,2003-01-04,level,393000.0,409000.0,0.0,naive_prior,409000.0,-16000.0
2009-05-28,claims,ICSA,DOL,2003-01-11,level,378000.0,393000.0,0.0,naive_prior,393000.0,-15000.0
2009-05-28,claims,ICSA,DOL,2003-01-18,level,402000.0,378000.0,0.0,naive_prior,378000.0,24000.0
2009-05-28,claims,ICSA,DOL,2003-01-25,level,407000.0,402000.0,0.0,naive_prior,402000.0,5000.0
2009-05-28,claims,ICSA,DOL,2003-02-01,level,413000.0,407000.0,0.0,naive_prior,407000.0,6000.0
2009-05-28,claims,ICSA,DOL,2003-02-08,level,390000.0,413000.0,0.0,naive_prior,413000.0,-23000.0
2009-05-28,claims,ICSA,DOL,2003-02-15,level,420000.0,390000.0,0.0,naive_prior,390000.0,30000.0
2009-05-28,claims,ICSA,DOL,2003-02-22,level,421000.0,420000.0,0.0,naive_prior,420000.0,1000.0
2009-05-28,claims,ICSA,DOL,2003-03-01,level,436000.0,421000.0,0.0,naive_prior,421000.0,15000.0
2009-05-28,claims,ICSA,DOL,2003-03-08,level,424000.0,436000.0,0.0,naive_prior,436000.0,-12000.0
2009-05-28,claims,ICSA,DOL,2003-03-15,level,430000.0,424000.0,0.0,naive_prior,424000.0,6000.0
2009-05-28,claims,ICSA,DOL,2003-03-22,level,411000.0,430000.0,0.0,naive_prior,430000.0,-19000.0
2009-05-28,claims,ICSA,DOL,2003-03-29,level,436000.0,411000.0,0.0,naive_prior,411000.0,25000.0
2009-05-28,claims,ICSA,DOL,2003-04-05,level,417000.0,436000.0,0.0,naive_prior,436000.0,-19000.0
2009-05-28,claims,ICSA,DOL,2003-04-12,level,434000.0,417000.0,0.0,naive_prior,417000.0,17000.0
2009-05-28,claims,ICSA,DOL,2003-04-19,level,450000.0,434000.0,0.0,naive_prior,434000.0,16000.0
2009-05-28,claims,ICSA,DOL,2003-04-26,level,444000.0,450000.0,0.0,naive_prior,450000.0,-6000.0
2009-05-28,claims,ICSA,DOL,2003-05-03,level,428000.0,444000.0,0.0,naive_prior,444000.0,-16000.0
2009-05-28,claims,ICSA,DOL,2003-05-10,level,417000.0,428000.0,0.0,naive_prior,428000.0,-11000.0
2009-05-28,claims,ICSA,DOL,2003-05-17,level,425000.0,417000.0,0.0,naive_prior,417000.0,8000.0
2009-05-28,claims,ICSA,DOL,2003-05-24,level,419000.0,425000.0,0.0,naive_prior,425000.0,-6000.0
2009-05-28,claims,ICSA,DOL,2003-05-31,level,431000.0,419000.0,0.0,naive_prior,419000.0,12000.0
2009-05-28,claims,ICSA,DOL,2003-06-07,level,429000.0,431000.0,0.0,naive_prior,431000.0,-2000.0
2009-05-28,claims,ICSA,DOL,2003-06-14,level,421000.0,429000.0,0.0,naive_prior,429000.0,-8000.0
2009-05-28,claims,ICSA,DOL,2003-06-21,level,408000.0,421000.0,0.0,naive_prior,421000.0,-13000.0
2009-05-28,claims,ICSA,DOL,2003-06-28,level,429000.0,408000.0,0.0,naive_prior,408000.0,21000.0
2009-05-28,claims,ICSA,DOL,2003-07-05,level,433000.0,429000.0,0.0,naive_prior,429000.0,4000.0
2009-05-28,claims,ICSA,DOL,2003-07-12,level,412000.0,433000.0,0.0,naive_prior,433000.0,-21000.0
2009-05-28,claims,ICSA,DOL,2003-07-19,level,403000.0,412000.0,0.0,naive_prior,412000.0,-9000.0
2009-05-28,claims,ICSA,DOL,2003-07-26,level,398000.0,403000.0,0.0,naive_prior,403000.0,-5000.0
2009-05-28,claims,ICSA,DOL,2003-08-02,level,401000.0,398000.0,0.0,naive_prior,398000.0,3000.0
2009-05-28,claims,ICSA,DOL,2003-08-09,level,404000.0,401000.0,0.0,naive_prior,401000.0,3000.0
2009-05-28,claims,ICSA,DOL,2003-08-16,level,398000.0,404000.0,0.0,naive_prior,404000.0,-6000.0
2009-05-28,claims,ICSA,DOL,2003-08-23,level,391000.0,398000.0,0.0,naive_prior,398000.0,-7000.0
2009-05-28,claims,ICSA,DOL,2003-08-30,level,407000.0,391000.0,0.0,naive_prior,391000.0,16000.0
2009-05-28,claims,ICSA,DOL,2003-09-06,level,422000.0,407000.0,0.0,naive_prior,407000.0,15000.0
2009-05-28,claims,ICSA,DOL,2003-09-13,level,394000.0,422000.0,0.0,naive_prior,422000.0,-28000.0
2009-05-28,claims,ICSA,DOL,2003-09-20,level,379000.0,394000.0,0.0,naive_prior,394000.0,-15000.0
2009-05-28,claims,ICSA,DOL,2003-09-27,level,387000.0,379000.0,0.0,naive_prior,379000.0,8000.0
2009-05-28,claims,ICSA,DOL,2003-10-04,level,386000.0,387000.0,0.0,naive_prior,387000.0,-1000.0
2009-05-28,claims,ICSA,DOL,2003-10-11,level,376000.0,386000.0,0.0,naive_prior,386000.0,-10000.0
2009-05-28,claims,ICSA,DOL,2003-10-18,level,387000.0,376000.0,0.0,naive_prior,376000.0,11000.0
2009-05-28,claims,ICSA,DOL,2003-10-25,level,379000.0,387000.0,0.0,naive_prior,387000.0,-8000.0
2009-05-28,claims,ICSA,DOL,2003-11-01,level,363000.0,379000.0,0.0,naive_prior,379000.0,-16000.0
2009-05-28,claims,ICSA,DOL,2003-11-08,level,371000.0,363000.0,0.0,naive_prior,363000.0,8000.0
2009-05-28,claims,ICSA,DOL,2003-11-15,level,370000.0,371000.0,0.0,naive_prior,371000.0,-1000.0
2009-05-28,claims,ICSA,DOL,2003-11-22,level,354000.0,370000.0,0.0,naive_prior,370000.0,-16000.0
2009-05-28,claims,ICSA,DOL,2003-11-29,level,357000.0,354000.0,0.0,naive_prior,354000.0,3000.0
2009-05-28,claims,ICSA,DOL,2003-12-06,level,367000.0,357000.0,0.0,naive_prior,357000.0,10000.0
2009-05-28,claims,ICSA,DOL,2003-12-13,level,363000.0,367000.0,0.0,naive_prior,367000.0,-4000.0
2009-05-28,claims,ICSA,DOL,2003-12-20,level,354000.0,363000.0,0.0,naive_prior,363000.0,-9000.0
2009-05-28,claims,ICSA,DOL,2003-12-27,level,349000.0,354000.0,0.0,naive_prior,354000.0,-5000.0
2009-05-28,claims,ICSA,DOL,2004-01-03,level,356000.0,349000.0,0.0,naive_prior,349000.0,7000.0
2009-05-28,claims,ICSA,DOL,2004-01-10,level,354000.0,356000.0,0.0,naive_prior,356000.0,-2000.0
2009-05-28,claims,ICSA,DOL,2004-01-17,level,362000.0,354000.0,0.0,naive_prior,354000.0,8000.0
2009-05-28,claims,ICSA,DOL,2004-01-24,level,353000.0,362000.0,0.0,naive_prior,362000.0,-9000.0
2009-05-28,claims,ICSA,DOL,2004-01-31,level,376000.0,353000.0,0.0,naive_prior,353000.0,23000.0
2009-05-28,claims,ICSA,DOL,2004-02-07,level,380000.0,376000.0,0.0,naive_prior,376000.0,4000.0
2009-05-28,claims,ICSA,DOL,2004-02-14,level,356000.0,380000.0,0.0,naive_prior,380000.0,-24000.0
2009-05-28,claims,ICSA,DOL,2004-02-21,level,359000.0,356000.0,0.0,naive_prior,356000.0,3000.0
2009-05-28,claims,ICSA,DOL,2004-02-28,level,348000.0,359000.0,0.0,naive_prior,359000.0,-11000.0
2009-05-28,claims,ICSA,DOL,2004-03-06,level,344000.0,348000.0,0.0,naive_prior,348000.0,-4000.0
2009-05-28,claims,ICSA,DOL,2004-03-13,level,338000.0,344000.0,0.0,naive_prior,344000.0,-6000.0
2009-05-28,claims,ICSA,DOL,2004-03-20,level,346000.0,338000.0,0.0,naive_prior,338000.0,8000.0
2009-05-28,claims,ICSA,DOL,2004-03-27,level,340000.0,346000.0,0.0,naive_prior,346000.0,-6000.0
2009-05-28,claims,ICSA,DOL,2004-04-03,level,335000.0,340000.0,0.0,naive_prior,340000.0,-5000.0
2009-05-28,claims,ICSA,DOL,2004-04-10,level,355000.0,335000.0,0.0,naive_prior,335000.0,20000.0
2009-05-28,claims,ICSA,DOL,2004-04-17,level,364000.0,355000.0,0.0,naive_prior,355000.0,9000.0
2009-05-28,claims,ICSA,DOL,2004-04-24,level,339000.0,364000.0,0.0,naive_prior,364000.0,-25000.0
2009-05-28,claims,ICSA,DOL,2004-05-01,level,324000.0,339000.0,0.0,naive_prior,339000.0,-15000.0
2009-05-28,claims,ICSA,DOL,2004-05-08,level,329000.0,324000.0,0.0,naive_prior,324000.0,5000.0
2009-05-28,claims,ICSA,DOL,2004-05-15,level,349000.0,329000.0,0.0,naive_prior,329000.0,20000.0
2009-05-28,claims,ICSA,DOL,2004-05-22,level,342000.0,349000.0,0.0,naive_prior,349000.0,-7000.0
2009-05-28,claims,ICSA,DOL,2004-05-29,level,337000.0,342000.0,0.0,naive_prior,342000.0,-5000.0
2009-05-28,claims,ICSA,DOL,2004-06-05,level,355000.0,337000.0,0.0,naive_prior,337000.0,18000.0
2009-05-28,claims,ICSA,DOL,2004-06-12,level,339000.0,355000.0,0.0,naive_prior,355000.0,-16000.0
2009-05-28,claims,ICSA,DOL,2004-06-19,level,354000.0,339000.0,0.0,naive_prior,339000.0,15000.0
2009-05-28,claims,ICSA,DOL,2004-06-26,level,348000.0,354000.0,0.0,naive_prior,354000.0,-6000.0
2009-05-28,claims,ICSA,DOL,2004-07-03,level,326000.0,348000.0,0.0,naive_prior,348000.0,-22000.0
2009-05-28,claims,ICSA,DOL,2004-07-10,level,345000.0,326000.0,0.0,naive_prior,326000.0,19000.0
2009-05-28,claims,ICSA,DOL,2004-07-17,level,355000.0,345000.0,0.0,naive_prior,345000.0,10000.0
2009-05-28,claims,ICSA,DOL,2004-07-24,level,348000.0,355000.0,0.0,naive_prior,355000.0,-7000.0
2009-05-28,claims,ICSA,DOL,2004-07-31,level,341000.0,348000.0,0.0,naive_prior,348000.0,-7000.0
2009-05-28,claims,ICSA,DOL,2004-08-07,level,336000.0,341000.0,0.0,naive_prior,341000.0,-5000.0
2009-05-28,claims,ICSA,DOL,2004-08-14,level,332000.0,336000.0,0.0,naive_prior,336000.0,-4000.0
2009-05-28,claims,ICSA,DOL,2004-08-21,level,343000.0,332000.0,0.0,naive_prior,332000.0,11000.0
2009-05-28,claims,ICSA,DOL,2004-08-28,level,352000.0,343000.0,0.0,naive_prior,343000.0,9000.0
2009-05-28,claims,ICSA,DOL,2004-09-04,level,326000.0,352000.0,0.0,naive_prior,352000.0,-26000.0
2009-05-28,claims,ICSA,DOL,2004-09-11,level,331000.0,326000.0,0.0,naive_prior,326000.0,5000.0
2009-05-28,claims,ICSA,DOL,2004-09-18,level,341000.0,331000.0,0.0,naive_prior,331000.0,10000.0
2009-05-28,claims,ICSA,DOL,2004-09-25,level,351000.0,341000.0,0.0,naive_prior,341000.0,10000.0
2009-05-28,claims,ICSA,DOL,2004-10-02,level,335000.0,351000.0,0.0,naive_prior,351000.0,-16000.0
2009-05-28,claims,ICSA,DOL,2004-10-09,level,338000.0,335000.0,0.0,naive_prior,335000.0,3000.0
2009-05-28,claims,ICSA,DOL,2004-10-16,level,327000.0,338000.0,0.0,naive_prior,338000.0,-11000.0
2009-05-28,claims,ICSA,DOL,2004-10-23,level,338000.0,327000.0,0.0,naive_prior,327000.0,11000.0
2009-05-28,claims,ICSA,DOL,2004-10-30,level,332000.0,338000.0,0.0,naive_prior,338000.0,-6000.0
2009-05-28,claims,ICSA,DOL,2004-11-06,level,330000.0,332000.0,0.0,naive_prior,332000.0,-2000.0
2009-05-28,claims,ICSA,DOL,2004-11-13,level,337000.0,330000.0,0.0,naive_prior,330000.0,7000.0
2009-05-28,claims,ICSA,DOL,2004-11-20,level,313000.0,337000.0,0.0,naive_prior,337000.0,-24000.0
2009-05-28,claims,ICSA,DOL,2004-11-27,level,335000.0,313000.0,0.0,naive_prior,313000.0,22000.0
2009-05-28,claims,ICSA,DOL,2004-12-04,level,343000.0,335000.0,0.0,naive_prior,335000.0,8000.0
2009-05-28,claims,ICSA,DOL,2004-12-11,level,316000.0,343000.0,0.0,naive_prior,343000.0,-27000.0
2009-05-28,claims,ICSA,DOL,2004-12-18,level,322000.0,316000.0,0.0,naive_prior,316000.0,6000.0
2009-05-28,claims,ICSA,DOL,2004-12-25,level,320000.0,322000.0,0.0,naive_prior,322000.0,-2000.0
2009-05-28,claims,ICSA,DOL,2005-01-01,level,354000.0,320000.0,0.0,naive_prior,320000.0,34000.0
2009-05-28,claims,ICSA,DOL,2005-01-08,level,361000.0,354000.0,0.0,naive_prior,354000.0,7000.0
2009-05-28,claims,ICSA,DOL,2005-01-15,level,335000.0,361000.0,0.0,naive_prior,361000.0,-26000.0
2009-05-28,claims,ICSA,DOL,2005-01-22,level,328000.0,335000.0,0.0,naive_prior,335000.0,-7000.0
2009-05-28,claims,ICSA,DOL,2005-01-29,level,330000.0,328000.0,0.0,naive_prior,328000.0,2000.0
2009-05-28,claims,ICSA,DOL,2005-02-05,level,307000.0,330000.0,0.0,naive_prior,330000.0,-23000.0
2009-05-28,claims,ICSA,DOL,2005-02-12,level,308000.0,307000.0,0.0,naive_prior,307000.0,1000.0
2009-05-28,claims,ICSA,DOL,2005-02-19,level,320000.0,308000.0,0.0,naive_prior,308000.0,12000.0
2009-05-28,claims,ICSA,DOL,2005-02-26,level,314000.0,320000.0,0.0,naive_prior,320000.0,-6000.0
2009-05-28,claims,ICSA,DOL,2005-03-05,level,335000.0,314000.0,0.0,naive_prior,314000.0,21000.0
2009-05-28,claims,ICSA,DOL,2005-03-12,level,325000.0,335000.0,0.0,naive_prior,335000.0,-10000.0
2009-05-28,claims,ICSA,DOL,2005-03-19,level,331000.0,325000.0,0.0,naive_prior,325000.0,6000.0
2009-05-28,claims,ICSA,DOL,2005-03-26,level,343000.0,331000.0,0.0,naive_prior,331000.0,12000.0
2009-05-28,claims,ICSA,DOL,2005-04-02,level,338000.0,343000.0,0.0,naive_prior,343000.0,-5000.0
2009-05-28,claims,ICSA,DOL,2005-04-09,level,324000.0,338000.0,0.0,naive_prior,338000.0,-14000.0
2009-05-28,claims,ICSA,DOL,2005-04-16,level,309000.0,324000.0,0.0,naive_prior,324000.0,-15000.0
2009-05-28,claims,ICSA,DOL,2005-04-23,level,319000.0,309000.0,0.0,naive_prior,309000.0,10000.0
2009-05-28,claims,ICSA,DOL,2005-04-30,level,335000.0,319000.0,0.0,naive_prior,319000.0,16000.0
2009-05-28,claims,ICSA,DOL,2005-05-07,level,328000.0,335000.0,0.0,naive_prior,335000.0,-7000.0
2009-05-28,claims,ICSA,DOL,2005-05-14,level,324000.0,328000.0,0.0,naive_prior,328000.0,-4000.0
2009-05-28,claims,ICSA,DOL,2005-05-21,level,322000.0,324000.0,0.0,naive_prior,324000.0,-2000.0
2009-05-28,claims,ICSA,DOL,2005-05-28,level,342000.0,322000.0,0.0,naive_prior,322000.0,20000.0
2009-05-28,claims,ICSA,DOL,2005-06-04,level,339000.0,342000.0,0.0,naive_prior,342000.0,-3000.0
2009-05-28,claims,ICSA,DOL,2005-06-11,level,334000.0,339000.0,0.0,naive_prior,339000.0,-5000.0
2009-05-28,claims,ICSA,DOL,2005-06-18,level,323000.0,334000.0,0.0,naive_prior,334000.0,-11000.0
2009-05-28,claims,ICSA,DOL,2005-06-25,level,312000.0,323000.0,0.0,naive_prior,323000.0,-11000.0
2009-05-28,claims,ICSA,DOL,2005-07-02,level,328000.0,312000.0,0.0,naive_prior,312000.0,16000.0
2009-05-28,claims,ICSA,DOL,2005-07-09,level,337000.0,328000.0,0.0,naive_prior,328000.0,9000.0
2009-05-28,claims,ICSA,DOL,2005-07-16,level,323000.0,337000.0,0.0,naive_prior,337000.0,-14000.0
2009-05-28,claims,ICSA,DOL,2005-07-23,level,319000.0,323000.0,0.0,naive_prior,323000.0,-4000.0
2009-05-28,claims,ICSA,DOL,2005-07-30,level,316000.0,319000.0,0.0,naive_prior,319000.0,-3000.0
2009-05-28,claims,ICSA,DOL,2005-08-06,level,311000.0,316000.0,0.0,naive_prior,316000.0,-5000.0
2009-05-28,claims,ICSA,DOL,2005-08-13,level,319000.0,311000.0,0.0,naive_prior,311000.0,8000.0
2009-05-28,claims,ICSA,DOL,2005-08-20,level,317000.0,319000.0,0.0,naive_prior,319000.0,-2000.0
2009-05-28,claims,ICSA,DOL,2005-08-27,level,319000.0,317000.0,0.0,naive_prior,317000.0,2000.0
2009-05-28,claims,ICSA,DOL,2005-09-03,level,328000.0,319000.0,0.0,naive_prior,319000.0,9000.0
2009-05-28,claims,ICSA,DOL,2005-09-10,level,423000.0,328000.0,0.0,naive_prior,328000.0,95000.0
2009-05-28,claims,ICSA,DOL,2005-09-17,level,423000.0,423000.0,0.0,naive_prior,423000.0,0.0
2009-05-28,claims,ICSA,DOL,2005-09-24,level,360000.0,423000.0,0.0,naive_prior,423000.0,-63000.0
2009-05-28,claims,ICSA,DOL,2005-10-01,level,384000.0,360000.0,0.0,naive_prior,360000.0,24000.0
2009-05-28,claims,ICSA,DOL,2005-10-08,level,382000.0,384000.0,0.0,naive_prior,384000.0,-2000.0
2009-05-28,claims,ICSA,DOL,2005-10-15,level,348000.0,382000.0,0.0,naive_prior,382000.0,-34000.0
2009-05-28,claims,ICSA,DOL,2005-10-22,level,325000.0,348000.0,0.0,naive_prior,348000.0,-23000.0
2009-05-28,claims,ICSA,DOL,2005-10-29,level,322000.0,325000.0,0.0,naive_prior,325000.0,-3000.0
2009-05-28,claims,ICSA,DOL,2005-11-05,level,325000.0,322000.0,0.0,naive_prior,322000.0,3000.0
2009-05-28,claims,ICSA,DOL,2005-11-12,level,308000.0,325000.0,0.0,naive_prior,325000.0,-17000.0
2009-05-28,claims,ICSA,DOL,2005-11-19,level,322000.0,308000.0,0.0,naive_prior,308000.0,14000.0
2009-05-28,claims,ICSA,DOL,2005-11-26,level,308000.0,322000.0,0.0,naive_prior,322000.0,-14000.0
2009-05-28,claims,ICSA,DOL,2005-12-03,level,319000.0,308000.0,0.0,naive_prior,308000.0,11000.0
2009-05-28,claims,ICSA,DOL,2005-12-10,level,325000.0,319000.0,0.0,naive_prior,319000.0,6000.0
2009-05-28,claims,ICSA,DOL,2005-12-17,level,311000.0,325000.0,0.0,naive_prior,325000.0,-14000.0
2009-05-28,claims,ICSA,DOL,2005-12-24,level,318000.0,311000.0,0.0,naive_prior,311000.0,7000.0
2009-05-28,claims,ICSA,DOL,2005-12-31,level,304000.0,318000.0,0.0,naive_prior,318000.0,-14000.0
2009-05-28,claims,ICSA,DOL,2006-01-07,level,318000.0,304000.0,0.0,naive_prior,304000.0,14000.0
2009-05-28,claims,ICSA,DOL,2006-01-14,level,284000.0,318000.0,0.0,naive_prior,318000.0,-34000.0
2009-05-28,claims,ICSA,DOL,2006-01-21,level,290000.0,284000.0,0.0,naive_prior,284000.0,6000.0
2009-05-28,claims,ICSA,DOL,2006-01-28,level,282000.0,290000.0,0.0,naive_prior,290000.0,-8000.0
2009-05-28,claims,ICSA,DOL,2006-02-04,level,288000.0,282000.0,0.0,naive_prior,282000.0,6000.0
2009-05-28,claims,ICSA,DOL,2006-02-11,level,296000.0,288000.0,0.0,naive_prior,288000.0,8000.0
2009-05-28,claims,ICSA,DOL,2006-02-18,level,286000.0,296000.0,0.0,naive_prior,296000.0,-10000.0
2009-05-28,claims,ICSA,DOL,2006-02-25,level,293000.0,286000.0,0.0,naive_prior,286000.0,7000.0
2009-05-28,claims,ICSA,DOL,2006-03-04,level,303000.0,293000.0,0.0,naive_prior,293000.0,10000.0
2009-05-28,claims,ICSA,DOL,2006-03-11,level,308000.0,303000.0,0.0,naive_prior,303000.0,5000.0
2009-05-28,claims,ICSA,DOL,2006-03-18,level,304000.0,308000.0,0.0,naive_prior,308000.0,-4000.0
2009-05-28,claims,ICSA,DOL,2006-03-25,level,296000.0,304000.0,0.0,naive_prior,304000.0,-8000.0
2009-05-28,claims,ICSA,DOL,2006-04-01,level,294000.0,296000.0,0.0,naive_prior,296000.0,-2000.0
2009-05-28,claims,ICSA,DOL,2006-04-08,level,301000.0,294000.0,0.0,naive_prior,294000.0,7000.0
2009-05-28,claims,ICSA,DOL,2006-04-15,level,299000.0,301000.0,0.0,naive_prior,301000.0,-2000.0
2009-05-28,claims,ICSA,DOL,2006-04-22,level,309000.0,299000.0,0.0,naive_prior,299000.0,10000.0
2009-05-28,claims,ICSA,DOL,2006-04-29,level,321000.0,309000.0,0.0,naive_prior,309000.0,12000.0
2009-05-28,claims,ICSA,DOL,2006-05-06,level,347000.0,321000.0,0.0,naive_prior,321000.0,26000.0
2009-05-28,claims,ICSA,DOL,2006-05-13,level,338000.0,347000.0,0.0,naive_prior,347000.0,-9000.0
2009-05-28,claims,ICSA,DOL,2006-05-20,level,322000.0,338000.0,0.0,naive_prior,338000.0,-16000.0
2009-05-28,claims,ICSA,DOL,2006-05-27,level,332000.0,322000.0,0.0,naive_prior,322000.0,10000.0
2009-05-28,claims,ICSA,DOL,2006-06-03,level,309000.0,332000.0,0.0,naive_prior,332000.0,-23000.0
2009-05-28,claims,ICSA,DOL,2006-06-10,level,300000.0,309000.0,0.0,naive_prior,309000.0,-9000.0
2009-05-28,claims,ICSA,DOL,2006-06-17,level,311000.0,300000.0,0.0,naive_prior,300000.0,11000.0
2009-05-28,claims,ICSA,DOL,2006-06-24,level,313000.0,311000.0,0.0,naive_prior,311000.0,2000.0
2009-05-28,claims,ICSA,DOL,2006-07-01,level,318000.0,313000.0,0.0,naive_prior,313000.0,5000.0
2009-05-28,claims,ICSA,DOL,2006-07-08,level,340000.0,318000.0,0.0,naive_prior,318000.0,22000.0
2009-05-28,claims,ICSA,DOL,2006-07-15,level,317000.0,340000.0,0.0,naive_prior,340000.0,-23000.0
2009-05-28,claims,ICSA,DOL,2006-07-22,level,308000.0,317000.0,0.0,naive_prior,317000.0,-9000.0
2009-05-28,claims,ICSA,DOL,2006-07-29,level,313000.0,308000.0,0.0,naive_prior,308000.0,5000.0
2009-05-28,claims,ICSA,DOL,2006-08-05,level,320000.0,313000.0,0.0,naive_prior,313000.0,7000.0
2009-05-28,claims,ICSA,DOL,2006-08-12,level,314000.0,320000.0,0.0,naive_prior,320000.0,-6000.0
2009-05-28,claims,ICSA,DOL,2006-08-19,level,319000.0,314000.0,0.0,naive_prior,314000.0,5000.0
2009-05-28,claims,ICSA,DOL,2006-08-26,level,317000.0,319000.0,0.0,naive_prior,319000.0,-2000.0
2009-05-28,claims,ICSA,DOL,2006-09-02,level,317000.0,317000.0,0.0,naive_prior,317000.0,0.0
2009-05-28,claims,ICSA,DOL,2006-09-09,level,315000.0,317000.0,0.0,naive_prior,317000.0,-2000.0
2009-05-28,claims,ICSA,DOL,2006-09-16,level,324000.0,315000.0,0.0,naive_prior,315000.0,9000.0
2009-05-28,claims,ICSA,DOL,2006-09-23,level,320000.0,324000.0,0.0,naive_prior,324000.0,-4000.0
2009-05-28,claims,ICSA,DOL,2006-09-30,level,309000.0,320000.0,0.0,naive_prior,320000.0,-11000.0
2009-05-28,claims,ICSA,DOL,2006-10-07,level,317000.0,309000.0,0.0,naive_prior,309000.0,8000.0
2009-05-28,claims,ICSA,DOL,2006-10-14,level,306000.0,317000.0,0.0,naive_prior,317000.0,-11000.0
2009-05-28,claims,ICSA,DOL,2006-10-21,level,314000.0,306000.0,0.0,naive_prior,306000.0,8000.0
2009-05-28,claims,ICSA,DOL,2006-10-28,level,329000.0,314000.0,0.0,naive_prior,314000.0,15000.0
2009-05-28,claims,ICSA,DOL,2006-11-04,level,319000.0,329000.0,0.0,naive_prior,329000.0,-10000.0
2009-05-28,claims,ICSA,DOL,2006-11-11,level,311000.0,319000.0,0.0,naive_prior,319000.0,-8000.0
2009-05-28,claims,ICSA,DOL,2006-11-18,level,323000.0,311000.0,0.0,naive_prior,311000.0,12000.0
2009-05-28,claims,ICSA,DOL,2006-11-25,level,343000.0,323000.0,0.0,naive_prior,323000.0,20000.0
2009-05-28,claims,ICSA,DOL,2006-12-02,level,324000.0,343000.0,0.0,naive_prior,343000.0,-19000.0
2009-05-28,claims,ICSA,DOL,2006-12-09,level,309000.0,324000.0,0.0,naive_prior,324000.0,-15000.0
2009-05-28,claims,ICSA,DOL,2006-12-16,level,315000.0,309000.0,0.0,naive_prior,309000.0,6000.0
2009-05-28,claims,ICSA,DOL,2006-12-23,level,318000.0,315000.0,0.0,naive_prior,315000.0,3000.0
2009-05-28,claims,ICSA,DOL,2006-12-30,level,337000.0,318000.0,0.0,naive_prior,318000.0,19000.0
2009-05-28,claims,ICSA,DOL,2007-01-06,level,322000.0,337000.0,0.0,naive_prior,337000.0,-15000.0
2009-05-28,claims,ICSA,DOL,2007-01-13,level,295000.0,322000.0,0.0,naive_prior,322000.0,-27000.0
2009-05-28,claims,ICSA,DOL,2007-01-20,level,337000.0,295000.0,0.0,naive_prior,295000.0,42000.0
2009-05-28,claims,ICSA,DOL,2007-01-27,level,309000.0,337000.0,0.0,naive_prior,337000.0,-28000.0
2009-05-28,claims,ICSA,DOL,2007-02-03,level,307000.0,309000.0,0.0,naive_prior,309000.0,-2000.0
2009-05-28,claims,ICSA,DOL,2007-02-10,level,332000.0,307000.0,0.0,naive_prior,307000.0,25000.0
2009-05-28,claims,ICSA,DOL,2007-02-17,level,323000.0,332000.0,0.0,naive_prior,332000.0,-9000.0
2009-05-28,claims,ICSA,DOL,2007-02-24,level,319000.0,323000.0,0.0,naive_prior,323000.0,-4000.0
2009-05-28,claims,ICSA,DOL,2007-03-03,level,321000.0,319000.0,0.0,naive_prior,319000.0,2000.0
2009-05-28,claims,ICSA,DOL,2007-03-10,level,308000.0,321000.0,0.0,naive_prior,321000.0,-13000.0
2009-05-28,claims,ICSA,DOL,2007-03-17,level,308000.0,308000.0,0.0,naive_prior,308000.0,0.0
2009-05-28,claims,ICSA,DOL,2007-03-24,level,303000.0,308000.0,0.0,naive_prior,308000.0,-5000.0
2009-05-28,claims,ICSA,DOL,2007-03-31,level,309000.0,303000.0,0.0,naive_prior,303000.0,6000.0
2009-05-28,claims,ICSA,DOL,2007-04-07,level,333000.0,309000.0,0.0,naive_prior,309000.0,24000.0
2009-05-28,claims,ICSA,DOL,2007-04-14,level,329000.0,333000.0,0.0,naive_prior,333000.0,-4000.0
2009-05-28,claims,ICSA,DOL,2007-04-21,level,324000.0,329000.0,0.0,naive_prior,329000.0,-5000.0
2009-05-28,claims,ICSA,DOL,2007-04-28,level,305000.0,324000.0,0.0,naive_prior,324000.0,-19000.0
2009-05-28,claims,ICSA,DOL,2007-05-05,level,301000.0,305000.0,0.0,naive_prior,305000.0,-4000.0
2009-05-28,claims,ICSA,DOL,2007-05-12,level,302000.0,301000.0,0.0,naive_prior,301000.0,1000.0
2009-05-28,claims,ICSA,DOL,2007-05-19,level,314000.0,302000.0,0.0,naive_prior,302000.0,12000.0
2009-05-28,claims,ICSA,DOL,2007-05-26,level,314000.0,314000.0,0.0,naive_prior,314000.0,0.0
2009-05-28,claims,ICSA,DOL,2007-06-02,level,318000.0,314000.0,0.0,naive_prior,314000.0,4000.0
2009-05-28,claims,ICSA,DOL,2007-06-09,level,316000.0,318000.0,0.0,naive_prior,318000.0,-2000.0
2009-05-28,claims,ICSA,DOL,2007-06-16,level,327000.0,316000.0,0.0,naive_prior,316000.0,11000.0
2009-05-28,claims,ICSA,DOL,2007-06-23,level,318000.0,327000.0,0.0,naive_prior,327000.0,-9000.0
2009-05-28,claims,ICSA,DOL,2007-06-30,level,323000.0,318000.0,0.0,naive_prior,318000.0,5000.0
2009-05-28,claims,ICSA,DOL,2007-07-07,level,318000.0,323000.0,0.0,naive_prior,323000.0,-5000.0
2009-05-28,claims,ICSA,DOL,2007-07-14,level,316000.0,318000.0,0.0,naive_prior,318000.0,-2000.0
2009-05-28,claims,ICSA,DOL,2007-07-21,level,312000.0,316000.0,0.0,naive_prior,316000.0,-4000.0
2009-05-28,claims,ICSA,DOL,2007-07-28,level,308000.0,312000.0,0.0,naive_prior,312000.0,-4000.0
2009-05-28,claims,ICSA,DOL,2007-08-04,level,315000.0,308000.0,0.0,naive_prior,308000.0,7000.0
2009-05-28,claims,ICSA,DOL,2007-08-11,level,321000.0,315000.0,0.0,naive_prior,315000.0,6000.0
2009-05-28,claims,ICSA,DOL,2007-08-18,level,328000.0,321000.0,0.0,naive_prior,321000.0,7000.0
2009-05-28,claims,ICSA,DOL,2007-08-25,level,334000.0,328000.0,0.0,naive_prior,328000.0,6000.0
2009-05-28,claims,ICSA,DOL,2007-09-01,level,319000.0,334000.0,0.0,naive_prior,334000.0,-15000.0
2009-05-28,claims,ICSA,DOL,2007-09-08,level,323000.0,319000.0,0.0,naive_prior,319000.0,4000.0
2009-05-28,claims,ICSA,DOL,2007-09-15,level,317000.0,323000.0,0.0,naive_prior,323000.0,-6000.0
2009-05-28,claims,ICSA,DOL,2007-09-22,level,303000.0,317000.0,0.0,naive_prior,317000.0,-14000.0
2009-05-28,claims,ICSA,DOL,2007-09-29,level,319000.0,303000.0,0.0,naive_prior,303000.0,16000.0
2009-05-28,claims,ICSA,DOL,2007-10-06,level,317000.0,319000.0,0.0,naive_prior,319000.0,-2000.0
2009-05-28,claims,ICSA,DOL,2007-10-13,level,338000.0,317000.0,0.0,naive_prior,317000.0,21000.0
2009-05-28,claims,ICSA,DOL,2007-10-20,level,336000.0,338000.0,0.0,naive_prior,338000.0,-2000.0
2009-05-28,claims,ICSA,DOL,2007-10-27,level,330000.0,336000.0,0.0,naive_prior,336000.0,-6000.0
2009-05-28,claims,ICSA,DOL,2007-11-03,level,327000.0,330000.0,0.0,naive_prior,330000.0,-3000.0
2009-05-28,claims,ICSA,DOL,2007-11-10,level,331000.0,327000.0,0.0,naive_prior,327000.0,4000.0
2009-05-28,claims,ICSA,DOL,2007-11-17,level,329000.0,331000.0,0.0,naive_prior,331000.0,-2000.0
2009-05-28,claims,ICSA,DOL,2007-11-24,level,344000.0,329000.0,0.0,naive_prior,329000.0,15000.0
2009-05-28,claims,ICSA,DOL,2007-12-01,level,340000.0,344000.0,0.0,naive_prior,344000.0,-4000.0
2009-05-28,claims,ICSA,DOL,2007-12-08,level,327000.0,340000.0,0.0,naive_prior,340000.0,-13000.0
2009-05-28,claims,ICSA,DOL,2007-12-15,level,344000.0,327000.0,0.0,naive_prior,327000.0,17000.0
2009-05-28,claims,ICSA,DOL,2007-12-22,level,346000.0,344000.0,0.0,naive_prior,344000.0,2000.0
2009-05-28,claims,ICSA,DOL,2007-12-29,level,349000.0,346000.0,0.0,naive_prior,346000.0,3000.0
2009-05-28,claims,ICSA,DOL,2008-01-05,level,338000.0,349000.0,0.0,naive_prior,349000.0,-11000.0
2009-05-28,claims,ICSA,DOL,2008-01-12,level,314000.0,338000.0,0.0,naive_prior,338000.0,-24000.0
2009-05-28,claims,ICSA,DOL,2008-01-19,level,318000.0,314000.0,0.0,naive_prior,314000.0,4000.0
2009-05-28,claims,ICSA,DOL,2008-01-26,level,367000.0,318000.0,0.0,naive_prior,318000.0,49000.0
2009-05-28,claims,ICSA,DOL,2008-02-02,level,347000.0,367000.0,0.0,naive_prior,367000.0,-20000.0
2009-05-28,claims,ICSA,DOL,2008-02-09,level,334000.0,347000.0,0.0,naive_prior,347000.0,-13000.0
2009-05-28,claims,ICSA,DOL,2008-02-16,level,341000.0,334000.0,0.0,naive_prior,334000.0,7000.0
2009-05-28,claims,ICSA,DOL,2008-02-23,level,352000.0,341000.0,0.0,naive_prior,341000.0,11000.0
2009-05-28,claims,ICSA,DOL,2008-03-01,level,344000.0,352000.0,0.0,naive_prior,352000.0,-8000.0
2009-05-28,claims,ICSA,DOL,2008-03-08,level,348000.0,344000.0,0.0,naive_prior,344000.0,4000.0
2009-05-28,claims,ICSA,DOL,2008-03-15,level,367000.0,348000.0,0.0,naive_prior,348000.0,19000.0
2009-05-28,claims,ICSA,DOL,2008-03-22,level,367000.0,367000.0,0.0,naive_prior,367000.0,0.0
2009-05-28,claims,ICSA,DOL,2008-03-29,level,389000.0,367000.0,0.0,naive_prior,367000.0,22000.0
2009-05-28,claims,ICSA,DOL,2008-04-05,level,358000.0,389000.0,0.0,naive_prior,389000.0,-31000.0
2009-05-28,claims,ICSA,DOL,2008-04-12,level,369000.0,358000.0,0.0,naive_prior,358000.0,11000.0
2009-05-28,claims,ICSA,DOL,2008-04-19,level,353000.0,369000.0,0.0,naive_prior,369000.0,-16000.0
2009-05-28,claims,ICSA,DOL,2008-04-26,level,378000.0,353000.0,0.0,naive_prior,353000.0,25000.0
2009-05-28,claims,ICSA,DOL,2008-05-03,level,372000.0,378000.0,0.0,naive_prior,378000.0,-6000.0
2009-05-28,claims,ICSA,DOL,2008-05-10,level,375000.0,372000.0,0.0,naive_prior,372000.0,3000.0
2009-05-28,claims,ICSA,DOL,2008-05-17,level,374000.0,375000.0,0.0,naive_prior,375000.0,-1000.0
2009-05-28,claims,ICSA,DOL,2008-05-24,level,378000.0,374000.0,0.0,naive_prior,374000.0,4000.0
2009-05-28,claims,ICSA,DOL,2008-05-31,level,370000.0,378000.0,0.0,naive_prior,378000.0,-8000.0
2009-05-28,claims,ICSA,DOL,2008-06-07,level,388000.0,370000.0,0.0,naive_prior,370000.0,18000.0
2009-05-28,claims,ICSA,DOL,2008-06-14,level,390000.0,388000.0,0.0,naive_prior,388000.0,2000.0
2009-05-28,claims,ICSA,DOL,2008-06-21,level,392000.0,390000.0,0.0,naive_prior,390000.0,2000.0
2009-05-28,claims,ICSA,DOL,2008-06-28,level,405000.0,392000.0,0.0,naive_prior,392000.0,13000.0
2009-05-28,claims,ICSA,DOL,2008-07-05,level,367000.0,405000.0,0.0,naive_prior,405000.0,-38000.0
2009-05-28,claims,ICSA,DOL,2008-07-12,level,387000.0,367000.0,0.0,naive_prior,367000.0,20000.0
2009-05-28,claims,ICSA,DOL,2008-07-19,level,413000.0,387000.0,0.0,naive_prior,387000.0,26000.0
2009-05-28,claims,ICSA,DOL,2008-07-26,level,442000.0,413000.0,0.0,naive_prior,413000.0,29000.0
2009-05-28,claims,ICSA,DOL,2008-08-02,level,450000.0,442000.0,0.0,naive_prior,442000.0,8000.0
2009-05-28,claims,ICSA,DOL,2008-08-09,level,440000.0,450000.0,0.0,naive_prior,450000.0,-10000.0
2009-05-28,claims,ICSA,DOL,2008-08-16,level,438000.0,440000.0,0.0,naive_prior,440000.0,-2000.0
2009-05-28,claims,ICSA,DOL,2008-08-23,level,433000.0,438000.0,0.0,naive_prior,438000.0,-5000.0
2009-05-28,claims,ICSA,DOL,2008-08-30,level,450000.0,433000.0,0.0,naive_prior,433000.0,17000.0
2009-05-28,claims,ICSA,DOL,2008-09-06,level,447000.0,450000.0,0.0,naive_prior,450000.0,-3000.0
2009-05-28,claims,ICSA,DOL,2008-09-13,level,459000.0,447000.0,0.0,naive_prior,447000.0,12000.0
2009-05-28,claims,ICSA,DOL,2008-09-20,level,485000.0,459000.0,0.0,naive_prior,459000.0,26000.0
2009-05-28,claims,ICSA,DOL,2008-09-27,level,490000.0,485000.0,0.0,naive_prior,485000.0,5000.0
2009-05-28,claims,ICSA,DOL,2008-10-04,level,478000.0,490000.0,0.0,naive_prior,490000.0,-12000.0
2009-05-28,claims,ICSA,DOL,2008-10-11,level,469000.0,478000.0,0.0,naive_prior,478000.0,-9000.0
2009-05-28,claims,ICSA,DOL,2008-10-18,level,479000.0,469000.0,0.0,naive_prior,469000.0,10000.0
2009-05-28,claims,ICSA,DOL,2008-10-25,level,485000.0,479000.0,0.0,naive_prior,479000.0,6000.0
2009-05-28,claims,ICSA,DOL,2008-11-01,level,488000.0,485000.0,0.0,naive_prior,485000.0,3000.0
2009-05-28,claims,ICSA,DOL,2008-11-08,level,509000.0,488000.0,0.0,naive_prior,488000.0,21000.0
2009-05-28,claims,ICSA,DOL,2008-11-15,level,533000.0,509000.0,0.0,naive_prior,509000.0,24000.0
2009-05-28,claims,ICSA,DOL,2008-11-22,level,520000.0,533000.0,0.0,naive_prior,533000.0,-13000.0
2009-05-28,claims,ICSA,DOL,2008-11-29,level,517000.0,520000.0,0.0,naive_prior,520000.0,-3000.0
2009-05-28,claims,ICSA,DOL,2008-12-06,level,552000.0,517000.0,0.0,naive_prior,517000.0,35000.0
2009-05-28,claims,ICSA,DOL,2008-12-13,level,552000.0,552000.0,0.0,naive_prior,552000.0,0.0
2009-05-28,claims,ICSA,DOL,2008-12-20,level,564000.0,552000.0,0.0,naive_prior,552000.0,12000.0
2009-05-28,claims,ICSA,DOL,2008-12-27,level,508000.0,564000.0,0.0,naive_prior,564000.0,-56000.0
2009-05-28,claims,ICSA,DOL,2009-01-03,level,488000.0,508000.0,0.0,naive_prior,508000.0,-20000.0
2009-05-28,claims,ICSA,DOL,2009-01-10,level,535000.0,488000.0,0.0,naive_prior,488000.0,47000.0
2009-05-28,claims,ICSA,DOL,2009-01-17,level,575000.0,535000.0,0.0,naive_prior,535000.0,40000.0
2009-05-28,claims,ICSA,DOL,2009-01-24,level,590000.0,575000.0,0.0,naive_prior,575000.0,15000.0
2009-05-28,claims,ICSA,DOL,2009-01-31,level,624000.0,590000.0,0.0,naive_prior,590000.0,34000.0
2009-05-28,claims,ICSA,DOL,2009-02-07,level,617000.0,624000.0,0.0,naive_prior,624000.0,-7000.0
2009-05-28,claims,ICSA,DOL,2009-02-14,level,631000.0,617000.0,0.0,naive_prior,617000.0,14000.0
2009-05-28,claims,ICSA,DOL,2009-02-21,level,656000.0,631000.0,0.0,naive_prior,631000.0,25000.0
2009-05-28,claims,ICSA,DOL,2009-02-28,level,643000.0,656000.0,0.0,naive_prior,656000.0,-13000.0
2009-05-28,claims,ICSA,DOL,2009-03-07,level,657000.0,643000.0,0.0,naive_prior,643000.0,14000.0
2009-05-28,claims,ICSA,DOL,2009-03-14,level,644000.0,657000.0,0.0,naive_prior,657000.0,-13000.0
2009-05-28,claims,ICSA,DOL,2009-03-21,level,657000.0,644000.0,0.0,naive_prior,644000.0,13000.0
2009-05-28,claims,ICSA,DOL,2009-03-28,level,674000.0,657000.0,0.0,naive_prior,657000.0,17000.0
2009-05-28,claims,ICSA,DOL,2009-04-04,level,660000.0,674000.0,0.0,naive_prior,674000.0,-14000.0
2009-05-28,claims,ICSA,DOL,2009-04-11,level,613000.0,660000.0,0.0,naive_prior,660000.0,-47000.0
2009-05-28,claims,ICSA,DOL,2009-04-18,level,645000.0,613000.0,0.0,naive_prior,613000.0,32000.0
2009-05-28,claims,ICSA,DOL,2009-04-25,level,635000.0,645000.0,0.0,naive_prior,645000.0,-10000.0
2009-05-28,claims,ICSA,DOL,2009-05-02,level,605000.0,635000.0,0.0,naive_prior,635000.0,-30000.0
2009-05-28,claims,ICSA,DOL,2009-05-09,level,643000.0,605000.0,0.0,naive_prior,605000.0,38000.0
2009-05-28,claims,ICSA,DOL,2009-05-16,level,636000.0,643000.0,0.0,naive_prior,643000.0,-7000.0
2009-05-28,claims,ICSA,DOL,2009-05-23,level,623000.0,636000.0,0.0,naive_prior,636000.0,-13000.0
2009-06-01,pce,PCEPI,BEA,2009-04-01,level,121.4,121.323,-0.003999999999990678,naive_prior,121.323,0.07700000000001239
2009-06-04,claims,ICSA,DOL,2009-05-30,level,621000.0,623000.0,2000.0,naive_prior,623000.0,-2000.0
2009-06-05,empsit,PAYEMS,BLS,2009-05-01,change,-345.0,132414.0,82.0,naive_prior,-539.0,194.0
2009-06-05,unrate,UNRATE,BLS,2009-05-01,level,9.4,8.9,0.0,naive_prior,8.9,0.5
2009-06-11,claims,ICSA,DOL,2009-06-06,level,601000.0,621000.0,4000.0,naive_prior,621000.0,-20000.0
2009-06-11,retail,RSAFS,Census,2009-05-01,level,339993.0,337677.0,745.0,naive_prior,337677.0,2316.0
2009-06-17,cpi,CPIAUCSL,BLS,2009-05-01,level,212.876,212.671,0.0,naive_prior,212.671,0.2050000000000125
2009-06-17,cpi_core,CPILFESL,BLS,2009-05-01,level,218.91,218.594,0.0,naive_prior,218.594,0.3160000000000025
2009-06-18,claims,ICSA,DOL,2009-06-13,level,608000.0,601000.0,4000.0,naive_prior,601000.0,7000.0
2009-06-25,claims,ICSA,DOL,2009-06-20,level,627000.0,608000.0,4000.0,naive_prior,608000.0,19000.0
2009-06-26,pce,PCEPI,BEA,2009-05-01,level,121.527,121.4,0.0519999999999925,naive_prior,121.4,0.12699999999999534
2009-07-02,claims,ICSA,DOL,2009-06-27,level,614000.0,627000.0,3000.0,naive_prior,627000.0,-13000.0
2009-07-02,empsit,PAYEMS,BLS,2009-06-01,change,-467.0,132151.0,8.0,naive_prior,-345.0,-122.0
2009-07-02,unrate,UNRATE,BLS,2009-06-01,level,9.5,9.4,0.0,naive_prior,9.4,0.09999999999999964
2009-07-09,claims,ICSA,DOL,2009-07-04,level,565000.0,614000.0,3000.0,naive_prior,614000.0,-49000.0
2009-07-14,retail,RSAFS,Census,2009-06-01,level,342138.0,339993.0,-61.0,naive_prior,339993.0,2145.0
2009-07-15,cpi,CPIAUCSL,BLS,2009-06-01,level,214.459,212.876,0.0,naive_prior,212.876,1.5829999999999984
2009-07-15,cpi_core,CPILFESL,BLS,2009-06-01,level,219.344,218.91,0.0,naive_prior,218.91,0.4339999999999975
2009-07-16,claims,ICSA,DOL,2009-07-11,level,522000.0,565000.0,4000.0,naive_prior,565000.0,-43000.0
2009-07-23,claims,ICSA,DOL,2009-07-18,level,554000.0,522000.0,2000.0,naive_prior,522000.0,32000.0
2009-07-30,claims,ICSA,DOL,2009-07-25,level,584000.0,554000.0,5000.0,naive_prior,554000.0,30000.0
2009-07-31,gdp,GDP,BEA,2009-04-01,level,14149.8,14075.5,102.5,naive_prior,14075.5,74.29999999999927
2009-08-04,pce,PCEPI,BEA,2009-06-01,level,109.219,121.527,-12.900999999999996,naive_prior,121.527,-12.308000000000007
2009-08-06,claims,ICSA,DOL,2009-08-01,level,550000.0,584000.0,4000.0,naive_prior,584000.0,-34000.0
2009-08-07,empsit,PAYEMS,BLS,2009-07-01,change,-247.0,131692.0,43.0,naive_prior,-467.0,220.0
2009-08-07,unrate,UNRATE,BLS,2009-07-01,level,9.4,9.5,0.0,naive_prior,9.5,-0.09999999999999964
2009-08-13,claims,ICSA,DOL,2009-08-08,level,558000.0,550000.0,4000.0,naive_prior,550000.0,8000.0
2009-08-13,retail,RSAFS,Census,2009-07-01,level,342309.0,342138.0,359.0,naive_prior,342138.0,171.0
2009-08-14,cpi,CPIAUCSL,BLS,2009-07-01,level,214.469,214.459,0.0,naive_prior,214.459,0.009999999999990905
2009-08-14,cpi_core,CPILFESL,BLS,2009-07-01,level,219.543,219.344,0.0,naive_prior,219.344,0.19900000000001228
2009-08-20,claims,ICSA,DOL,2009-08-15,level,576000.0,558000.0,3000.0,naive_prior,558000.0,18000.0
2009-08-27,claims,ICSA,DOL,2009-08-22,level,570000.0,576000.0,4000.0,naive_prior,576000.0,-6000.0
2009-08-28,pce,PCEPI,BEA,2009-07-01,level,109.267,109.219,0.009000000000000341,naive_prior,109.219,0.04800000000000182
2009-09-03,claims,ICSA,DOL,2009-08-29,level,570000.0,570000.0,4000.0,naive_prior,570000.0,0.0
2009-09-04,empsit,PAYEMS,BLS,2009-08-01,change,-216.0,131488.0,-49.0,naive_prior,-247.0,31.0
2009-09-04,unrate,UNRATE,BLS,2009-08-01,level,9.7,9.4,0.0,naive_prior,9.4,0.29999999999999893
2009-09-10,claims,ICSA,DOL,2009-09-05,level,550000.0,570000.0,6000.0,naive_prior,570000.0,-20000.0
2009-09-15,retail,RSAFS,Census,2009-08-01,level,351418.0,342309.0,-29.0,naive_prior,342309.0,9109.0
2009-09-16,cpi,CPIAUCSL,BLS,2009-08-01,level,215.428,214.469,0.0,naive_prior,214.469,0.9590000000000032
2009-09-16,cpi_core,CPILFESL,BLS,2009-08-01,level,219.692,219.543,0.0,naive_prior,219.543,0.1490000000000009
2009-09-17,claims,ICSA,DOL,2009-09-12,level,545000.0,550000.0,7000.0,naive_prior,550000.0,-5000.0
2009-09-24,claims,ICSA,DOL,2009-09-19,level,530000.0,545000.0,6000.0,naive_prior,545000.0,-15000.0
2009-10-01,claims,ICSA,DOL,2009-09-26,level,551000.0,530000.0,4000.0,naive_prior,530000.0,21000.0
2009-10-01,pce,PCEPI,BEA,2009-08-01,level,109.641,109.267,0.0030000000000001137,naive_prior,109.267,0.37400000000000944
2009-10-02,empsit,PAYEMS,BLS,2009-09-01,change,-263.0,131223.0,-13.0,naive_prior,-216.0,-47.0
2009-10-02,unrate,UNRATE,BLS,2009-09-01,level,9.8,9.7,0.0,naive_prior,9.7,0.10000000000000142
2009-10-08,claims,ICSA,DOL,2009-10-03,level,521000.0,551000.0,3000.0,naive_prior,551000.0,-30000.0
2009-10-14,retail,RSAFS,Census,2009-09-01,level,344688.0,351418.0,-1533.0,naive_prior,351418.0,-6730.0
2009-10-15,claims,ICSA,DOL,2009-10-10,level,514000.0,521000.0,3000.0,naive_prior,521000.0,-7000.0
2009-10-15,cpi,CPIAUCSL,BLS,2009-09-01,level,215.791,215.428,0.0,naive_prior,215.428,0.36299999999999955
2009-10-15,cpi_core,CPILFESL,BLS,2009-09-01,level,220.053,219.692,0.0,naive_prior,219.692,0.36099999999999
2009-10-22,claims,ICSA,DOL,2009-10-17,level,531000.0,514000.0,6000.0,naive_prior,514000.0,17000.0
2009-10-29,claims,ICSA,DOL,2009-10-24,level,530000.0,531000.0,0.0,naive_prior,531000.0,-1000.0
2009-10-29,gdp,GDP,BEA,2009-07-01,level,14301.5,14149.8,1.4000000000014552,naive_prior,14149.8,151.70000000000073
2009-10-30,pce,PCEPI,BEA,2009-09-01,level,109.775,109.641,0.003999999999990678,naive_prior,109.641,0.13400000000000034
2009-11-05,claims,ICSA,DOL,2009-10-31,level,512000.0,530000.0,2000.0,naive_prior,530000.0,-18000.0
2009-11-06,empsit,PAYEMS,BLS,2009-10-01,change,-190.0,130947.0,91.0,naive_prior,-263.0,73.0
2009-11-06,unrate,UNRATE,BLS,2009-10-01,level,10.2,9.8,0.0,naive_prior,9.8,0.3999999999999986
2009-11-12,claims,ICSA,DOL,2009-11-07,level,502000.0,512000.0,2000.0,naive_prior,512000.0,-10000.0
2009-11-16,retail,RSAFS,Census,2009-10-01,level,347483.0,344688.0,-1905.0,naive_prior,344688.0,2795.0
2009-11-18,cpi,CPIAUCSL,BLS,2009-10-01,level,216.385,215.791,0.0,naive_prior,215.791,0.5939999999999941
2009-11-18,cpi_core,CPILFESL,BLS,2009-10-01,level,220.453,220.053,0.0,naive_prior,220.053,0.4000000000000057
2009-11-19,claims,ICSA,DOL,2009-11-14,level,505000.0,502000.0,3000.0,naive_prior,502000.0,3000.0
2009-11-25,claims,ICSA,DOL,2009-11-21,level,466000.0,505000.0,-4000.0,naive_prior,505000.0,-39000.0
2009-11-25,pce,PCEPI,BEA,2009-10-01,level,110.046,109.775,-0.018000000000000682,naive_prior,109.775,0.2710000000000008
2009-12-03,claims,ICSA,DOL,2009-11-28,level,457000.0,466000.0,-4000.0,naive_prior,466000.0,-9000.0
2009-12-04,empsit,PAYEMS,BLS,2009-11-01,change,-11.0,130848.0,159.0,naive_prior,-190.0,179.0
2009-12-04,unrate,UNRATE,BLS,2009-11-01,level,10.0,10.2,0.0,naive_prior,10.2,-0.1999999999999993
2009-12-10,claims,ICSA,DOL,2009-12-05,level,474000.0,457000.0,0.0,naive_prior,457000.0,17000.0
2009-12-11,retail,RSAFS,Census,2009-11-01,level,352073.0,347483.0,122.0,naive_prior,347483.0,4590.0
2009-12-16,cpi,CPIAUCSL,BLS,2009-11-01,level,217.25,216.385,0.0,naive_prior,216.385,0.8650000000000091
2009-12-16,cpi_core,CPILFESL,BLS,2009-11-01,level,220.527,220.453,0.0,naive_prior,220.453,0.07399999999998386
2009-12-17,claims,ICSA,DOL,2009-12-12,level,480000.0,474000.0,-1000.0,naive_prior,474000.0,6000.0
2009-12-23,pce,PCEPI,BEA,2009-11-01,level,110.251,110.046,-0.06900000000000261,naive_prior,110.046,0.2049999999999983
2009-12-24,claims,ICSA,DOL,2009-12-19,level,452000.0,480000.0,0.0,naive_prior,480000.0,-28000.0
2009-12-31,claims,ICSA,DOL,2009-12-26,level,432000.0,452000.0,2000.0,naive_prior,452000.0,-20000.0
2010-01-07,claims,ICSA,DOL,2010-01-02,level,434000.0,432000.0,1000.0,naive_prior,432000.0,2000.0
2010-01-08,empsit,PAYEMS,BLS,2009-12-01,change,-85.0,130996.0,-1.0,naive_prior,-11.0,-74.0
2010-01-08,unrate,UNRATE,BLS,2009-12-01,level,10.0,10.0,0.0,naive_prior,10.0,0.0
2010-01-14,claims,ICSA,DOL,2010-01-09,level,444000.0,434000.0,-1000.0,naive_prior,434000.0,10000.0
2010-01-14,retail,RSAFS,Census,2009-12-01,level,352985.0,352073.0,1878.0,naive_prior,352073.0,912.0
2010-01-15,cpi,CPIAUCSL,BLS,2009-12-01,level,217.541,217.25,0.0,naive_prior,217.25,0.2909999999999968
2010-01-15,cpi_core,CPILFESL,BLS,2009-12-01,level,220.774,220.527,0.0,naive_prior,220.527,0.2470000000000141
2010-01-21,claims,ICSA,DOL,2010-01-16,level,482000.0,444000.0,2000.0,naive_prior,444000.0,38000.0
2010-01-28,claims,ICSA,DOL,2010-01-23,level,470000.0,482000.0,-4000.0,naive_prior,482000.0,-12000.0
2010-01-29,gdp,GDP,BEA,2009-10-01,level,14463.4,14301.5,-59.399999999999636,naive_prior,14301.5,161.89999999999964
2010-02-01,pce,PCEPI,BEA,2009-12-01,level,110.401,110.251,0.042999999999992156,naive_prior,110.251,0.14999999999999147
2010-02-04,claims,ICSA,DOL,2010-01-30,level,480000.0,470000.0,2000.0,naive_prior,470000.0,10000.0
2010-02-05,empsit,PAYEMS,BLS,2010-01-01,change,-20.0,130910.0,-1363.0,naive_prior,-85.0,65.0
2010-02-05,unrate,UNRATE,BLS,2010-01-01,level,9.7,10.0,0.0,naive_prior,10.0,-0.3000000000000007
2010-02-11,claims,ICSA,DOL,2010-02-06,level,440000.0,480000.0,3000.0,naive_prior,480000.0,-40000.0
2010-02-12,retail,RSAFS,Census,2010-01-01,level,355777.0,352985.0,1100.0,naive_prior,352985.0,2792.0
2010-02-18,claims,ICSA,DOL,2010-02-13,level,473000.0,440000.0,2000.0,naive_prior,440000.0,33000.0
2010-02-19,cpi,CPIAUCSL,BLS,2010-01-01,level,217.587,217.541,-0.3170000000000073,naive_prior,217.541,0.04599999999999227
2010-02-19,cpi_core,CPILFESL,BLS,2010-01-01,level,220.463,220.774,-0.009999999999990905,naive_prior,220.774,-0.31100000000000705
2010-02-25,claims,ICSA,DOL,2010-02-20,level,496000.0,473000.0,1000.0,naive_prior,473000.0,23000.0
2010-03-01,pce,PCEPI,BEA,2010-01-01,level,110.501,110.401,-0.09399999999999409,naive_prior,110.401,0.10000000000000853
2010-03-04,claims,ICSA,DOL,2010-02-27,level,469000.0,496000.0,2000.0,naive_prior,496000.0,-27000.0
2010-03-05,empsit,PAYEMS,BLS,2010-02-01,change,-36.0,129527.0,35.0,naive_prior,-20.0,-16.0
2010-03-05,unrate,UNRATE,BLS,2010-02-01,level,9.7,9.7,0.0,naive_prior,9.7,0.0
2010-03-11,claims,ICSA,DOL,2010-03-06,level,462000.0,469000.0,-1000.0,naive_prior,469000.0,-7000.0
2010-03-12,retail,RSAFS,Census,2010-02-01,level,355546.0,355777.0,-1438.0,naive_prior,355777.0,-231.0
2010-03-18,claims,ICSA,DOL,2010-03-13,level,457000.0,462000.0,0.0,naive_prior,462000.0,-5000.0
2010-03-18,cpi,CPIAUCSL,BLS,2010-02-01,level,217.591,217.587,0.0,naive_prior,217.587,0.004000000000019099
2010-03-18,cpi_core,CPILFESL,BLS,2010-02-01,level,220.579,220.463,0.0,naive_prior,220.463,0.11600000000001387
2010-03-25,claims,ICSA,DOL,2010-03-20,level,442000.0,457000.0,-1000.0,naive_prior,457000.0,-15000.0
2010-03-29,pce,PCEPI,BEA,2010-02-01,level,110.552,110.501,0.054000000000002046,naive_prior,110.501,0.05100000000000193
2010-04-01,claims,ICSA,DOL,2010-03-27,level,439000.0,442000.0,3000.0,naive_prior,442000.0,-3000.0
2010-04-02,empsit,PAYEMS,BLS,2010-03-01,change,162.0,129526.0,62.0,naive_prior,-36.0,198.0
2010-04-02,unrate,UNRATE,BLS,2010-03-01,level,9.7,9.7,0.0,naive_prior,9.7,0.0
2010-04-08,claims,ICSA,DOL,2010-04-03,level,460000.0,439000.0,3000.0,naive_prior,439000.0,21000.0
2010-04-14,cpi,CPIAUCSL,BLS,2010-03-01,level,217.729,217.591,0.0,naive_prior,217.591,0.13800000000000523
2010-04-14,cpi_core,CPILFESL,BLS,2010-03-01,level,220.664,220.579,0.0,naive_prior,220.579,0.08499999999997954
2010-04-14,retail,RSAFS,Census,2010-03-01,level,363194.0,355546.0,1920.0,naive_prior,355546.0,7648.0
2010-04-15,claims,ICSA,DOL,2010-04-10,level,484000.0,460000.0,0.0,naive_prior,460000.0,24000.0
2010-04-22,claims,ICSA,DOL,2010-04-17,level,456000.0,484000.0,-4000.0,naive_prior,484000.0,-28000.0
2010-04-29,claims,ICSA,DOL,2010-04-24,level,448000.0,456000.0,3000.0,naive_prior,456000.0,-8000.0
2010-04-30,gdp,GDP,BEA,2010-01-01,level,14601.4,14463.4,-9.600000000000364,naive_prior,14463.4,138.0
2010-05-03,pce,PCEPI,BEA,2010-03-01,level,110.677,110.552,0.024999999999991473,naive_prior,110.552,0.125
2010-05-06,claims,ICSA,DOL,2010-05-01,level,444000.0,448000.0,3000.0,naive_prior,448000.0,-4000.0
2010-05-07,empsit,PAYEMS,BLS,2010-04-01,change,290.0,129750.0,121.0,naive_prior,162.0,128.0
2010-05-07,unrate,UNRATE,BLS,2010-04-01,level,9.9,9.7,0.0,naive_prior,9.7,0.20000000000000107
2010-05-13,claims,ICSA,DOL,2010-05-08,level,444000.0,444000.0,4000.0,naive_prior,444000.0,0.0
2010-05-14,retail,RSAFS,Census,2010-04-01,level,366404.0,363194.0,1660.0,naive_prior,363194.0,3210.0
2010-05-19,cpi,CPIAUCSL,BLS,2010-04-01,level,217.579,217.729,0.0,naive_prior,217.729,-0.15000000000000568
2010-05-19,cpi_core,CPILFESL,BLS,2010-04-01,level,220.768,220.664,0.0,naive_prior,220.664,0.10400000000001342
2010-05-20,claims,ICSA,DOL,2010-05-15,level,471000.0,444000.0,2000.0,naive_prior,444000.0,27000.0
2010-05-27,claims,ICSA,DOL,2010-05-22,level,460000.0,471000.0,3000.0,naive_prior,471000.0,-11000.0
2010-05-28,pce,PCEPI,BEA,2010-04-01,level,110.698,110.677,0.0049999999999954525,naive_prior,110.677,0.020999999999986585
2010-06-03,claims,ICSA,DOL,2010-05-29,level,453000.0,460000.0,3000.0,naive_prior,460000.0,-7000.0
2010-06-04,empsit,PAYEMS,BLS,2010-05-01,change,431.0,130161.0,-22.0,naive_prior,290.0,141.0
2010-06-04,unrate,UNRATE,BLS,2010-05-01,level,9.7,9.9,0.0,naive_prior,9.9,-0.20000000000000107
2010-06-10,claims,ICSA,DOL,2010-06-05,level,456000.0,453000.0,6000.0,naive_prior,453000.0,3000.0
2010-06-11,retail,RSAFS,Census,2010-05-01,level,362517.0,366404.0,511.0,naive_prior,366404.0,-3887.0
2010-06-17,claims,ICSA,DOL,2010-06-12,level,472000.0,456000.0,4000.0,naive_prior,456000.0,16000.0
2010-06-17,cpi,CPIAUCSL,BLS,2010-05-01,level,217.224,217.579,0.0,naive_prior,217.579,-0.3550000000000182
2010-06-17,cpi_core,CPILFESL,BLS,2010-05-01,level,221.037,220.768,0.0,naive_prior,220.768,0.26900000000000546
2010-06-24,claims,ICSA,DOL,2010-06-19,level,457000.0,472000.0,4000.0,naive_prior,472000.0,-15000.0
2010-06-28,pce,PCEPI,BEA,2010-05-01,level,110.697,110.698,0.038000000000010914,naive_prior,110.698,-0.000999999999990564
2010-07-01,claims,ICSA,DOL,2010-06-26,level,472000.0,457000.0,2000.0,naive_prior,457000.0,15000.0
2010-07-02,empsit,PAYEMS,BLS,2010-06-01,change,-125.0,130570.0,25.0,naive_prior,431.0,-556.0
2010-07-02,unrate,UNRATE,BLS,2010-06-01,level,9.5,9.7,0.0,naive_prior,9.7,-0.1999999999999993
2010-07-08,claims,ICSA,DOL,2010-07-03,level,454000.0,472000.0,3000.0,naive_prior,472000.0,-18000.0
2010-07-14,retail,RSAFS,Census,2010-06-01,level,360156.0,362517.0,-504.0,naive_prior,362517.0,-2361.0
2010-07-15,claims,ICSA,DOL,2010-07-10,level,429000.0,454000.0,4000.0,naive_prior,454000.0,-25000.0
2010-07-16,cpi,CPIAUCSL,BLS,2010-06-01,level,216.929,217.224,0.0,naive_prior,217.224,-0.2949999999999875
2010-07-16,cpi_core,CPILFESL,BLS,2010-06-01,level,221.388,221.037,0.0,naive_prior,221.037,0.3509999999999991
2010-07-22,claims,ICSA,DOL,2010-07-17,level,464000.0,429000.0,-2000.0,naive_prior,429000.0,35000.0
2010-07-29,claims,ICSA,DOL,2010-07-24,level,457000.0,464000.0,4000.0,naive_prior,464000.0,-7000.0
2010-07-30,gdp,GDP,BEA,2010-04-01,level,14597.7,14601.4,-155.0,naive_prior,14601.4,-3.6999999999989086
2010-08-03,pce,PCEPI,BEA,2010-06-01,level,110.782,110.697,0.24499999999999034,naive_prior,110.697,0.08499999999999375
2010-08-05,claims,ICSA,DOL,2010-07-31,level,479000.0,457000.0,3000.0,naive_prior,457000.0,22000.0
2010-08-06,empsit,PAYEMS,BLS,2010-07-01,change,-131.0,130470.0,-97.0,naive_prior,-125.0,-6.0
2010-08-06,unrate,UNRATE,BLS,2010-07-01,level,9.5,9.5,0.0,naive_prior,9.5,0.0
2010-08-12,claims,ICSA,DOL,2010-08-07,level,484000.0,479000.0,3000.0,naive_prior,479000.0,5000.0
2010-08-13,cpi,CPIAUCSL,BLS,2010-07-01,level,217.597,216.929,0.0,naive_prior,216.929,0.6680000000000064
2010-08-13,cpi_core,CPILFESL,BLS,2010-07-01,level,221.676,221.388,0.0,naive_prior,221.388,0.2879999999999825
2010-08-13,retail,RSAFS,Census,2010-07-01,level,362688.0,360156.0,1048.0,naive_prior,360156.0,2532.0
2010-08-19,claims,ICSA,DOL,2010-08-14,level,500000.0,484000.0,4000.0,naive_prior,484000.0,16000.0
2010-08-26,claims,ICSA,DOL,2010-08-21,level,473000.0,500000.0,4000.0,naive_prior,500000.0,-27000.0
2010-08-30,pce,PCEPI,BEA,2010-07-01,level,111.014,110.782,-0.028999999999996362,naive_prior,110.782,0.23199999999999932
2010-09-02,claims,ICSA,DOL,2010-08-28,level,472000.0,473000.0,5000.0,naive_prior,473000.0,-1000.0
2010-09-03,empsit,PAYEMS,BLS,2010-08-01,change,-54.0,130242.0,123.0,naive_prior,-131.0,77.0
2010-09-03,unrate,UNRATE,BLS,2010-08-01,level,9.6,9.5,0.0,naive_prior,9.5,0.09999999999999964
2010-09-09,claims,ICSA,DOL,2010-09-04,level,451000.0,472000.0,6000.0,naive_prior,472000.0,-21000.0
2010-09-14,retail,RSAFS,Census,2010-08-01,level,363704.0,362688.0,-499.0,naive_prior,362688.0,1016.0
2010-09-16,claims,ICSA,DOL,2010-09-11,level,450000.0,451000.0,2000.0,naive_prior,451000.0,-1000.0
2010-09-17,cpi,CPIAUCSL,BLS,2010-08-01,level,218.15,217.597,0.0,naive_prior,217.597,0.5529999999999973
2010-09-17,cpi_core,CPILFESL,BLS,2010-08-01,level,221.779,221.676,0.0,naive_prior,221.676,0.10300000000000864
2010-09-23,claims,ICSA,DOL,2010-09-18,level,465000.0,450000.0,3000.0,naive_prior,450000.0,15000.0
2010-09-30,claims,ICSA,DOL,2010-09-25,level,453000.0,465000.0,4000.0,naive_prior,465000.0,-12000.0
2010-10-01,pce,PCEPI,BEA,2010-08-01,level,111.27,111.014,-0.003999999999990678,naive_prior,111.014,0.2560000000000002
2010-10-07,claims,ICSA,DOL,2010-10-02,level,445000.0,453000.0,3000.0,naive_prior,453000.0,-8000.0
2010-10-08,empsit,PAYEMS,BLS,2010-09-01,change,-95.0,130311.0,-15.0,naive_prior,-54.0,-41.0
2010-10-08,unrate,UNRATE,BLS,2010-09-01,level,9.6,9.6,0.0,naive_prior,9.6,0.0
2010-10-14,claims,ICSA,DOL,2010-10-09,level,462000.0,445000.0,4000.0,naive_prior,445000.0,17000.0
2010-10-15,cpi,CPIAUCSL,BLS,2010-09-01,level,218.372,218.15,0.0,naive_prior,218.15,0.2220000000000084
2010-10-15,cpi_core,CPILFESL,BLS,2010-09-01,level,221.781,221.779,0.0,naive_prior,221.779,0.0020000000000095497
2010-10-15,retail,RSAFS,Census,2010-09-01,level,367670.0,363704.0,1699.0,naive_prior,363704.0,3966.0
2010-10-21,claims,ICSA,DOL,2010-10-16,level,452000.0,462000.0,13000.0,naive_prior,462000.0,-10000.0
2010-10-28,claims,ICSA,DOL,2010-10-23,level,434000.0,452000.0,3000.0,naive_prior,452000.0,-18000.0
2010-10-29,gdp,GDP,BEA,2010-07-01,level,14730.2,14597.7,-19.0,naive_prior,14597.7,132.5
2010-11-01,pce,PCEPI,BEA,2010-09-01,level,111.298,111.27,-0.06399999999999295,naive_prior,111.27,0.028000000000005798
2010-11-04,claims,ICSA,DOL,2010-10-30,level,457000.0,434000.0,3000.0,naive_prior,434000.0,23000.0
2010-11-05,empsit,PAYEMS,BLS,2010-10-01,change,151.0,130201.0,110.0,naive_prior,-95.0,246.0
2010-11-05,unrate,UNRATE,BLS,2010-10-01,level,9.6,9.6,0.0,naive_prior,9.6,0.0
2010-11-10,claims,ICSA,DOL,2010-11-06,level,435000.0,457000.0,2000.0,naive_prior,457000.0,-22000.0
2010-11-15,retail,RSAFS,Census,2010-10-01,level,373103.0,367670.0,906.0,naive_prior,367670.0,5433.0
2010-11-17,cpi,CPIAUCSL,BLS,2010-10-01,level,218.879,218.372,0.0,naive_prior,218.372,0.5069999999999766
2010-11-17,cpi_core,CPILFESL,BLS,2010-10-01,level,221.765,221.781,0.0,naive_prior,221.781,-0.016000000000019554
2010-11-18,claims,ICSA,DOL,2010-11-13,level,439000.0,435000.0,2000.0,naive_prior,435000.0,4000.0
2010-11-24,claims,ICSA,DOL,2010-11-20,level,407000.0,439000.0,2000.0,naive_prior,439000.0,-32000.0
2010-11-24,pce,PCEPI,BEA,2010-10-01,level,111.499,111.298,0.018000000000000682,naive_prior,111.298,0.2009999999999934
2010-12-02,claims,ICSA,DOL,2010-11-27,level,436000.0,407000.0,3000.0,naive_prior,407000.0,29000.0
2010-12-03,empsit,PAYEMS,BLS,2010-11-01,change,39.0,130462.0,38.0,naive_prior,151.0,-112.0
2010-12-03,unrate,UNRATE,BLS,2010-11-01,level,9.8,9.6,0.0,naive_prior,9.6,0.20000000000000107
2010-12-09,claims,ICSA,DOL,2010-12-04,level,421000.0,436000.0,2000.0,naive_prior,436000.0,-15000.0
2010-12-14,retail,RSAFS,Census,2010-11-01,level,378706.0,373103.0,2468.0,naive_prior,373103.0,5603.0
2010-12-15,cpi,CPIAUCSL,BLS,2010-11-01,level,219.146,218.879,0.0,naive_prior,218.879,0.2669999999999959
2010-12-15,cpi_core,CPILFESL,BLS,2010-11-01,level,221.982,221.765,0.0,naive_prior,221.765,0.21700000000001296
2010-12-16,claims,ICSA,DOL,2010-12-11,level,420000.0,421000.0,2000.0,naive_prior,421000.0,-1000.0
2010-12-23,claims,ICSA,DOL,2010-12-18,level,420000.0,420000.0,3000.0,naive_prior,420000.0,0.0
2010-12-23,pce,PCEPI,BEA,2010-11-01,level,111.493,111.499,-0.10499999999998977,naive_prior,111.499,-0.006000000000000227
2010-12-30,claims,ICSA,DOL,2010-12-25,level,388000.0,420000.0,2000.0,naive_prior,420000.0,-32000.0
2011-01-06,claims,ICSA,DOL,2011-01-01,level,409000.0,388000.0,3000.0,naive_prior,388000.0,21000.0
2011-01-07,empsit,PAYEMS,BLS,2010-12-01,change,103.0,130539.0,70.0,naive_prior,39.0,64.0
2011-01-07,unrate,UNRATE,BLS,2010-12-01,level,9.4,9.8,0.0,naive_prior,9.8,-0.40000000000000036
2011-01-13,claims,ICSA,DOL,2011-01-08,level,445000.0,409000.0,1000.0,naive_prior,409000.0,36000.0
2011-01-14,cpi,CPIAUCSL,BLS,2010-12-01,level,220.252,219.146,0.0,naive_prior,219.146,1.106000000000023
2011-01-14,cpi_core,CPILFESL,BLS,2010-12-01,level,222.187,221.982,0.0,naive_prior,221.982,0.2050000000000125
2011-01-14,retail,RSAFS,Census,2010-12-01,level,380869.0,378706.0,-128.0,naive_prior,378706.0,2163.0
2011-01-20,claims,ICSA,DOL,2011-01-15,level,404000.0,445000.0,-4000.0,naive_prior,445000.0,-41000.0
2011-01-27,claims,ICSA,DOL,2011-01-22,level,454000.0,404000.0,-1000.0,naive_prior,404000.0,50000.0
2011-01-28,gdp,GDP,BEA,2010-10-01,level,14870.4,14730.2,14.899999999999636,naive_prior,14730.2,140.1999999999989
2011-01-31,pce,PCEPI,BEA,2010-12-01,level,111.869,111.493,0.03100000000000591,naive_prior,111.493,0.3760000000000048
2011-02-03,claims,ICSA,DOL,2011-01-29,level,415000.0,454000.0,3000.0,naive_prior,454000.0,-39000.0
2011-02-04,empsit,PAYEMS,BLS,2011-01-01,change,36.0,130712.0,-483.0,naive_prior,103.0,-67.0
2011-02-04,unrate,UNRATE,BLS,2011-01-01,level,9.0,9.4,0.0,naive_prior,9.4,-0.40000000000000036
2011-02-10,claims,ICSA,DOL,2011-02-05,level,383000.0,415000.0,4000.0,naive_prior,415000.0,-32000.0
2011-02-15,retail,RSAFS,Census,2011-01-01,level,381565.0,380869.0,-594.0,naive_prior,380869.0,696.0
2011-02-17,claims,ICSA,DOL,2011-02-12,level,410000.0,383000.0,2000.0,naive_prior,383000.0,27000.0
2011-02-17,cpi,CPIAUCSL,BLS,2011-01-01,level,221.062,220.252,-0.0660000000000025,naive_prior,220.252,0.8100000000000023
2011-02-17,cpi_core,CPILFESL,BLS,2011-01-01,level,222.587,222.187,0.022999999999996135,naive_prior,222.187,0.39999999999997726
2011-02-24,claims,ICSA,DOL,2011-02-19,level,391000.0,410000.0,3000.0,naive_prior,410000.0,-19000.0
2011-02-28,pce,PCEPI,BEA,2011-01-01,level,112.166,111.869,-0.028000000000005798,naive_prior,111.869,0.29699999999999704
2011-03-03,claims,ICSA,DOL,2011-02-26,level,368000.0,391000.0,-3000.0,naive_prior,391000.0,-23000.0
2011-03-04,empsit,PAYEMS,BLS,2011-02-01,change,192.0,130265.0,58.0,naive_prior,36.0,156.0
2011-03-04,unrate,UNRATE,BLS,2011-02-01,level,8.9,9.0,0.0,naive_prior,9.0,-0.09999999999999964
2011-03-10,claims,ICSA,DOL,2011-03-05,level,397000.0,368000.0,3000.0,naive_prior,368000.0,29000.0
2011-03-11,retail,RSAFS,Census,2011-02-01,level,387123.0,381565.0,1833.0,naive_prior,381565.0,5558.0
2011-03-17,claims,ICSA,DOL,2011-03-12,level,385000.0,397000.0,4000.0,naive_prior,397000.0,-12000.0
2011-03-17,cpi,CPIAUCSL,BLS,2011-02-01,level,222.27,221.062,0.0,naive_prior,221.062,1.2079999999999984
2011-03-17,cpi_core,CPILFESL,BLS,2011-02-01,level,223.029,222.587,0.0,naive_prior,222.587,0.4420000000000073
2011-03-24,claims,ICSA,DOL,2011-03-19,level,382000.0,385000.0,2000.0,naive_prior,385000.0,-3000.0
2011-03-28,pce,PCEPI,BEA,2011-02-01,level,112.601,112.166,-0.012999999999991019,naive_prior,112.166,0.4350000000000023
2011-03-31,claims,ICSA,DOL,2011-03-26,level,388000.0,382000.0,12000.0,naive_prior,382000.0,6000.0
2011-04-01,empsit,PAYEMS,BLS,2011-03-01,change,216.0,130515.0,7.0,naive_prior,192.0,24.0
2011-04-01,unrate,UNRATE,BLS,2011-03-01,level,8.8,8.9,0.0,naive_prior,8.9,-0.09999999999999964
2011-04-07,claims,ICSA,DOL,2011-04-02,level,382000.0,388000.0,4000.0,naive_prior,388000.0,-6000.0
2011-04-13,retail,RSAFS,Census,2011-03-01,level,389320.0,387123.0,690.0,naive_prior,387123.0,2197.0
2011-04-14,claims,ICSA,DOL,2011-04-09,level,412000.0,382000.0,3000.0,naive_prior,382000.0,30000.0
2011-04-15,cpi,CPIAUCSL,BLS,2011-03-01,level,223.49,222.27,0.0,naive_prior,222.27,1.2199999999999989
2011-04-15,cpi_core,CPILFESL,BLS,2011-03-01,level,223.331,223.029,0.0,naive_prior,223.029,0.3019999999999925
2011-04-21,claims,ICSA,DOL,2011-04-16,level,403000.0,412000.0,4000.0,naive_prior,412000.0,-9000.0
2011-04-28,claims,ICSA,DOL,2011-04-23,level,429000.0,403000.0,1000.0,naive_prior,403000.0,26000.0
2011-04-28,gdp,GDP,BEA,2011-01-01,level,15006.4,14870.4,1.0,naive_prior,14870.4,136.0
2011-04-29,pce,PCEPI,BEA,2011-03-01,level,113.081,112.601,0.027000000000001023,naive_prior,112.601,0.480000000000004
2011-05-05,claims,ICSA,DOL,2011-04-30,level,474000.0,429000.0,2000.0,naive_prior,429000.0,45000.0
2011-05-06,empsit,PAYEMS,BLS,2011-04-01,change,244.0,130738.0,46.0,naive_prior,216.0,28.0
2011-05-06,unrate,UNRATE,BLS,2011-04-01,level,9.0,8.8,0.0,naive_prior,8.8,0.1999999999999993
2011-05-12,claims,ICSA,DOL,2011-05-07,level,434000.0,474000.0,4000.0,naive_prior,474000.0,-40000.0
2011-05-12,retail,RSAFS,Census,2011-04-01,level,389355.0,389320.0,-1949.0,naive_prior,389320.0,35.0
2011-05-13,cpi,CPIAUCSL,BLS,2011-04-01,level,224.433,223.49,0.0,naive_prior,223.49,0.9429999999999836
2011-05-13,cpi_core,CPILFESL,BLS,2011-04-01,level,223.745,223.331,0.0,naive_prior,223.331,0.4140000000000157
2011-05-19,claims,ICSA,DOL,2011-05-14,level,409000.0,434000.0,4000.0,naive_prior,434000.0,-25000.0
2011-05-26,claims,ICSA,DOL,2011-05-21,level,424000.0,409000.0,5000.0,naive_prior,409000.0,15000.0
2011-05-27,pce,PCEPI,BEA,2011-04-01,level,113.432,113.081,-0.027000000000001023,naive_prior,113.081,0.3509999999999991
2011-06-02,claims,ICSA,DOL,2011-05-28,level,422000.0,424000.0,4000.0,naive_prior,424000.0,-2000.0
2011-06-03,empsit,PAYEMS,BLS,2011-05-01,change,54.0,131028.0,-39.0,naive_prior,244.0,-190.0
2011-06-03,unrate,UNRATE,BLS,2011-05-01,level,9.1,9.0,0.0,naive_prior,9.0,0.09999999999999964
2011-06-09,claims,ICSA,DOL,2011-06-04,level,427000.0,422000.0,4000.0,naive_prior,422000.0,5000.0
2011-06-14,retail,RSAFS,Census,2011-05-01,level,387117.0,389355.0,-1306.0,naive_prior,389355.0,-2238.0
2011-06-15,cpi,CPIAUCSL,BLS,2011-05-01,level,224.804,224.433,0.0,naive_prior,224.433,0.3710000000000093
2011-06-15,cpi_core,CPILFESL,BLS,2011-05-01,level,224.387,223.745,0.0,naive_prior,223.745,0.6419999999999959
2011-06-16,claims,ICSA,DOL,2011-06-11,level,414000.0,427000.0,3000.0,naive_prior,427000.0,-13000.0
2011-06-23,claims,ICSA,DOL,2011-06-18,level,429000.0,414000.0,6000.0,naive_prior,414000.0,15000.0
2011-06-27,pce,PCEPI,BEA,2011-05-01,level,113.68,113.432,0.054000000000002046,naive_prior,113.432,0.24800000000000466
2011-06-30,claims,ICSA,DOL,2011-06-25,level,428000.0,429000.0,0.0,naive_prior,429000.0,-1000.0
2011-07-07,claims,ICSA,DOL,2011-07-02,level,418000.0,428000.0,4000.0,naive_prior,428000.0,-10000.0
2011-07-08,empsit,PAYEMS,BLS,2011-06-01,change,18.0,131043.0,-44.0,naive_prior,54.0,-36.0
2011-07-08,unrate,UNRATE,BLS,2011-06-01,level,9.2,9.1,0.0,naive_prior,9.1,0.09999999999999964
2011-07-14,claims,ICSA,DOL,2011-07-09,level,405000.0,418000.0,9000.0,naive_prior,418000.0,-13000.0
2011-07-14,retail,RSAFS,Census,2011-06-01,level,387789.0,387117.0,138.0,naive_prior,387117.0,672.0
2011-07-15,cpi,CPIAUCSL,BLS,2011-06-01,level,224.304,224.804,0.0,naive_prior,224.804,-0.5
2011-07-15,cpi_core,CPILFESL,BLS,2011-06-01,level,224.958,224.387,0.0,naive_prior,224.387,0.570999999999998
2011-07-21,claims,ICSA,DOL,2011-07-16,level,418000.0,405000.0,3000.0,naive_prior,405000.0,13000.0
2011-07-28,claims,ICSA,DOL,2011-07-23,level,398000.0,418000.0,4000.0,naive_prior,418000.0,-20000.0
2011-07-29,gdp,GDP,BEA,2011-04-01,level,15003.8,15006.4,-138.60000000000036,naive_prior,15006.4,-2.600000000000364
2011-08-02,pce,PCEPI,BEA,2011-06-01,level,113.554,113.68,0.0689999999999884,naive_prior,113.68,-0.12600000000000477
2011-08-04,claims,ICSA,DOL,2011-07-30,level,400000.0,398000.0,3000.0,naive_prior,398000.0,2000.0
2011-08-05,empsit,PAYEMS,BLS,2011-07-01,change,117.0,131017.0,56.0,naive_prior,18.0,99.0
2011-08-05,unrate,UNRATE,BLS,2011-07-01,level,9.1,9.2,0.0,naive_prior,9.2,-0.09999999999999964
2011-08-11,claims,ICSA,DOL,2011-08-06,level,395000.0,400000.0,2000.0,naive_prior,400000.0,-5000.0
2011-08-12,retail,RSAFS,Census,2011-07-01,level,390422.0,387789.0,825.0,naive_prior,387789.0,2633.0
2011-08-18,claims,ICSA,DOL,2011-08-13,level,408000.0,395000.0,4000.0,naive_prior,395000.0,13000.0
2011-08-18,cpi,CPIAUCSL,BLS,2011-07-01,level,225.425,224.304,0.0,naive_prior,224.304,1.1210000000000093
2011-08-18,cpi_core,CPILFESL,BLS,2011-07-01,level,225.463,224.958,0.0,naive_prior,224.958,0.5049999999999955
2011-08-25,claims,ICSA,DOL,2011-08-20,level,417000.0,408000.0,4000.0,naive_prior,408000.0,9000.0
2011-08-29,pce,PCEPI,BEA,2011-07-01,level,114.031,113.554,0.055999999999997385,naive_prior,113.554,0.47700000000000387
2011-09-01,claims,ICSA,DOL,2011-08-27,level,409000.0,417000.0,4000.0,naive_prior,417000.0,-8000.0
2011-09-02,empsit,PAYEMS,BLS,2011-08-01,change,0.0,131190.0,-58.0,naive_prior,117.0,-117.0
2011-09-02,unrate,UNRATE,BLS,2011-08-01,level,9.1,9.1,0.0,naive_prior,9.1,0.0
2011-09-08,claims,ICSA,DOL,2011-09-03,level,414000.0,409000.0,3000.0,naive_prior,409000.0,5000.0
2011-09-14,retail,RSAFS,Census,2011-08-01,level,389502.0,390422.0,-1084.0,naive_prior,390422.0,-920.0
2011-09-15,claims,ICSA,DOL,2011-09-10,level,428000.0,414000.0,3000.0,naive_prior,414000.0,14000.0
2011-09-15,cpi,CPIAUCSL,BLS,2011-08-01,level,226.268,225.425,0.0,naive_prior,225.425,0.8429999999999893
2011-09-15,cpi_core,CPILFESL,BLS,2011-08-01,level,226.014,225.463,0.0,naive_prior,225.463,0.5510000000000161
2011-09-22,claims,ICSA,DOL,2011-09-17,level,423000.0,428000.0,4000.0,naive_prior,428000.0,-5000.0
2011-09-29,claims,ICSA,DOL,2011-09-24,level,391000.0,423000.0,5000.0,naive_prior,423000.0,-32000.0
2011-09-30,pce,PCEPI,BEA,2011-08-01,level,114.332,114.031,0.022999999999996135,naive_prior,114.031,0.3009999999999877
2011-10-06,claims,ICSA,DOL,2011-10-01,level,401000.0,391000.0,4000.0,naive_prior,391000.0,10000.0
2011-10-07,empsit,PAYEMS,BLS,2011-09-01,change,103.0,131132.0,99.0,naive_prior,0.0,103.0
2011-10-07,unrate,UNRATE,BLS,2011-09-01,level,9.1,9.1,0.0,naive_prior,9.1,0.0
2011-10-13,claims,ICSA,DOL,2011-10-08,level,404000.0,401000.0,4000.0,naive_prior,401000.0,3000.0
2011-10-14,retail,RSAFS,Census,2011-09-01,level,395472.0,389502.0,1536.0,naive_prior,389502.0,5970.0
2011-10-19,cpi,CPIAUCSL,BLS,2011-09-01,level,226.955,226.268,0.0,naive_prior,226.268,0.6870000000000118
2011-10-19,cpi_core,CPILFESL,BLS,2011-09-01,level,226.137,226.014,0.0,naive_prior,226.014,0.12299999999999045
2011-10-20,claims,ICSA,DOL,2011-10-15,level,403000.0,404000.0,5000.0,naive_prior,404000.0,-1000.0
2011-10-27,claims,ICSA,DOL,2011-10-22,level,402000.0,403000.0,1000.0,naive_prior,403000.0,-1000.0
2011-10-27,gdp,GDP,BEA,2011-07-01,level,15198.6,15003.8,9.0,naive_prior,15003.8,194.8000000000011
2011-10-28,pce,PCEPI,BEA,2011-09-01,level,114.559,114.332,0.036000000000001364,naive_prior,114.332,0.22700000000000387
2011-11-03,claims,ICSA,DOL,2011-10-29,level,397000.0,402000.0,4000.0,naive_prior,402000.0,-5000.0
2011-11-04,empsit,PAYEMS,BLS,2011-10-01,change,80.0,131334.0,102.0,naive_prior,103.0,-23.0
2011-11-04,unrate,UNRATE,BLS,2011-10-01,level,9.0,9.1,0.0,naive_prior,9.1,-0.09999999999999964
2011-11-10,claims,ICSA,DOL,2011-11-05,level,390000.0,397000.0,3000.0,naive_prior,397000.0,-7000.0
2011-11-15,retail,RSAFS,Census,2011-10-01,level,397666.0,395472.0,61.0,naive_prior,395472.0,2194.0
2011-11-16,cpi,CPIAUCSL,BLS,2011-10-01,level,226.763,226.955,0.0,naive_prior,226.955,-0.19200000000000728
2011-11-16,cpi_core,CPILFESL,BLS,2011-10-01,level,226.444,226.137,0.0,naive_prior,226.137,0.30699999999998795
2011-11-17,claims,ICSA,DOL,2011-11-12,level,388000.0,390000.0,3000.0,naive_prior,390000.0,-2000.0
2011-11-23,claims,ICSA,DOL,2011-11-19,level,393000.0,388000.0,3000.0,naive_prior,388000.0,5000.0
2011-11-23,pce,PCEPI,BEA,2011-10-01,level,114.492,114.559,-0.007999999999995566,naive_prior,114.559,-0.06699999999999307
2011-12-01,claims,ICSA,DOL,2011-11-26,level,402000.0,393000.0,3000.0,naive_prior,393000.0,9000.0
2011-12-02,empsit,PAYEMS,BLS,2011-11-01,change,120.0,131516.0,72.0,naive_prior,80.0,40.0
2011-12-02,unrate,UNRATE,BLS,2011-11-01,level,8.6,9.0,0.0,naive_prior,9.0,-0.40000000000000036
2011-12-08,claims,ICSA,DOL,2011-12-03,level,381000.0,402000.0,2000.0,naive_prior,402000.0,-21000.0
2011-12-13,retail,RSAFS,Census,2011-11-01,level,399349.0,397666.0,800.0,naive_prior,397666.0,1683.0
2011-12-15,claims,ICSA,DOL,2011-12-10,level,366000.0,381000.0,4000.0,naive_prior,381000.0,-15000.0
2011-12-16,cpi,CPIAUCSL,BLS,2011-11-01,level,226.72,226.763,0.0,naive_prior,226.763,-0.043000000000006366
2011-12-16,cpi_core,CPILFESL,BLS,2011-11-01,level,226.836,226.444,0.0,naive_prior,226.444,0.39200000000002433
2011-12-22,claims,ICSA,DOL,2011-12-17,level,364000.0,366000.0,2000.0,naive_prior,366000.0,-2000.0
2011-12-23,pce,PCEPI,BEA,2011-11-01,level,114.447,114.492,-0.0010000000000047748,naive_prior,114.492,-0.045000000000001705
2011-12-29,claims,ICSA,DOL,2011-12-24,level,381000.0,364000.0,2000.0,naive_prior,364000.0,17000.0
2012-01-05,claims,ICSA,DOL,2011-12-31,level,372000.0,381000.0,6000.0,naive_prior,381000.0,-9000.0
2012-01-06,empsit,PAYEMS,BLS,2011-12-01,change,200.0,131708.0,-8.0,naive_prior,120.0,80.0
2012-01-06,unrate,UNRATE,BLS,2011-12-01,level,8.5,8.6,0.09999999999999964,naive_prior,8.6,-0.09999999999999964
2012-01-12,claims,ICSA,DOL,2012-01-07,level,399000.0,372000.0,3000.0,naive_prior,372000.0,27000.0
2012-01-12,retail,RSAFS,Census,2011-12-01,level,400614.0,399349.0,919.0,naive_prior,399349.0,1265.0
2012-01-19,claims,ICSA,DOL,2012-01-14,level,352000.0,399000.0,3000.0,naive_prior,399000.0,-47000.0
2012-01-19,cpi,CPIAUCSL,BLS,2011-12-01,level,226.747,226.72,0.0,naive_prior,226.72,0.027000000000015234
2012-01-19,cpi_core,CPILFESL,BLS,2011-12-01,level,227.166,226.836,0.0,naive_prior,226.836,0.3299999999999841
2012-01-26,claims,ICSA,DOL,2012-01-21,level,377000.0,352000.0,4000.0,naive_prior,352000.0,25000.0
2012-01-27,gdp,GDP,BEA,2011-10-01,level,15294.3,15198.6,-22.5,naive_prior,15198.6,95.69999999999891
2012-01-30,pce,PCEPI,BEA,2011-12-01,level,114.573,114.447,0.04899999999999238,naive_prior,114.447,0.12599999999999056
2012-02-02,claims,ICSA,DOL,2012-01-28,level,367000.0,377000.0,2000.0,naive_prior,377000.0,-10000.0
2012-02-03,empsit,PAYEMS,BLS,2012-01-01,change,243.0,131900.0,266.0,naive_prior,200.0,43.0
2012-02-03,unrate,UNRATE,BLS,2012-01-01,level,8.3,8.5,0.0,naive_prior,8.5,-0.1999999999999993
2012-02-09,claims,ICSA,DOL,2012-02-04,level,358000.0,367000.0,6000.0,naive_prior,367000.0,-9000.0
2012-02-14,retail,RSAFS,Census,2012-01-01,level,401400.0,400614.0,-745.0,naive_prior,400614.0,786.0
2012-02-16,claims,ICSA,DOL,2012-02-11,level,348000.0,358000.0,3000.0,naive_prior,358000.0,-10000.0
2012-02-17,cpi,CPIAUCSL,BLS,2012-01-01,level,227.505,226.747,0.28599999999997294,naive_prior,226.747,0.7579999999999814
2012-02-17,cpi_core,CPILFESL,BLS,2012-01-01,level,227.684,227.166,0.02199999999999136,naive_prior,227.166,0.5180000000000007
2012-02-23,claims,ICSA,DOL,2012-02-18,level,351000.0,348000.0,3000.0,naive_prior,348000.0,3000.0
2012-03-01,claims,ICSA,DOL,2012-02-25,level,351000.0,351000.0,2000.0,naive_prior,351000.0,0.0
2012-03-01,pce,PCEPI,BEA,2012-01-01,level,114.954,114.573,0.16900000000001114,naive_prior,114.573,0.3810000000000002
2012-03-08,claims,ICSA,DOL,2012-03-03,level,362000.0,351000.0,3000.0,naive_prior,351000.0,11000.0
2012-03-09,empsit,PAYEMS,BLS,2012-02-01,change,227.0,132409.0,61.0,naive_prior,243.0,-16.0
2012-03-09,unrate,UNRATE,BLS,2012-02-01,level,8.3,8.3,0.0,naive_prior,8.3,0.0
2012-03-13,retail,RSAFS,Census,2012-02-01,level,407805.0,401400.0,2108.0,naive_prior,401400.0,6405.0
2012-03-15,claims,ICSA,DOL,2012-03-10,level,351000.0,362000.0,3000.0,naive_prior,362000.0,-11000.0
2012-03-16,cpi,CPIAUCSL,BLS,2012-02-01,level,228.433,227.505,0.0,naive_prior,227.505,0.9279999999999973
2012-03-16,cpi_core,CPILFESL,BLS,2012-02-01,level,227.907,227.684,0.0,naive_prior,227.684,0.2230000000000132
2012-03-22,claims,ICSA,DOL,2012-03-17,level,348000.0,351000.0,2000.0,naive_prior,351000.0,-3000.0
2012-03-29,claims,ICSA,DOL,2012-03-24,level,359000.0,348000.0,16000.0,naive_prior,348000.0,11000.0
2012-03-30,pce,PCEPI,BEA,2012-02-01,level,115.359,114.954,0.047000000000011255,naive_prior,114.954,0.40500000000000114
2012-04-05,claims,ICSA,DOL,2012-03-31,level,357000.0,359000.0,4000.0,naive_prior,359000.0,-2000.0
2012-04-06,empsit,PAYEMS,BLS,2012-03-01,change,120.0,132697.0,4.0,naive_prior,227.0,-107.0
2012-04-06,unrate,UNRATE,BLS,2012-03-01,level,8.2,8.3,0.0,naive_prior,8.3,-0.10000000000000142
2012-04-12,claims,ICSA,DOL,2012-04-07,level,380000.0,357000.0,10000.0,naive_prior,357000.0,23000.0
2012-04-13,cpi,CPIAUCSL,BLS,2012-03-01,level,229.098,228.433,0.0,naive_prior,228.433,0.6650000000000205
2012-04-13,cpi_core,CPILFESL,BLS,2012-03-01,level,228.432,227.907,0.0,naive_prior,227.907,0.5249999999999773
2012-04-16,retail,RSAFS,Census,2012-03-01,level,411069.0,407805.0,67.0,naive_prior,407805.0,3264.0
2012-04-19,claims,ICSA,DOL,2012-04-14,level,386000.0,380000.0,8000.0,naive_prior,380000.0,6000.0
2012-04-26,claims,ICSA,DOL,2012-04-21,level,388000.0,386000.0,3000.0,naive_prior,386000.0,2000.0
2012-04-27,gdp,GDP,BEA,2012-01-01,level,15461.8,15294.3,25.100000000000364,naive_prior,15294.3,167.5
2012-04-30,pce,PCEPI,BEA,2012-03-01,level,115.62,115.359,0.021000000000000796,naive_prior,115.359,0.2610000000000099
2012-05-03,claims,ICSA,DOL,2012-04-28,level,365000.0,388000.0,4000.0,naive_prior,388000.0,-23000.0
2012-05-04,empsit,PAYEMS,BLS,2012-04-01,change,115.0,132821.0,53.0,naive_prior,120.0,-5.0
2012-05-04,unrate,UNRATE,BLS,2012-04-01,level,8.1,8.2,0.0,naive_prior,8.2,-0.09999999999999964
2012-05-10,claims,ICSA,DOL,2012-05-05,level,367000.0,365000.0,3000.0,naive_prior,365000.0,2000.0
2012-05-15,cpi,CPIAUCSL,BLS,2012-04-01,level,229.177,229.098,0.0,naive_prior,229.098,0.07899999999997931
2012-05-15,cpi_core,CPILFESL,BLS,2012-04-01,level,228.984,228.432,0.0,naive_prior,228.432,0.5520000000000209
2012-05-15,retail,RSAFS,Census,2012-04-01,level,408039.0,411069.0,-3623.0,naive_prior,411069.0,-3030.0
2012-05-17,claims,ICSA,DOL,2012-05-12,level,370000.0,367000.0,3000.0,naive_prior,367000.0,3000.0
2012-05-24,claims,ICSA,DOL,2012-05-19,level,370000.0,370000.0,2000.0,naive_prior,370000.0,0.0
2012-05-31,claims,ICSA,DOL,2012-05-26,level,383000.0,370000.0,3000.0,naive_prior,370000.0,13000.0
2012-06-01,empsit,PAYEMS,BLS,2012-05-01,change,69.0,132989.0,-49.0,naive_prior,115.0,-46.0
2012-06-01,pce,PCEPI,BEA,2012-04-01,level,115.637,115.62,-0.0010000000000047748,naive_prior,115.62,0.016999999999995907
2012-06-01,unrate,UNRATE,BLS,2012-05-01,level,8.2,8.1,0.0,naive_prior,8.1,0.09999999999999964
2012-06-07,claims,ICSA,DOL,2012-06-02,level,377000.0,383000.0,6000.0,naive_prior,383000.0,-6000.0
2012-06-13,retail,RSAFS,Census,2012-05-01,level,404596.0,408039.0,-2752.0,naive_prior,408039.0,-3443.0
2012-06-14,claims,ICSA,DOL,2012-06-09,level,386000.0,377000.0,3000.0,naive_prior,377000.0,9000.0
2012-06-14,cpi,CPIAUCSL,BLS,2012-05-01,level,228.527,229.177,0.0,naive_prior,229.177,-0.6500000000000057
2012-06-14,cpi_core,CPILFESL,BLS,2012-05-01,level,229.446,228.984,0.0,naive_prior,228.984,0.4619999999999891
2012-06-21,claims,ICSA,DOL,2012-06-16,level,387000.0,386000.0,3000.0,naive_prior,386000.0,1000.0
2012-06-28,claims,ICSA,DOL,2012-06-23,level,386000.0,387000.0,5000.0,naive_prior,387000.0,-1000.0
2012-06-29,pce,PCEPI,BEA,2012-05-01,level,115.505,115.637,0.08299999999999841,naive_prior,115.637,-0.132000000000005
2012-07-05,claims,ICSA,DOL,2012-06-30,level,374000.0,386000.0,2000.0,naive_prior,386000.0,-12000.0
2012-07-06,empsit,PAYEMS,BLS,2012-06-01,change,80.0,133009.0,-1.0,naive_prior,69.0,11.0
2012-07-06,unrate,UNRATE,BLS,2012-06-01,level,8.2,8.2,0.0,naive_prior,8.2,0.0
2012-07-12,claims,ICSA,DOL,2012-07-07,level,350000.0,374000.0,2000.0,naive_prior,374000.0,-24000.0
2012-07-16,retail,RSAFS,Census,2012-06-01,level,401515.0,404596.0,-1151.0,naive_prior,404596.0,-3081.0
2012-07-17,cpi,CPIAUCSL,BLS,2012-06-01,level,228.618,228.527,0.0,naive_prior,228.527,0.09100000000000819
2012-07-17,cpi_core,CPILFESL,BLS,2012-06-01,level,229.916,229.446,0.0,naive_prior,229.446,0.46999999999999886
2012-07-19,claims,ICSA,DOL,2012-07-14,level,386000.0,350000.0,2000.0,naive_prior,350000.0,36000.0
2012-07-26,claims,ICSA,DOL,2012-07-21,level,353000.0,386000.0,2000.0,naive_prior,386000.0,-33000.0
2012-07-27,gdp,GDP,BEA,2012-04-01,level,15595.9,15461.8,16.5,naive_prior,15461.8,134.10000000000036
2012-07-31,pce,PCEPI,BEA,2012-06-01,level,115.518,115.505,-0.11399999999999011,naive_prior,115.505,0.01300000000000523
2012-08-02,claims,ICSA,DOL,2012-07-28,level,365000.0,353000.0,4000.0,naive_prior,353000.0,12000.0
2012-08-03,empsit,PAYEMS,BLS,2012-07-01,change,163.0,133088.0,-6.0,naive_prior,80.0,83.0
2012-08-03,unrate,UNRATE,BLS,2012-07-01,level,8.3,8.2,0.0,naive_prior,8.2,0.10000000000000142
2012-08-09,claims,ICSA,DOL,2012-08-04,level,361000.0,365000.0,2000.0,naive_prior,365000.0,-4000.0
2012-08-14,retail,RSAFS,Census,2012-07-01,level,403929.0,401515.0,-833.0,naive_prior,401515.0,2414.0
2012-08-15,cpi,CPIAUCSL,BLS,2012-07-01,level,228.723,228.618,0.0,naive_prior,228.618,0.10500000000001819
2012-08-15,cpi_core,CPILFESL,BLS,2012-07-01,level,230.124,229.916,0.0,naive_prior,229.916,0.2079999999999984
2012-08-16,claims,ICSA,DOL,2012-08-11,level,366000.0,361000.0,3000.0,naive_prior,361000.0,5000.0
2012-08-23,claims,ICSA,DOL,2012-08-18,level,372000.0,366000.0,2000.0,naive_prior,366000.0,6000.0
2012-08-30,claims,ICSA,DOL,2012-08-25,level,374000.0,372000.0,2000.0,naive_prior,372000.0,2000.0
2012-08-30,pce,PCEPI,BEA,2012-07-01,level,115.529,115.518,0.0,naive_prior,115.518,0.01099999999999568
2012-09-06,claims,ICSA,DOL,2012-09-01,level,365000.0,374000.0,3000.0,naive_prior,374000.0,-9000.0
2012-09-07,empsit,PAYEMS,BLS,2012-08-01,change,96.0,133245.0,-41.0,naive_prior,163.0,-67.0
2012-09-07,unrate,UNRATE,BLS,2012-08-01,level,8.1,8.3,0.0,naive_prior,8.3,-0.20000000000000107
2012-09-13,claims,ICSA,DOL,2012-09-08,level,382000.0,365000.0,2000.0,naive_prior,365000.0,17000.0
2012-09-14,cpi,CPIAUCSL,BLS,2012-08-01,level,230.102,228.723,0.0,naive_prior,228.723,1.3789999999999907
2012-09-14,cpi_core,CPILFESL,BLS,2012-08-01,level,230.244,230.124,0.0,naive_prior,230.124,0.12000000000000455
2012-09-14,retail,RSAFS,Census,2012-08-01,level,406748.0,403929.0,-753.0,naive_prior,403929.0,2819.0
2012-09-20,claims,ICSA,DOL,2012-09-15,level,382000.0,382000.0,3000.0,naive_prior,382000.0,0.0
2012-09-27,claims,ICSA,DOL,2012-09-22,level,359000.0,382000.0,3000.0,naive_prior,382000.0,-23000.0
2012-09-28,pce,PCEPI,BEA,2012-08-01,level,116.026,115.529,-0.003999999999990678,naive_prior,115.529,0.4969999999999999
2012-10-04,claims,ICSA,DOL,2012-09-29,level,367000.0,359000.0,4000.0,naive_prior,359000.0,8000.0
2012-10-05,empsit,PAYEMS,BLS,2012-09-01,change,114.0,133300.0,86.0,naive_prior,96.0,18.0
2012-10-05,unrate,UNRATE,BLS,2012-09-01,level,7.8,8.1,0.0,naive_prior,8.1,-0.2999999999999998
2012-10-11,claims,ICSA,DOL,2012-10-06,level,339000.0,367000.0,2000.0,naive_prior,367000.0,-28000.0
2012-10-15,retail,RSAFS,Census,2012-09-01,level,412939.0,406748.0,1502.0,naive_prior,406748.0,6191.0
2012-10-16,cpi,CPIAUCSL,BLS,2012-09-01,level,231.414,230.102,0.0,naive_prior,230.102,1.3119999999999834
2012-10-16,cpi_core,CPILFESL,BLS,2012-09-01,level,230.58,230.244,0.0,naive_prior,230.244,0.33600000000001273
2012-10-18,claims,ICSA,DOL,2012-10-13,level,388000.0,339000.0,3000.0,naive_prior,339000.0,49000.0
2012-10-25,claims,ICSA,DOL,2012-10-20,level,369000.0,388000.0,4000.0,naive_prior,388000.0,-19000.0
2012-10-26,gdp,GDP,BEA,2012-07-01,level,15775.7,15595.9,-10.299999999999272,naive_prior,15595.9,179.8000000000011
2012-10-29,pce,PCEPI,BEA,2012-09-01,level,116.463,116.026,-0.006000000000000227,naive_prior,116.026,0.4369999999999976
2012-11-01,claims,ICSA,DOL,2012-10-27,level,363000.0,369000.0,3000.0,naive_prior,369000.0,-6000.0
2012-11-02,empsit,PAYEMS,BLS,2012-10-01,change,171.0,133500.0,84.0,naive_prior,114.0,57.0
2012-11-02,unrate,UNRATE,BLS,2012-10-01,level,7.9,7.8,0.0,naive_prior,7.8,0.10000000000000053
2012-11-08,claims,ICSA,DOL,2012-11-03,level,355000.0,363000.0,0.0,naive_prior,363000.0,-8000.0
2012-11-14,retail,RSAFS,Census,2012-10-01,level,411591.0,412939.0,-70.0,naive_prior,412939.0,-1348.0
2012-11-15,claims,ICSA,DOL,2012-11-10,level,439000.0,355000.0,6000.0,naive_prior,355000.0,84000.0
2012-11-15,cpi,CPIAUCSL,BLS,2012-10-01,level,231.751,231.414,0.0,naive_prior,231.414,0.3370000000000175
2012-11-15,cpi_core,CPILFESL,BLS,2012-10-01,level,230.994,230.58,0.0,naive_prior,230.58,0.41399999999998727
2012-11-21,claims,ICSA,DOL,2012-11-17,level,410000.0,439000.0,12000.0,naive_prior,439000.0,-29000.0
2012-11-29,claims,ICSA,DOL,2012-11-24,level,393000.0,410000.0,6000.0,naive_prior,410000.0,-17000.0
2012-11-30,pce,PCEPI,BEA,2012-10-01,level,116.492,116.463,-0.11699999999999022,naive_prior,116.463,0.029000000000010573
2012-12-06,claims,ICSA,DOL,2012-12-01,level,370000.0,393000.0,2000.0,naive_prior,393000.0,-23000.0
2012-12-07,empsit,PAYEMS,BLS,2012-11-01,change,146.0,133755.0,-49.0,naive_prior,171.0,-25.0
2012-12-07,unrate,UNRATE,BLS,2012-11-01,level,7.7,7.9,0.0,naive_prior,7.9,-0.20000000000000018
2012-12-13,claims,ICSA,DOL,2012-12-08,level,343000.0,370000.0,2000.0,naive_prior,370000.0,-27000.0
2012-12-13,retail,RSAFS,Census,2012-11-01,level,412403.0,411591.0,-283.0,naive_prior,411591.0,812.0
2012-12-14,cpi,CPIAUCSL,BLS,2012-11-01,level,231.025,231.751,0.0,naive_prior,231.751,-0.7259999999999991
2012-12-14,cpi_core,CPILFESL,BLS,2012-11-01,level,231.254,230.994,0.0,naive_prior,230.994,0.2599999999999909
2012-12-20,claims,ICSA,DOL,2012-12-15,level,361000.0,343000.0,1000.0,naive_prior,343000.0,18000.0
2012-12-21,pce,PCEPI,BEA,2012-11-01,level,116.227,116.492,-0.014000000000010004,naive_prior,116.492,-0.26500000000000057
2012-12-27,claims,ICSA,DOL,2012-12-22,level,350000.0,361000.0,1000.0,naive_prior,361000.0,-11000.0
2013-01-03,claims,ICSA,DOL,2012-12-29,level,372000.0,350000.0,12000.0,naive_prior,350000.0,22000.0
2013-01-04,empsit,PAYEMS,BLS,2012-12-01,change,155.0,133852.0,14.0,naive_prior,146.0,9.0
2013-01-04,unrate,UNRATE,BLS,2012-12-01,level,7.8,7.7,0.09999999999999964,naive_prior,7.7,0.09999999999999964
2013-01-10,claims,ICSA,DOL,2013-01-05,level,371000.0,372000.0,-5000.0,naive_prior,372000.0,-1000.0
2013-01-15,retail,RSAFS,Census,2012-12-01,level,415695.0,412403.0,1179.0,naive_prior,412403.0,3292.0
2013-01-16,cpi,CPIAUCSL,BLS,2012-12-01,level,230.979,231.025,0.0,naive_prior,231.025,-0.04599999999999227
2013-01-16,cpi_core,CPILFESL,BLS,2012-12-01,level,231.475,231.254,0.0,naive_prior,231.254,0.22100000000000364
2013-01-17,claims,ICSA,DOL,2013-01-12,level,335000.0,371000.0,1000.0,naive_prior,371000.0,-36000.0
2013-01-24,claims,ICSA,DOL,2013-01-19,level,330000.0,335000.0,0.0,naive_prior,335000.0,-5000.0
2013-01-30,gdp,GDP,BEA,2012-10-01,level,15829.0,15775.7,35.29999999999927,naive_prior,15775.7,53.29999999999927
2013-01-31,claims,ICSA,DOL,2013-01-26,level,368000.0,330000.0,0.0,naive_prior,330000.0,38000.0
2013-01-31,pce,PCEPI,BEA,2012-12-01,level,116.192,116.227,0.018000000000000682,naive_prior,116.227,-0.0350000000000108
2013-02-01,empsit,PAYEMS,BLS,2013-01-01,change,157.0,134021.0,647.0,naive_prior,155.0,2.0
2013-02-01,unrate,UNRATE,BLS,2013-01-01,level,7.9,7.8,0.0,naive_prior,7.8,0.10000000000000053
2013-02-07,claims,ICSA,DOL,2013-02-02,level,366000.0,368000.0,3000.0,naive_prior,368000.0,-2000.0
2013-02-13,retail,RSAFS,Census,2013-01-01,level,416633.0,415695.0,412.0,naive_prior,415695.0,938.0
2013-02-14,claims,ICSA,DOL,2013-02-09,level,341000.0,366000.0,2000.0,naive_prior,366000.0,-25000.0
2013-02-21,claims,ICSA,DOL,2013-02-16,level,362000.0,341000.0,1000.0,naive_prior,341000.0,21000.0
2013-02-21,cpi,CPIAUCSL,BLS,2013-01-01,level,231.198,230.979,0.15799999999998704,naive_prior,230.979,0.2189999999999941
2013-02-21,cpi_core,CPILFESL,BLS,2013-01-01,level,232.108,231.475,0.051000000000016144,naive_prior,231.475,0.6330000000000098
2013-02-28,claims,ICSA,DOL,2013-02-23,level,344000.0,362000.0,4000.0,naive_prior,362000.0,-18000.0
2013-03-01,pce,PCEPI,BEA,2013-01-01,level,116.342,116.192,0.12600000000000477,naive_prior,116.192,0.15000000000000568
2013-03-07,claims,ICSA,DOL,2013-03-02,level,340000.0,344000.0,3000.0,naive_prior,344000.0,-4000.0
2013-03-08,empsit,PAYEMS,BLS,2013-02-01,change,236.0,134825.0,-15.0,naive_prior,157.0,79.0
2013-03-08,unrate,UNRATE,BLS,2013-02-01,level,7.7,7.9,0.0,naive_prior,7.9,-0.20000000000000018
2013-03-13,retail,RSAFS,Census,2013-02-01,level,421399.0,416633.0,357.0,naive_prior,416633.0,4766.0
2013-03-14,claims,ICSA,DOL,2013-03-09,level,332000.0,340000.0,2000.0,naive_prior,340000.0,-8000.0
2013-03-15,cpi,CPIAUCSL,BLS,2013-02-01,level,232.77,231.198,0.0,naive_prior,231.198,1.5720000000000027
2013-03-15,cpi_core,CPILFESL,BLS,2013-02-01,level,232.512,232.108,0.0,naive_prior,232.108,0.40399999999999636
2013-03-21,claims,ICSA,DOL,2013-03-16,level,336000.0,332000.0,2000.0,naive_prior,332000.0,4000.0
2013-03-28,claims,ICSA,DOL,2013-03-23,level,357000.0,336000.0,5000.0,naive_prior,336000.0,21000.0
2013-03-29,pce,PCEPI,BEA,2013-02-01,level,116.855,116.342,0.060000000000002274,naive_prior,116.342,0.5130000000000052
2013-04-04,claims,ICSA,DOL,2013-03-30,level,385000.0,357000.0,0.0,naive_prior,357000.0,28000.0
2013-04-05,empsit,PAYEMS,BLS,2013-03-01,change,88.0,135046.0,61.0,naive_prior,236.0,-148.0
2013-04-05,unrate,UNRATE,BLS,2013-03-01,level,7.6,7.7,0.0,naive_prior,7.7,-0.10000000000000053
2013-04-11,claims,ICSA,DOL,2013-04-06,level,346000.0,385000.0,3000.0,naive_prior,385000.0,-39000.0
2013-04-12,retail,RSAFS,Census,2013-03-01,level,418284.0,421399.0,-1299.0,naive_prior,421399.0,-3115.0
2013-04-16,cpi,CPIAUCSL,BLS,2013-03-01,level,232.34,232.77,0.0,naive_prior,232.77,-0.4300000000000068
2013-04-16,cpi_core,CPILFESL,BLS,2013-03-01,level,232.758,232.512,0.0,naive_prior,232.512,0.24600000000000932
2013-04-18,claims,ICSA,DOL,2013-04-13,level,352000.0,346000.0,2000.0,naive_prior,346000.0,6000.0
2013-04-25,claims,ICSA,DOL,2013-04-20,level,339000.0,352000.0,3000.0,naive_prior,352000.0,-13000.0
2013-04-26,gdp,GDP,BEA,2013-01-01,level,16010.2,15829.0,35.100000000000364,naive_prior,15829.0,181.20000000000073
2013-04-29,pce,PCEPI,BEA,2013-03-01,level,116.726,116.855,0.024999999999991473,naive_prior,116.855,-0.1290000000000049
2013-05-02,claims,ICSA,DOL,2013-04-27,level,324000.0,339000.0,3000.0,naive_prior,339000.0,-15000.0
2013-05-03,empsit,PAYEMS,BLS,2013-04-01,change,165.0,135195.0,114.0,naive_prior,88.0,77.0
2013-05-03,unrate,UNRATE,BLS,2013-04-01,level,7.5,7.6,0.0,naive_prior,7.6,-0.09999999999999964
2013-05-09,claims,ICSA,DOL,2013-05-04,level,323000.0,324000.0,3000.0,naive_prior,324000.0,-1000.0
2013-05-13,retail,RSAFS,Census,2013-04-01,level,419027.0,418284.0,366.0,naive_prior,418284.0,743.0
2013-05-16,claims,ICSA,DOL,2013-05-11,level,360000.0,323000.0,5000.0,naive_prior,323000.0,37000.0
2013-05-16,cpi,CPIAUCSL,BLS,2013-04-01,level,231.485,232.34,0.0,naive_prior,232.34,-0.8549999999999898
2013-05-16,cpi_core,CPILFESL,BLS,2013-04-01,level,232.879,232.758,0.0,naive_prior,232.758,0.1209999999999809
2013-05-23,claims,ICSA,DOL,2013-05-18,level,340000.0,360000.0,3000.0,naive_prior,360000.0,-20000.0
2013-05-30,claims,ICSA,DOL,2013-05-25,level,354000.0,340000.0,4000.0,naive_prior,340000.0,14000.0
2013-05-31,pce,PCEPI,BEA,2013-04-01,level,116.476,116.726,0.04200000000000159,naive_prior,116.726,-0.25
2013-06-06,claims,ICSA,DOL,2013-06-01,level,346000.0,354000.0,3000.0,naive_prior,354000.0,-8000.0
2013-06-07,empsit,PAYEMS,BLS,2013-05-01,change,175.0,135474.0,-12.0,naive_prior,165.0,10.0
2013-06-07,unrate,UNRATE,BLS,2013-05-01,level,7.6,7.5,0.0,naive_prior,7.5,0.09999999999999964
2013-06-13,claims,ICSA,DOL,2013-06-08,level,334000.0,346000.0,0.0,naive_prior,346000.0,-12000.0
2013-06-13,retail,RSAFS,Census,2013-05-01,level,421147.0,419027.0,-187.0,naive_prior,419027.0,2120.0
2013-06-18,cpi,CPIAUCSL,BLS,2013-05-01,level,231.831,231.485,0.0,naive_prior,231.485,0.3459999999999752
2013-06-18,cpi_core,CPILFESL,BLS,2013-05-01,level,233.267,232.879,0.0,naive_prior,232.879,0.38800000000000523
2013-06-20,claims,ICSA,DOL,2013-06-15,level,354000.0,334000.0,2000.0,naive_prior,334000.0,20000.0
2013-06-27,claims,ICSA,DOL,2013-06-22,level,346000.0,354000.0,1000.0,naive_prior,354000.0,-8000.0
2013-06-27,pce,PCEPI,BEA,2013-05-01,level,116.563,116.476,-0.009000000000000341,naive_prior,116.476,0.0870000000000033
2013-07-03,claims,ICSA,DOL,2013-06-29,level,343000.0,346000.0,2000.0,naive_prior,346000.0,-3000.0
2013-07-05,empsit,PAYEMS,BLS,2013-06-01,change,195.0,135637.0,70.0,naive_prior,175.0,20.0
2013-07-05,unrate,UNRATE,BLS,2013-06-01,level,7.6,7.6,0.0,naive_prior,7.6,0.0
2013-07-11,claims,ICSA,DOL,2013-07-06,level,360000.0,343000.0,1000.0,naive_prior,343000.0,17000.0
2013-07-15,retail,RSAFS,Census,2013-06-01,level,422794.0,421147.0,75.0,naive_prior,421147.0,1647.0
2013-07-16,cpi,CPIAUCSL,BLS,2013-06-01,level,232.944,231.831,0.0,naive_prior,231.831,1.1129999999999995
2013-07-16,cpi_core,CPILFESL,BLS,2013-06-01,level,233.643,233.267,0.0,naive_prior,233.267,0.3760000000000048
2013-07-18,claims,ICSA,DOL,2013-07-13,level,334000.0,360000.0,-2000.0,naive_prior,360000.0,-26000.0
2013-07-25,claims,ICSA,DOL,2013-07-20,level,343000.0,334000.0,2000.0,naive_prior,334000.0,9000.0
2013-07-31,gdp,GDP,BEA,2013-04-01,level,16633.4,16010.2,525.0999999999985,naive_prior,16010.2,623.2000000000007
2013-08-01,claims,ICSA,DOL,2013-07-27,level,326000.0,343000.0,2000.0,naive_prior,343000.0,-17000.0
2013-08-02,empsit,PAYEMS,BLS,2013-07-01,change,162.0,135902.0,-26.0,naive_prior,195.0,-33.0
2013-08-02,pce,PCEPI,BEA,2013-06-01,level,107.235,116.563,-9.751999999999995,naive_prior,116.563,-9.328000000000003
2013-08-02,unrate,UNRATE,BLS,2013-07-01,level,7.4,7.6,0.0,naive_prior,7.6,-0.1999999999999993
2013-08-08,claims,ICSA,DOL,2013-08-03,level,333000.0,326000.0,2000.0,naive_prior,326000.0,7000.0
2013-08-13,retail,RSAFS,Census,2013-07-01,level,424481.0,422794.0,855.0,naive_prior,422794.0,1687.0
2013-08-15,claims,ICSA,DOL,2013-08-10,level,320000.0,333000.0,2000.0,naive_prior,333000.0,-13000.0
2013-08-15,cpi,CPIAUCSL,BLS,2013-07-01,level,233.318,232.944,0.0,naive_prior,232.944,0.37400000000002365
2013-08-15,cpi_core,CPILFESL,BLS,2013-07-01,level,234.004,233.643,0.0,naive_prior,233.643,0.36099999999999
2013-08-22,claims,ICSA,DOL,2013-08-17,level,336000.0,320000.0,3000.0,naive_prior,320000.0,16000.0
2013-08-29,claims,ICSA,DOL,2013-08-24,level,331000.0,336000.0,1000.0,naive_prior,336000.0,-5000.0
2013-08-30,pce,PCEPI,BEA,2013-07-01,level,107.343,107.235,0.009000000000000341,naive_prior,107.235,0.10800000000000409
2013-09-05,claims,ICSA,DOL,2013-08-31,level,323000.0,331000.0,1000.0,naive_prior,331000.0,-8000.0
2013-09-06,empsit,PAYEMS,BLS,2013-08-01,change,169.0,136038.0,-74.0,naive_prior,162.0,7.0
2013-09-06,unrate,UNRATE,BLS,2013-08-01,level,7.3,7.4,0.0,naive_prior,7.4,-0.10000000000000053
2013-09-12,claims,ICSA,DOL,2013-09-07,level,292000.0,323000.0,0.0,naive_prior,323000.0,-31000.0
2013-09-13,retail,RSAFS,Census,2013-08-01,level,426563.0,424481.0,1176.0,naive_prior,424481.0,2082.0
2013-09-17,cpi,CPIAUCSL,BLS,2013-08-01,level,233.526,233.318,0.0,naive_prior,233.318,0.2079999999999984
2013-09-17,cpi_core,CPILFESL,BLS,2013-08-01,level,234.302,234.004,0.0,naive_prior,234.004,0.2980000000000018
2013-09-19,claims,ICSA,DOL,2013-09-14,level,309000.0,292000.0,2000.0,naive_prior,292000.0,17000.0
2013-09-26,claims,ICSA,DOL,2013-09-21,level,305000.0,309000.0,1000.0,naive_prior,309000.0,-4000.0
2013-09-27,pce,PCEPI,BEA,2013-08-01,level,107.423,107.343,-0.06700000000000728,naive_prior,107.343,0.0799999999999983
2013-10-03,claims,ICSA,DOL,2013-09-28,level,308000.0,305000.0,2000.0,naive_prior,305000.0,3000.0
2013-10-10,claims,ICSA,DOL,2013-10-05,level,374000.0,308000.0,0.0,naive_prior,308000.0,66000.0
2013-10-17,claims,ICSA,DOL,2013-10-12,level,358000.0,374000.0,-1000.0,naive_prior,374000.0,-16000.0
2013-10-22,empsit,PAYEMS,BLS,2013-09-01,change,148.0,136133.0,9.0,naive_prior,169.0,-21.0
2013-10-22,unrate,UNRATE,BLS,2013-09-01,level,7.2,7.3,0.0,naive_prior,7.3,-0.09999999999999964
2013-10-24,claims,ICSA,DOL,2013-10-19,level,350000.0,358000.0,4000.0,naive_prior,358000.0,-8000.0
2013-10-29,retail,RSAFS,Census,2013-09-01,level,425881.0,426563.0,-221.0,naive_prior,426563.0,-682.0
2013-10-30,cpi,CPIAUCSL,BLS,2013-09-01,level,233.947,233.526,0.0,naive_prior,233.526,0.42099999999999227
2013-10-30,cpi_core,CPILFESL,BLS,2013-09-01,level,234.589,234.302,0.0,naive_prior,234.302,0.28700000000000614
2013-10-31,claims,ICSA,DOL,2013-10-26,level,340000.0,350000.0,0.0,naive_prior,350000.0,-10000.0
2013-11-07,claims,ICSA,DOL,2013-11-02,level,336000.0,340000.0,5000.0,naive_prior,340000.0,-4000.0
2013-11-07,gdp,GDP,BEA,2013-07-01,level,16857.6,16633.4,27.599999999998545,naive_prior,16633.4,224.1999999999971
2013-11-08,empsit,PAYEMS,BLS,2013-10-01,change,204.0,136290.0,60.0,naive_prior,148.0,56.0
2013-11-08,pce,PCEPI,BEA,2013-09-01,level,107.497,107.423,-0.019000000000005457,naive_prior,107.423,0.07399999999999807
2013-11-08,unrate,UNRATE,BLS,2013-10-01,level,7.3,7.2,0.0,naive_prior,7.2,0.09999999999999964
2013-11-14,claims,ICSA,DOL,2013-11-09,level,339000.0,336000.0,5000.0,naive_prior,336000.0,3000.0
2013-11-20,cpi,CPIAUCSL,BLS,2013-10-01,level,233.808,233.947,0.0,naive_prior,233.947,-0.13900000000001
2013-11-20,cpi_core,CPILFESL,BLS,2013-10-01,level,234.877,234.589,0.0,naive_prior,234.589,0.2880000000000109
2013-11-20,retail,RSAFS,Census,2013-10-01,level,428099.0,425881.0,488.0,naive_prior,425881.0,2218.0
2013-11-21,claims,ICSA,DOL,2013-11-16,level,323000.0,339000.0,5000.0,naive_prior,339000.0,-16000.0
2013-11-27,claims,ICSA,DOL,2013-11-23,level,316000.0,323000.0,3000.0,naive_prior,323000.0,-7000.0
2013-12-05,claims,ICSA,DOL,2013-11-30,level,298000.0,316000.0,5000.0,naive_prior,316000.0,-18000.0
2013-12-06,empsit,PAYEMS,BLS,2013-11-01,change,203.0,136554.0,8.0,naive_prior,204.0,-1.0
2013-12-06,pce,PCEPI,BEA,2013-10-01,level,107.489,107.497,0.02400000000000091,naive_prior,107.497,-0.007999999999995566
2013-12-06,unrate,UNRATE,BLS,2013-11-01,level,7.0,7.3,0.0,naive_prior,7.3,-0.2999999999999998
2013-12-12,claims,ICSA,DOL,2013-12-07,level,368000.0,298000.0,2000.0,naive_prior,298000.0,70000.0
2013-12-12,retail,RSAFS,Census,2013-11-01,level,432310.0,428099.0,1291.0,naive_prior,428099.0,4211.0
2013-12-17,cpi,CPIAUCSL,BLS,2013-11-01,level,233.887,233.808,0.0,naive_prior,233.808,0.07900000000000773
2013-12-17,cpi_core,CPILFESL,BLS,2013-11-01,level,235.24,234.877,0.0,naive_prior,234.877,0.36299999999999955
2013-12-19,claims,ICSA,DOL,2013-12-14,level,379000.0,368000.0,1000.0,naive_prior,368000.0,11000.0
2013-12-23,pce,PCEPI,BEA,2013-11-01,level,107.499,107.489,-0.01300000000000523,naive_prior,107.489,0.009999999999990905
2013-12-26,claims,ICSA,DOL,2013-12-21,level,338000.0,379000.0,1000.0,naive_prior,379000.0,-41000.0
2014-01-02,claims,ICSA,DOL,2013-12-28,level,339000.0,338000.0,3000.0,naive_prior,338000.0,1000.0
2014-01-09,claims,ICSA,DOL,2014-01-04,level,330000.0,339000.0,6000.0,naive_prior,339000.0,-9000.0
2014-01-10,empsit,PAYEMS,BLS,2013-12-01,change,74.0,136765.0,38.0,naive_prior,203.0,-129.0
2014-01-10,unrate,UNRATE,BLS,2013-12-01,level,6.7,7.0,0.0,naive_prior,7.0,-0.2999999999999998
2014-01-14,retail,RSAFS,Census,2013-12-01,level,431879.0,432310.0,-1429.0,naive_prior,432310.0,-431.0
2014-01-16,claims,ICSA,DOL,2014-01-11,level,326000.0,330000.0,-2000.0,naive_prior,330000.0,-4000.0
2014-01-16,cpi,CPIAUCSL,BLS,2013-12-01,level,234.582,233.887,0.0,naive_prior,233.887,0.6949999999999932
2014-01-16,cpi_core,CPILFESL,BLS,2013-12-01,level,235.496,235.24,0.0,naive_prior,235.24,0.2560000000000002
2014-01-23,claims,ICSA,DOL,2014-01-18,level,326000.0,326000.0,-1000.0,naive_prior,326000.0,0.0
2014-01-30,claims,ICSA,DOL,2014-01-25,level,348000.0,326000.0,3000.0,naive_prior,326000.0,22000.0
2014-01-30,gdp,GDP,BEA,2013-10-01,level,17102.5,16857.6,55.30000000000291,naive_prior,16857.6,244.90000000000146
2014-01-31,pce,PCEPI,BEA,2013-12-01,level,107.726,107.499,0.006000000000000227,naive_prior,107.499,0.22700000000000387
2014-02-06,claims,ICSA,DOL,2014-02-01,level,331000.0,348000.0,3000.0,naive_prior,348000.0,-17000.0
2014-02-07,empsit,PAYEMS,BLS,2014-01-01,change,113.0,136877.0,509.0,naive_prior,74.0,39.0
2014-02-07,unrate,UNRATE,BLS,2014-01-01,level,6.6,6.7,0.0,naive_prior,6.7,-0.10000000000000053
2014-02-13,claims,ICSA,DOL,2014-02-08,level,339000.0,331000.0,0.0,naive_prior,331000.0,8000.0
2014-02-13,retail,RSAFS,Census,2014-01-01,level,427829.0,431879.0,-2290.0,naive_prior,431879.0,-4050.0
2014-02-19,ppi,PPIFIS,BLS,2009-12-01,level,100.3,100.2,0.0,naive_prior,100.2,0.09999999999999432
2014-02-19,ppi,PPIFIS,BLS,2010-01-01,level,101.2,100.3,0.0,naive_prior,100.3,0.9000000000000057
2014-02-19,ppi,PPIFIS,BLS,2010-02-01,level,101.0,101.2,0.0,naive_prior,101.2,-0.20000000000000284
2014-02-19,ppi,PPIFIS,BLS,2010-03-01,level,101.1,101.0,0.0,naive_prior,101.0,0.09999999999999432
2014-02-19,ppi,PPIFIS,BLS,2010-04-01,level,101.4,101.1,0.0,naive_prior,101.1,0.30000000000001137
2014-02-19,ppi,PPIFIS,BLS,2010-05-01,level,101.6,101.4,0.0,naive_prior,101.4,0.19999999999998863
2014-02-19,ppi,PPIFIS,BLS,2010-06-01,level,101.4,101.6,0.0,naive_prior,101.6,-0.19999999999998863
2014-02-19,ppi,PPIFIS,BLS,2010-07-01,level,101.6,101.4,0.0,naive_prior,101.4,0.19999999999998863
2014-02-19,ppi,PPIFIS,BLS,2010-08-01,level,101.8,101.6,0.0,naive_prior,101.6,0.20000000000000284
2014-02-19,ppi,PPIFIS,BLS,2010-09-01,level,102.1,101.8,0.0,naive_prior,101.8,0.29999999999999716
2014-02-19,ppi,PPIFIS,BLS,2010-10-01,level,102.5,102.1,0.0,naive_prior,102.1,0.4000000000000057
2014-02-19,ppi,PPIFIS,BLS,2010-11-01,level,102.8,102.5,0.0,naive_prior,102.5,0.29999999999999716
2014-02-19,ppi,PPIFIS,BLS,2010-12-01,level,103.2,102.8,0.0,naive_prior,102.8,0.4000000000000057
2014-02-19,ppi,PPIFIS,BLS,2011-01-01,level,103.7,103.2,0.0,naive_prior,103.2,0.5
2014-02-19,ppi,PPIFIS,BLS,2011-02-01,level,104.3,103.7,0.0,naive_prior,103.7,0.5999999999999943
2014-02-19,ppi,PPIFIS,BLS,2011-03-01,level,104.9,104.3,0.0,naive_prior,104.3,0.6000000000000085
2014-02-19,ppi,PPIFIS,BLS,2011-04-01,level,105.5,104.9,0.0,naive_prior,104.9,0.5999999999999943
2014-02-19,ppi,PPIFIS,BLS,2011-05-01,level,105.8,105.5,0.0,naive_prior,105.5,0.29999999999999716
2014-02-19,ppi,PPIFIS,BLS,2011-06-01,level,105.9,105.8,0.0,naive_prior,105.8,0.10000000000000853
2014-02-19,ppi,PPIFIS,BLS,2011-07-01,level,106.1,105.9,0.0,naive_prior,105.9,0.19999999999998863
2014-02-19,ppi,PPIFIS,BLS,2011-08-01,level,106.3,106.1,0.0,naive_prior,106.1,0.20000000000000284
2014-02-19,ppi,PPIFIS,BLS,2011-09-01,level,106.7,106.3,0.0,naive_prior,106.3,0.4000000000000057
2014-02-19,ppi,PPIFIS,BLS,2011-10-01,level,106.4,106.7,0.0,naive_prior,106.7,-0.29999999999999716
2014-02-19,ppi,PPIFIS,BLS,2011-11-01,level,106.7,106.4,0.0,naive_prior,106.4,0.29999999999999716
2014-02-19,ppi,PPIFIS,BLS,2011-12-01,level,106.5,106.7,0.0,naive_prior,106.7,-0.20000000000000284
2014-02-19,ppi,PPIFIS,BLS,2012-01-01,level,106.9,106.5,0.0,naive_prior,106.5,0.4000000000000057
2014-02-19,ppi,PPIFIS,BLS,2012-02-01,level,107.2,106.9,0.0,naive_prior,106.9,0.29999999999999716
2014-02-19,ppi,PPIFIS,BLS,2012-03-01,level,107.4,107.2,0.0,naive_prior,107.2,0.20000000000000284
2014-02-19,ppi,PPIFIS,BLS,2012-04-01,level,107.6,107.4,0.0,naive_prior,107.4,0.19999999999998863
2014-02-19,ppi,PPIFIS,BLS,2012-05-01,level,107.5,107.6,0.0,naive_prior,107.6,-0.09999999999999432
2014-02-19,ppi,PPIFIS,BLS,2012-06-01,level,107.3,107.5,0.0,naive_prior,107.5,-0.20000000000000284
2014-02-19,ppi,PPIFIS,BLS,2012-07-01,level,107.3,107.3,0.0,naive_prior,107.3,0.0
2014-02-19,ppi,PPIFIS,BLS,2012-08-01,level,107.6,107.3,0.0,naive_prior,107.3,0.29999999999999716
2014-02-19,ppi,PPIFIS,BLS,2012-09-01,level,108.2,107.6,0.0,naive_prior,107.6,0.6000000000000085
2014-02-19,ppi,PPIFIS,BLS,2012-10-01,level,108.4,108.2,0.0,naive_prior,108.2,0.20000000000000284
2014-02-19,ppi,PPIFIS,BLS,2012-11-01,level,108.4,108.4,0.0,naive_prior,108.4,0.0
2014-02-19,ppi,PPIFIS,BLS,2012-12-01,level,108.5,108.4,0.0,naive_prior,108.4,0.09999999999999432
2014-02-19,ppi,PPIFIS,BLS,2013-01-01,level,108.6,108.5,0.0,naive_prior,108.5,0.09999999999999432
2014-02-19,ppi,PPIFIS,BLS,2013-02-01,level,108.8,108.6,0.0,naive_prior,108.6,0.20000000000000284
2014-02-19,ppi,PPIFIS,BLS,2013-03-01,level,108.7,108.8,0.0,naive_prior,108.8,-0.09999999999999432
2014-02-19,ppi,PPIFIS,BLS,2013-04-01,level,108.7,108.7,0.0,naive_prior,108.7,0.0
2014-02-19,ppi,PPIFIS,BLS,2013-05-01,level,108.6,108.7,0.0,naive_prior,108.7,-0.10000000000000853
2014-02-19,ppi,PPIFIS,BLS,2013-06-01,level,109.1,108.6,0.0,naive_prior,108.6,0.5
2014-02-19,ppi,PPIFIS,BLS,2013-07-01,level,109.4,109.1,0.0,naive_prior,109.1,0.30000000000001137
2014-02-19,ppi,PPIFIS,BLS,2013-08-01,level,109.3,109.4,0.0,naive_prior,109.4,-0.10000000000000853
2014-02-19,ppi,PPIFIS,BLS,2013-09-01,level,109.4,109.3,0.0,naive_prior,109.3,0.10000000000000853
2014-02-19,ppi,PPIFIS,BLS,2013-10-01,level,109.6,109.4,0.0,naive_prior,109.4,0.19999999999998863
2014-02-19,ppi,PPIFIS,BLS,2013-11-01,level,109.6,109.6,0.0,naive_prior,109.6,0.0
2014-02-19,ppi,PPIFIS,BLS,2013-12-01,level,109.7,109.6,0.0,naive_prior,109.6,0.10000000000000853
2014-02-19,ppi,PPIFIS,BLS,2014-01-01,level,109.9,109.7,0.0,naive_prior,109.7,0.20000000000000284
2014-02-20,claims,ICSA,DOL,2014-02-15,level,336000.0,339000.0,0.0,naive_prior,339000.0,-3000.0
2014-02-20,cpi,CPIAUCSL,BLS,2014-01-01,level,234.933,234.582,0.012000000000000455,naive_prior,234.582,0.3509999999999991
2014-02-20,cpi_core,CPILFESL,BLS,2014-01-01,level,235.843,235.496,0.04599999999999227,naive_prior,235.496,0.34699999999998
2014-02-27,claims,ICSA,DOL,2014-02-22,level,348000.0,336000.0,-2000.0,naive_prior,336000.0,12000.0
2014-03-03,pce,PCEPI,BEA,2014-01-01,level,107.922,107.726,0.08500000000000796,naive_prior,107.726,0.19599999999999795
2014-03-06,claims,ICSA,DOL,2014-03-01,level,323000.0,348000.0,1000.0,naive_prior,348000.0,-25000.0
2014-03-07,empsit,PAYEMS,BLS,2014-02-01,change,175.0,137499.0,25.0,naive_prior,113.0,62.0
2014-03-07,unrate,UNRATE,BLS,2014-02-01,level,6.7,6.6,0.0,naive_prior,6.6,0.10000000000000053
2014-03-13,claims,ICSA,DOL,2014-03-08,level,315000.0,323000.0,1000.0,naive_prior,323000.0,-8000.0
2014-03-13,retail,RSAFS,Census,2014-02-01,level,427186.0,427829.0,-1775.0,naive_prior,427829.0,-643.0
2014-03-14,ppi,PPIFIS,BLS,2014-02-01,level,109.8,109.9,0.0,naive_prior,109.9,-0.10000000000000853
2014-03-18,cpi,CPIAUCSL,BLS,2014-02-01,level,235.169,234.933,0.0,naive_prior,234.933,0.23600000000001842
2014-03-18,cpi_core,CPILFESL,BLS,2014-02-01,level,236.122,235.843,0.0,naive_prior,235.843,0.2790000000000248
2014-03-20,claims,ICSA,DOL,2014-03-15,level,320000.0,315000.0,0.0,naive_prior,315000.0,5000.0
2014-03-27,claims,ICSA,DOL,2014-03-22,level,311000.0,320000.0,1000.0,naive_prior,320000.0,-9000.0
2014-03-28,pce,PCEPI,BEA,2014-02-01,level,108.017,107.922,0.014000000000010004,naive_prior,107.922,0.09499999999999886
2014-04-03,claims,ICSA,DOL,2014-03-29,level,326000.0,311000.0,-1000.0,naive_prior,311000.0,15000.0
2014-04-04,empsit,PAYEMS,BLS,2014-03-01,change,192.0,137699.0,37.0,naive_prior,175.0,17.0
2014-04-04,unrate,UNRATE,BLS,2014-03-01,level,6.7,6.7,0.0,naive_prior,6.7,0.0
2014-04-10,claims,ICSA,DOL,2014-04-05,level,300000.0,326000.0,6000.0,naive_prior,326000.0,-26000.0
2014-04-11,ppi,PPIFIS,BLS,2014-03-01,level,110.3,109.8,0.0,naive_prior,109.8,0.5
2014-04-14,retail,RSAFS,Census,2014-03-01,level,433907.0,427186.0,1837.0,naive_prior,427186.0,6721.0
2014-04-15,cpi,CPIAUCSL,BLS,2014-03-01,level,235.64,235.169,0.0,naive_prior,235.169,0.4709999999999752
2014-04-15,cpi_core,CPILFESL,BLS,2014-03-01,level,236.604,236.122,0.0,naive_prior,236.122,0.4819999999999993
2014-04-17,claims,ICSA,DOL,2014-04-12,level,304000.0,300000.0,2000.0,naive_prior,300000.0,4000.0
2014-04-24,claims,ICSA,DOL,2014-04-19,level,329000.0,304000.0,1000.0,naive_prior,304000.0,25000.0
2014-04-30,gdp,GDP,BEA,2014-01-01,level,17149.6,17102.5,-12.900000000001455,naive_prior,17102.5,47.099999999998545
2014-05-01,claims,ICSA,DOL,2014-04-26,level,344000.0,329000.0,1000.0,naive_prior,329000.0,15000.0
2014-05-01,pce,PCEPI,BEA,2014-03-01,level,108.21,108.017,-0.007999999999995566,naive_prior,108.017,0.19299999999999784
2014-05-02,empsit,PAYEMS,BLS,2014-04-01,change,288.0,137928.0,36.0,naive_prior,192.0,96.0
2014-05-02,unrate,UNRATE,BLS,2014-04-01,level,6.3,6.7,0.0,naive_prior,6.7,-0.40000000000000036
2014-05-08,claims,ICSA,DOL,2014-05-03,level,319000.0,344000.0,1000.0,naive_prior,344000.0,-25000.0
2014-05-13,retail,RSAFS,Census,2014-04-01,level,434571.0,433907.0,261.0,naive_prior,433907.0,664.0
2014-05-14,ppi,PPIFIS,BLS,2014-04-01,level,111.0,110.3,0.0,naive_prior,110.3,0.7000000000000028
2014-05-15,claims,ICSA,DOL,2014-05-10,level,297000.0,319000.0,2000.0,naive_prior,319000.0,-22000.0
2014-05-15,cpi,CPIAUCSL,BLS,2014-04-01,level,236.254,235.64,0.0,naive_prior,235.64,0.6140000000000043
2014-05-15,cpi_core,CPILFESL,BLS,2014-04-01,level,237.163,236.604,0.0,naive_prior,236.604,0.5589999999999975
2014-05-22,claims,ICSA,DOL,2014-05-17,level,326000.0,297000.0,1000.0,naive_prior,297000.0,29000.0
2014-05-29,claims,ICSA,DOL,2014-05-24,level,300000.0,326000.0,1000.0,naive_prior,326000.0,-26000.0
2014-05-30,pce,PCEPI,BEA,2014-04-01,level,108.413,108.21,-0.007999999999995566,naive_prior,108.21,0.20300000000000296
2014-06-05,claims,ICSA,DOL,2014-05-31,level,312000.0,300000.0,4000.0,naive_prior,300000.0,12000.0
2014-06-06,empsit,PAYEMS,BLS,2014-05-01,change,217.0,138252.0,-6.0,naive_prior,288.0,-71.0
2014-06-06,unrate,UNRATE,BLS,2014-05-01,level,6.3,6.3,0.0,naive_prior,6.3,0.0
2014-06-12,claims,ICSA,DOL,2014-06-07,level,317000.0,312000.0,1000.0,naive_prior,312000.0,5000.0
2014-06-12,retail,RSAFS,Census,2014-05-01,level,437648.0,434571.0,1606.0,naive_prior,434571.0,3077.0
2014-06-13,ppi,PPIFIS,BLS,2014-05-01,level,110.8,111.0,0.0,naive_prior,111.0,-0.20000000000000284
2014-06-17,cpi,CPIAUCSL,BLS,2014-05-01,level,237.083,236.254,0.0,naive_prior,236.254,0.8290000000000077
2014-06-17,cpi_core,CPILFESL,BLS,2014-05-01,level,237.776,237.163,0.0,naive_prior,237.163,0.6129999999999995
2014-06-19,claims,ICSA,DOL,2014-06-14,level,312000.0,317000.0,1000.0,naive_prior,317000.0,-5000.0
2014-06-26,claims,ICSA,DOL,2014-06-21,level,312000.0,312000.0,2000.0,naive_prior,312000.0,0.0
2014-06-26,pce,PCEPI,BEA,2014-05-01,level,108.66,108.413,-0.006000000000000227,naive_prior,108.413,0.2469999999999999
2014-07-03,claims,ICSA,DOL,2014-06-28,level,315000.0,312000.0,1000.0,naive_prior,312000.0,3000.0
2014-07-03,empsit,PAYEMS,BLS,2014-06-01,change,288.0,138463.0,29.0,naive_prior,217.0,71.0
2014-07-03,unrate,UNRATE,BLS,2014-06-01,level,6.1,6.3,0.0,naive_prior,6.3,-0.20000000000000018
2014-07-10,claims,ICSA,DOL,2014-07-05,level,304000.0,315000.0,0.0,naive_prior,315000.0,-11000.0
2014-07-15,retail,RSAFS,Census,2014-06-01,level,439891.0,437648.0,1166.0,naive_prior,437648.0,2243.0
2014-07-16,ppi,PPIFIS,BLS,2014-06-01,level,111.2,110.8,0.0,naive_prior,110.8,0.4000000000000057
2014-07-17,claims,ICSA,DOL,2014-07-12,level,302000.0,304000.0,1000.0,naive_prior,304000.0,-2000.0
2014-07-22,cpi,CPIAUCSL,BLS,2014-06-01,level,237.693,237.083,0.0,naive_prior,237.083,0.6100000000000136
2014-07-22,cpi_core,CPILFESL,BLS,2014-06-01,level,238.083,237.776,0.0,naive_prior,237.776,0.30699999999998795
2014-07-24,claims,ICSA,DOL,2014-07-19,level,284000.0,302000.0,1000.0,naive_prior,302000.0,-18000.0
2014-07-30,gdp,GDP,BEA,2014-04-01,level,17294.7,17149.6,-105.59999999999854,naive_prior,17149.6,145.10000000000218
2014-07-31,claims,ICSA,DOL,2014-07-26,level,302000.0,284000.0,-5000.0,naive_prior,284000.0,18000.0
2014-08-01,empsit,PAYEMS,BLS,2014-07-01,change,209.0,138780.0,15.0,naive_prior,288.0,-79.0
2014-08-01,pce,PCEPI,BEA,2014-06-01,level,109.029,108.66,0.13300000000000978,naive_prior,108.66,0.3689999999999998
2014-08-01,unrate,UNRATE,BLS,2014-07-01,level,6.2,6.1,0.0,naive_prior,6.1,0.10000000000000053
2014-08-07,claims,ICSA,DOL,2014-08-02,level,289000.0,302000.0,1000.0,naive_prior,302000.0,-13000.0
2014-08-13,retail,RSAFS,Census,2014-07-01,level,439802.0,439891.0,-250.0,naive_prior,439891.0,-89.0
2014-08-14,claims,ICSA,DOL,2014-08-09,level,311000.0,289000.0,1000.0,naive_prior,289000.0,22000.0
2014-08-15,ppi,PPIFIS,BLS,2014-07-01,level,111.3,111.2,0.0,naive_prior,111.2,0.09999999999999432
2014-08-19,cpi,CPIAUCSL,BLS,2014-07-01,level,237.909,237.693,0.0,naive_prior,237.693,0.21599999999997976
2014-08-19,cpi_core,CPILFESL,BLS,2014-07-01,level,238.311,238.083,0.0,naive_prior,238.083,0.22800000000000864
2014-08-21,claims,ICSA,DOL,2014-08-16,level,298000.0,311000.0,1000.0,naive_prior,311000.0,-13000.0
2014-08-28,claims,ICSA,DOL,2014-08-23,level,298000.0,298000.0,1000.0,naive_prior,298000.0,0.0
2014-08-29,pce,PCEPI,BEA,2014-07-01,level,109.114,109.029,-0.006000000000000227,naive_prior,109.029,0.08500000000000796
2014-09-04,claims,ICSA,DOL,2014-08-30,level,302000.0,298000.0,0.0,naive_prior,298000.0,4000.0
2014-09-05,empsit,PAYEMS,BLS,2014-08-01,change,142.0,139004.0,-28.0,naive_prior,209.0,-67.0
2014-09-05,unrate,UNRATE,BLS,2014-08-01,level,6.1,6.2,0.0,naive_prior,6.2,-0.10000000000000053
2014-09-11,claims,ICSA,DOL,2014-09-06,level,315000.0,302000.0,2000.0,naive_prior,302000.0,13000.0
2014-09-12,retail,RSAFS,Census,2014-08-01,level,444377.0,439802.0,2027.0,naive_prior,439802.0,4575.0
2014-09-16,ppi,PPIFIS,BLS,2014-08-01,level,111.3,111.3,0.0,naive_prior,111.3,0.0
2014-09-17,cpi,CPIAUCSL,BLS,2014-08-01,level,237.428,237.909,0.0,naive_prior,237.909,-0.48099999999999454
2014-09-17,cpi_core,CPILFESL,BLS,2014-08-01,level,238.345,238.311,0.0,naive_prior,238.311,0.033999999999991815
2014-09-18,claims,ICSA,DOL,2014-09-13,level,280000.0,315000.0,1000.0,naive_prior,315000.0,-35000.0
2014-09-25,claims,ICSA,DOL,2014-09-20,level,293000.0,280000.0,1000.0,naive_prior,280000.0,13000.0
2014-09-29,pce,PCEPI,BEA,2014-08-01,level,109.079,109.114,0.015999999999991132,naive_prior,109.114,-0.0350000000000108
2014-10-02,claims,ICSA,DOL,2014-09-27,level,287000.0,293000.0,2000.0,naive_prior,293000.0,-6000.0
2014-10-03,empsit,PAYEMS,BLS,2014-09-01,change,248.0,139118.0,69.0,naive_prior,142.0,106.0
2014-10-03,unrate,UNRATE,BLS,2014-09-01,level,5.9,6.1,0.0,naive_prior,6.1,-0.1999999999999993
2014-10-09,claims,ICSA,DOL,2014-10-04,level,287000.0,287000.0,1000.0,naive_prior,287000.0,0.0
2014-10-15,ppi,PPIFIS,BLS,2014-09-01,level,111.2,111.3,0.0,naive_prior,111.3,-0.09999999999999432
2014-10-15,retail,RSAFS,Census,2014-09-01,level,442689.0,444377.0,-245.0,naive_prior,444377.0,-1688.0
2014-10-16,claims,ICSA,DOL,2014-10-11,level,264000.0,287000.0,0.0,naive_prior,287000.0,-23000.0
2014-10-22,cpi,CPIAUCSL,BLS,2014-09-01,level,237.633,237.428,0.0,naive_prior,237.428,0.2050000000000125
2014-10-22,cpi_core,CPILFESL,BLS,2014-09-01,level,238.677,238.345,0.0,naive_prior,238.345,0.33199999999999363
2014-10-23,claims,ICSA,DOL,2014-10-18,level,283000.0,264000.0,2000.0,naive_prior,264000.0,19000.0
2014-10-30,claims,ICSA,DOL,2014-10-25,level,287000.0,283000.0,1000.0,naive_prior,283000.0,4000.0
2014-10-30,gdp,GDP,BEA,2014-07-01,level,17535.4,17294.7,33.5,naive_prior,17294.7,240.70000000000073
2014-10-31,pce,PCEPI,BEA,2014-09-01,level,109.152,109.079,-0.009000000000000341,naive_prior,109.079,0.0730000000000075
2014-11-06,claims,ICSA,DOL,2014-11-01,level,278000.0,287000.0,1000.0,naive_prior,287000.0,-9000.0
2014-11-07,empsit,PAYEMS,BLS,2014-10-01,change,214.0,139435.0,31.0,naive_prior,248.0,-34.0
2014-11-07,unrate,UNRATE,BLS,2014-10-01,level,5.8,5.9,0.0,naive_prior,5.9,-0.10000000000000053
2014-11-13,claims,ICSA,DOL,2014-11-08,level,290000.0,278000.0,0.0,naive_prior,278000.0,12000.0
2014-11-14,retail,RSAFS,Census,2014-10-01,level,444491.0,442689.0,313.0,naive_prior,442689.0,1802.0
2014-11-18,ppi,PPIFIS,BLS,2014-10-01,level,111.4,111.2,0.0,naive_prior,111.2,0.20000000000000284
2014-11-20,claims,ICSA,DOL,2014-11-15,level,291000.0,290000.0,3000.0,naive_prior,290000.0,1000.0
2014-11-20,cpi,CPIAUCSL,BLS,2014-10-01,level,237.642,237.633,0.0,naive_prior,237.633,0.00899999999998613
2014-11-20,cpi_core,CPILFESL,BLS,2014-10-01,level,239.162,238.677,0.0,naive_prior,238.677,0.48500000000001364
2014-11-26,claims,ICSA,DOL,2014-11-22,level,313000.0,291000.0,1000.0,naive_prior,291000.0,22000.0
2014-11-26,pce,PCEPI,BEA,2014-10-01,level,109.225,109.152,0.01300000000000523,naive_prior,109.152,0.07299999999999329
2014-12-04,claims,ICSA,DOL,2014-11-29,level,297000.0,313000.0,1000.0,naive_prior,313000.0,-16000.0
2014-12-05,empsit,PAYEMS,BLS,2014-11-01,change,321.0,139680.0,44.0,naive_prior,214.0,107.0
2014-12-05,unrate,UNRATE,BLS,2014-11-01,level,5.8,5.8,0.0,naive_prior,5.8,0.0
2014-12-11,claims,ICSA,DOL,2014-12-06,level,294000.0,297000.0,0.0,naive_prior,297000.0,-3000.0
2014-12-11,retail,RSAFS,Census,2014-11-01,level,449282.0,444491.0,1575.0,naive_prior,444491.0,4791.0
2014-12-12,ppi,PPIFIS,BLS,2014-11-01,level,111.2,111.4,0.0,naive_prior,111.4,-0.20000000000000284
2014-12-17,cpi,CPIAUCSL,BLS,2014-11-01,level,237.032,237.642,0.0,naive_prior,237.642,-0.6099999999999852
2014-12-17,cpi_core,CPILFESL,BLS,2014-11-01,level,239.332,239.162,0.0,naive_prior,239.162,0.1699999999999875
2014-12-18,claims,ICSA,DOL,2014-12-13,level,289000.0,294000.0,1000.0,naive_prior,294000.0,-5000.0
2014-12-23,pce,PCEPI,BEA,2014-11-01,level,109.015,109.225,-0.02199999999999136,naive_prior,109.225,-0.20999999999999375
2014-12-24,claims,ICSA,DOL,2014-12-20,level,280000.0,289000.0,0.0,naive_prior,289000.0,-9000.0
2014-12-31,claims,ICSA,DOL,2014-12-27,level,298000.0,280000.0,0.0,naive_prior,280000.0,18000.0
2015-01-08,claims,ICSA,DOL,2015-01-03,level,294000.0,298000.0,0.0,naive_prior,298000.0,-4000.0
2015-01-09,empsit,PAYEMS,BLS,2014-12-01,change,252.0,140045.0,50.0,naive_prior,321.0,-69.0
2015-01-09,unrate,UNRATE,BLS,2014-12-01,level,5.6,5.8,0.0,naive_prior,5.8,-0.20000000000000018
2015-01-14,retail,RSAFS,Census,2014-12-01,level,442931.0,449282.0,-2161.0,naive_prior,449282.0,-6351.0
2015-01-15,claims,ICSA,DOL,2015-01-10,level,316000.0,294000.0,3000.0,naive_prior,294000.0,22000.0
2015-01-15,ppi,PPIFIS,BLS,2014-12-01,level,110.9,111.2,0.0,naive_prior,111.2,-0.29999999999999716
2015-01-16,cpi,CPIAUCSL,BLS,2014-12-01,level,236.149,237.032,0.0,naive_prior,237.032,-0.8830000000000098
2015-01-16,cpi_core,CPILFESL,BLS,2014-12-01,level,239.339,239.332,0.0,naive_prior,239.332,0.007000000000005002
2015-01-22,claims,ICSA,DOL,2015-01-17,level,307000.0,316000.0,1000.0,naive_prior,316000.0,-9000.0
2015-01-29,claims,ICSA,DOL,2015-01-24,level,265000.0,307000.0,1000.0,naive_prior,307000.0,-42000.0
2015-01-30,gdp,GDP,BEA,2014-10-01,level,17710.7,17535.4,64.39999999999782,naive_prior,17535.4,175.29999999999927
2015-02-02,pce,PCEPI,BEA,2014-12-01,level,108.746,109.015,-0.015000000000000568,naive_prior,109.015,-0.26900000000000546
2015-02-05,claims,ICSA,DOL,2015-01-31,level,278000.0,265000.0,2000.0,naive_prior,265000.0,13000.0
2015-02-06,empsit,PAYEMS,BLS,2015-01-01,change,257.0,140347.0,245.0,naive_prior,252.0,5.0
2015-02-06,unrate,UNRATE,BLS,2015-01-01,level,5.7,5.6,0.0,naive_prior,5.6,0.10000000000000053
2015-02-12,claims,ICSA,DOL,2015-02-07,level,304000.0,278000.0,1000.0,naive_prior,278000.0,26000.0
2015-02-12,retail,RSAFS,Census,2015-01-01,level,439771.0,442931.0,344.0,naive_prior,442931.0,-3160.0
2015-02-18,ppi,PPIFIS,BLS,2015-01-01,level,110.0,110.9,0.0,naive_prior,110.9,-0.9000000000000057
2015-02-19,claims,ICSA,DOL,2015-02-14,level,283000.0,304000.0,0.0,naive_prior,304000.0,-21000.0
2015-02-26,claims,ICSA,DOL,2015-02-21,level,313000.0,283000.0,-1000.0,naive_prior,283000.0,30000.0
2015-02-26,cpi,CPIAUCSL,BLS,2015-01-01,level,234.677,236.149,0.1349999999999909,naive_prior,236.149,-1.4720000000000084
2015-02-26,cpi_core,CPILFESL,BLS,2015-01-01,level,239.871,239.339,0.10599999999999454,naive_prior,239.339,0.5320000000000107
2015-03-02,pce,PCEPI,BEA,2015-01-01,level,108.281,108.746,0.025000000000005684,naive_prior,108.746,-0.4649999999999892
2015-03-05,claims,ICSA,DOL,2015-02-28,level,320000.0,313000.0,0.0,naive_prior,313000.0,7000.0
2015-03-06,empsit,PAYEMS,BLS,2015-02-01,change,295.0,140849.0,-18.0,naive_prior,257.0,38.0
2015-03-06,unrate,UNRATE,BLS,2015-02-01,level,5.5,5.7,0.0,naive_prior,5.7,-0.20000000000000018
2015-03-12,claims,ICSA,DOL,2015-03-07,level,289000.0,320000.0,5000.0,naive_prior,320000.0,-31000.0
2015-03-12,retail,RSAFS,Census,2015-02-01,level,437006.0,439771.0,-199.0,naive_prior,439771.0,-2765.0
2015-03-13,ppi,PPIFIS,BLS,2015-02-01,level,109.5,110.0,0.0,naive_prior,110.0,-0.5
2015-03-19,claims,ICSA,DOL,2015-03-14,level,291000.0,289000.0,1000.0,naive_prior,289000.0,2000.0
2015-03-24,cpi,CPIAUCSL,BLS,2015-02-01,level,235.186,234.677,0.0,naive_prior,234.677,0.5090000000000146
2015-03-24,cpi_core,CPILFESL,BLS,2015-02-01,level,240.247,239.871,0.0,naive_prior,239.871,0.3760000000000048
2015-03-26,claims,ICSA,DOL,2015-03-21,level,282000.0,291000.0,0.0,naive_prior,291000.0,-9000.0
2015-03-30,pce,PCEPI,BEA,2015-02-01,level,108.486,108.281,0.01999999999999602,naive_prior,108.281,0.2049999999999983
2015-04-02,claims,ICSA,DOL,2015-03-28,level,268000.0,282000.0,6000.0,naive_prior,282000.0,-14000.0
2015-04-03,empsit,PAYEMS,BLS,2015-03-01,change,126.0,141126.0,-69.0,naive_prior,295.0,-169.0
2015-04-03,unrate,UNRATE,BLS,2015-03-01,level,5.5,5.5,0.0,naive_prior,5.5,0.0
2015-04-09,claims,ICSA,DOL,2015-04-04,level,281000.0,268000.0,-1000.0,naive_prior,268000.0,13000.0
2015-04-14,ppi,PPIFIS,BLS,2015-03-01,level,109.7,109.5,0.0,naive_prior,109.5,0.20000000000000284
2015-04-14,retail,RSAFS,Census,2015-03-01,level,441363.0,437006.0,584.0,naive_prior,437006.0,4357.0
2015-04-16,claims,ICSA,DOL,2015-04-11,level,294000.0,281000.0,1000.0,naive_prior,281000.0,13000.0
2015-04-17,cpi,CPIAUCSL,BLS,2015-03-01,level,235.74,235.186,0.0,naive_prior,235.186,0.554000000000002
2015-04-17,cpi_core,CPILFESL,BLS,2015-03-01,level,240.793,240.247,0.0,naive_prior,240.247,0.5459999999999923
2015-04-23,claims,ICSA,DOL,2015-04-18,level,295000.0,294000.0,0.0,naive_prior,294000.0,1000.0
2015-04-29,gdp,GDP,BEA,2015-01-01,level,17710.0,17710.7,-7.0,naive_prior,17710.7,-0.7000000000007276
2015-04-30,claims,ICSA,DOL,2015-04-25,level,262000.0,295000.0,1000.0,naive_prior,295000.0,-33000.0
2015-04-30,pce,PCEPI,BEA,2015-03-01,level,108.646,108.486,-0.02600000000001046,naive_prior,108.486,0.1599999999999966
2015-05-07,claims,ICSA,DOL,2015-05-02,level,265000.0,262000.0,0.0,naive_prior,262000.0,3000.0
2015-05-08,empsit,PAYEMS,BLS,2015-04-01,change,223.0,141183.0,-39.0,naive_prior,126.0,97.0
2015-05-08,unrate,UNRATE,BLS,2015-04-01,level,5.4,5.5,0.0,naive_prior,5.5,-0.09999999999999964
2015-05-13,retail,RSAFS,Census,2015-04-01,level,436772.0,441363.0,-4587.0,naive_prior,441363.0,-4591.0
2015-05-14,claims,ICSA,DOL,2015-05-09,level,264000.0,265000.0,0.0,naive_prior,265000.0,-1000.0
2015-05-14,ppi,PPIFIS,BLS,2015-04-01,level,109.3,109.7,0.0,naive_prior,109.7,-0.4000000000000057
2015-05-21,claims,ICSA,DOL,2015-05-16,level,274000.0,264000.0,0.0,naive_prior,264000.0,10000.0
2015-05-22,cpi,CPIAUCSL,BLS,2015-04-01,level,235.982,235.74,0.0,naive_prior,235.74,0.24199999999999022
2015-05-22,cpi_core,CPILFESL,BLS,2015-04-01,level,241.409,240.793,0.0,naive_prior,240.793,0.6159999999999854
2015-05-28,claims,ICSA,DOL,2015-05-23,level,282000.0,274000.0,1000.0,naive_prior,274000.0,8000.0
2015-06-01,pce,PCEPI,BEA,2015-04-01,level,108.649,108.646,-0.02400000000000091,naive_prior,108.646,0.0030000000000001137
2015-06-04,claims,ICSA,DOL,2015-05-30,level,276000.0,282000.0,2000.0,naive_prior,282000.0,-6000.0
2015-06-05,empsit,PAYEMS,BLS,2015-05-01,change,280.0,141367.0,32.0,naive_prior,223.0,57.0
2015-06-05,unrate,UNRATE,BLS,2015-05-01,level,5.5,5.4,0.0,naive_prior,5.4,0.09999999999999964
2015-06-11,claims,ICSA,DOL,2015-06-06,level,279000.0,276000.0,1000.0,naive_prior,276000.0,3000.0
2015-06-11,retail,RSAFS,Census,2015-05-01,level,444926.0,436772.0,2835.0,naive_prior,436772.0,8154.0
2015-06-12,ppi,PPIFIS,BLS,2015-05-01,level,109.9,109.3,0.0,naive_prior,109.3,0.6000000000000085
2015-06-18,claims,ICSA,DOL,2015-06-13,level,267000.0,279000.0,0.0,naive_prior,279000.0,-12000.0
2015-06-18,cpi,CPIAUCSL,BLS,2015-05-01,level,237.031,235.982,0.0,naive_prior,235.982,1.0490000000000066
2015-06-18,cpi_core,CPILFESL,BLS,2015-05-01,level,241.76,241.409,0.0,naive_prior,241.409,0.3509999999999991
2015-06-25,claims,ICSA,DOL,2015-06-20,level,271000.0,267000.0,1000.0,naive_prior,267000.0,4000.0
2015-06-25,pce,PCEPI,BEA,2015-05-01,level,109.032,108.649,0.04399999999999693,naive_prior,108.649,0.38299999999999557
2015-07-02,claims,ICSA,DOL,2015-06-27,level,281000.0,271000.0,0.0,naive_prior,271000.0,10000.0
2015-07-02,empsit,PAYEMS,BLS,2015-06-01,change,223.0,141679.0,-60.0,naive_prior,280.0,-57.0
2015-07-02,unrate,UNRATE,BLS,2015-06-01,level,5.3,5.5,0.0,naive_prior,5.5,-0.20000000000000018
2015-07-09,claims,ICSA,DOL,2015-07-04,level,297000.0,281000.0,1000.0,naive_prior,281000.0,16000.0
2015-07-14,retail,RSAFS,Census,2015-06-01,level,442032.0,444926.0,-1690.0,naive_prior,444926.0,-2894.0
2015-07-15,ppi,PPIFIS,BLS,2015-06-01,level,110.3,109.9,0.0,naive_prior,109.9,0.3999999999999915
2015-07-16,claims,ICSA,DOL,2015-07-11,level,281000.0,297000.0,-1000.0,naive_prior,297000.0,-16000.0
2015-07-17,cpi,CPIAUCSL,BLS,2015-06-01,level,237.786,237.031,0.0,naive_prior,237.031,0.7549999999999955
2015-07-17,cpi_core,CPILFESL,BLS,2015-06-01,level,242.193,241.76,0.0,naive_prior,241.76,0.43300000000002115
2015-07-23,claims,ICSA,DOL,2015-07-18,level,255000.0,281000.0,0.0,naive_prior,281000.0,-26000.0
2015-07-30,claims,ICSA,DOL,2015-07-25,level,267000.0,255000.0,0.0,naive_prior,255000.0,12000.0
2015-07-30,gdp,GDP,BEA,2015-04-01,level,17840.5,17710.0,-60.70000000000073,naive_prior,17710.0,130.5
2015-08-03,pce,PCEPI,BEA,2015-06-01,level,109.658,109.032,0.37300000000000466,naive_prior,109.032,0.6260000000000048
2015-08-06,claims,ICSA,DOL,2015-08-01,level,270000.0,267000.0,0.0,naive_prior,267000.0,3000.0
2015-08-07,empsit,PAYEMS,BLS,2015-07-01,change,215.0,141842.0,14.0,naive_prior,223.0,-8.0
2015-08-07,unrate,UNRATE,BLS,2015-07-01,level,5.3,5.3,0.0,naive_prior,5.3,0.0
2015-08-13,claims,ICSA,DOL,2015-08-08,level,274000.0,270000.0,-1000.0,naive_prior,270000.0,4000.0
2015-08-13,retail,RSAFS,Census,2015-07-01,level,446477.0,442032.0,1896.0,naive_prior,442032.0,4445.0
2015-08-14,ppi,PPIFIS,BLS,2015-07-01,level,110.5,110.3,0.0,naive_prior,110.3,0.20000000000000284
2015-08-19,cpi,CPIAUCSL,BLS,2015-07-01,level,238.099,237.786,0.0,naive_prior,237.786,0.3129999999999882
2015-08-19,cpi_core,CPILFESL,BLS,2015-07-01,level,242.513,242.193,0.0,naive_prior,242.193,0.3199999999999932
2015-08-20,claims,ICSA,DOL,2015-08-15,level,277000.0,274000.0,-1000.0,naive_prior,274000.0,3000.0
2015-08-27,claims,ICSA,DOL,2015-08-22,level,271000.0,277000.0,0.0,naive_prior,277000.0,-6000.0
2015-08-28,pce,PCEPI,BEA,2015-07-01,level,109.756,109.658,0.006000000000000227,naive_prior,109.658,0.09799999999999898
2015-09-03,claims,ICSA,DOL,2015-08-29,level,282000.0,271000.0,-1000.0,naive_prior,271000.0,11000.0
2015-09-04,empsit,PAYEMS,BLS,2015-08-01,change,173.0,142071.0,44.0,naive_prior,215.0,-42.0
2015-09-04,unrate,UNRATE,BLS,2015-08-01,level,5.1,5.3,0.0,naive_prior,5.3,-0.20000000000000018
2015-09-10,claims,ICSA,DOL,2015-09-05,level,275000.0,282000.0,-1000.0,naive_prior,282000.0,-7000.0
2015-09-11,ppi,PPIFIS,BLS,2015-08-01,level,110.5,110.5,0.0,naive_prior,110.5,0.0
2015-09-15,retail,RSAFS,Census,2015-08-01,level,447715.0,446477.0,395.0,naive_prior,446477.0,1238.0
2015-09-16,cpi,CPIAUCSL,BLS,2015-08-01,level,237.931,238.099,0.0,naive_prior,238.099,-0.16799999999997794
2015-09-16,cpi_core,CPILFESL,BLS,2015-08-01,level,242.693,242.513,0.0,naive_prior,242.513,0.18000000000000682
2015-09-17,claims,ICSA,DOL,2015-09-12,level,264000.0,275000.0,0.0,naive_prior,275000.0,-11000.0
2015-09-24,claims,ICSA,DOL,2015-09-19,level,267000.0,264000.0,0.0,naive_prior,264000.0,3000.0
2015-09-28,pce,PCEPI,BEA,2015-08-01,level,109.769,109.756,0.009000000000000341,naive_prior,109.756,0.01300000000000523
2015-10-01,claims,ICSA,DOL,2015-09-26,level,277000.0,267000.0,0.0,naive_prior,267000.0,10000.0
2015-10-02,empsit,PAYEMS,BLS,2015-09-01,change,142.0,142288.0,-59.0,naive_prior,173.0,-31.0
2015-10-02,unrate,UNRATE,BLS,2015-09-01,level,5.1,5.1,0.0,naive_prior,5.1,0.0
2015-10-08,claims,ICSA,DOL,2015-10-03,level,263000.0,277000.0,-1000.0,naive_prior,277000.0,-14000.0
2015-10-14,ppi,PPIFIS,BLS,2015-09-01,level,109.9,110.5,0.0,naive_prior,110.5,-0.5999999999999943
2015-10-14,retail,RSAFS,Census,2015-09-01,level,447686.0,447715.0,-496.0,naive_prior,447715.0,-29.0
2015-10-15,claims,ICSA,DOL,2015-10-10,level,255000.0,263000.0,-1000.0,naive_prior,263000.0,-8000.0
2015-10-15,cpi,CPIAUCSL,BLS,2015-09-01,level,237.566,237.931,0.0,naive_prior,237.931,-0.3650000000000091
2015-10-15,cpi_core,CPILFESL,BLS,2015-09-01,level,243.206,242.693,0.0,naive_prior,242.693,0.5129999999999768
2015-10-22,claims,ICSA,DOL,2015-10-17,level,259000.0,255000.0,1000.0,naive_prior,255000.0,4000.0
2015-10-29,claims,ICSA,DOL,2015-10-24,level,260000.0,259000.0,0.0,naive_prior,259000.0,1000.0
2015-10-29,gdp,GDP,BEA,2015-07-01,level,18034.8,17840.5,73.20000000000073,naive_prior,17840.5,194.29999999999927
2015-10-30,pce,PCEPI,BEA,2015-09-01,level,109.661,109.769,-0.020000000000010232,naive_prior,109.769,-0.10800000000000409
2015-11-05,claims,ICSA,DOL,2015-10-31,level,276000.0,260000.0,0.0,naive_prior,260000.0,16000.0
2015-11-06,empsit,PAYEMS,BLS,2015-10-01,change,271.0,142371.0,12.0,naive_prior,142.0,129.0
2015-11-06,unrate,UNRATE,BLS,2015-10-01,level,5.0,5.1,0.0,naive_prior,5.1,-0.09999999999999964
2015-11-12,claims,ICSA,DOL,2015-11-07,level,276000.0,276000.0,0.0,naive_prior,276000.0,0.0
2015-11-13,ppi,PPIFIS,BLS,2015-10-01,level,109.5,109.9,0.0,naive_prior,109.9,-0.4000000000000057
2015-11-13,retail,RSAFS,Census,2015-10-01,level,447255.0,447686.0,-655.0,naive_prior,447686.0,-431.0
2015-11-17,cpi,CPIAUCSL,BLS,2015-10-01,level,238.042,237.566,0.0,naive_prior,237.566,0.4759999999999991
2015-11-17,cpi_core,CPILFESL,BLS,2015-10-01,level,243.698,243.206,0.0,naive_prior,243.206,0.49200000000001864
2015-11-19,claims,ICSA,DOL,2015-11-14,level,271000.0,276000.0,0.0,naive_prior,276000.0,-5000.0
2015-11-25,claims,ICSA,DOL,2015-11-21,level,260000.0,271000.0,1000.0,naive_prior,271000.0,-11000.0
2015-11-25,pce,PCEPI,BEA,2015-10-01,level,109.749,109.661,0.019000000000005457,naive_prior,109.661,0.08799999999999386
2015-12-03,claims,ICSA,DOL,2015-11-28,level,269000.0,260000.0,0.0,naive_prior,260000.0,9000.0
2015-12-04,empsit,PAYEMS,BLS,2015-11-01,change,211.0,142654.0,35.0,naive_prior,271.0,-60.0
2015-12-04,unrate,UNRATE,BLS,2015-11-01,level,5.0,5.0,0.0,naive_prior,5.0,0.0
2015-12-10,claims,ICSA,DOL,2015-12-05,level,282000.0,269000.0,0.0,naive_prior,269000.0,13000.0
2015-12-11,ppi,PPIFIS,BLS,2015-11-01,level,109.8,109.5,0.0,naive_prior,109.5,0.29999999999999716
2015-12-11,retail,RSAFS,Census,2015-11-01,level,448117.0,447255.0,-130.0,naive_prior,447255.0,862.0
2015-12-15,cpi,CPIAUCSL,BLS,2015-11-01,level,238.111,238.042,0.0,naive_prior,238.042,0.0689999999999884
2015-12-15,cpi_core,CPILFESL,BLS,2015-11-01,level,244.135,243.698,0.0,naive_prior,243.698,0.4369999999999834
2015-12-17,claims,ICSA,DOL,2015-12-12,level,271000.0,282000.0,0.0,naive_prior,282000.0,-11000.0
2015-12-23,pce,PCEPI,BEA,2015-11-01,level,109.782,109.749,0.0020000000000095497,naive_prior,109.749,0.03300000000000125
2015-12-24,claims,ICSA,DOL,2015-12-19,level,267000.0,271000.0,1000.0,naive_prior,271000.0,-4000.0
2015-12-31,claims,ICSA,DOL,2015-12-26,level,287000.0,267000.0,0.0,naive_prior,267000.0,20000.0
2016-01-07,claims,ICSA,DOL,2016-01-02,level,277000.0,287000.0,0.0,naive_prior,287000.0,-10000.0
2016-01-08,empsit,PAYEMS,BLS,2015-12-01,change,292.0,142900.0,50.0,naive_prior,211.0,81.0
2016-01-08,unrate,UNRATE,BLS,2015-12-01,level,5.0,5.0,0.0,naive_prior,5.0,0.0
2016-01-14,claims,ICSA,DOL,2016-01-09,level,284000.0,277000.0,0.0,naive_prior,277000.0,7000.0
2016-01-15,ppi,PPIFIS,BLS,2015-12-01,level,109.6,109.8,0.0,naive_prior,109.8,-0.20000000000000284
2016-01-15,retail,RSAFS,Census,2015-12-01,level,448086.0,448117.0,463.0,naive_prior,448117.0,-31.0
2016-01-20,cpi,CPIAUCSL,BLS,2015-12-01,level,237.847,238.111,0.0,naive_prior,238.111,-0.2639999999999816
2016-01-20,cpi_core,CPILFESL,BLS,2015-12-01,level,244.446,244.135,0.0,naive_prior,244.135,0.31100000000000705
2016-01-21,claims,ICSA,DOL,2016-01-16,level,293000.0,284000.0,-1000.0,naive_prior,284000.0,9000.0
2016-01-28,claims,ICSA,DOL,2016-01-23,level,278000.0,293000.0,1000.0,naive_prior,293000.0,-15000.0
2016-01-29,gdp,GDP,BEA,2015-10-01,level,18128.2,18034.8,25.400000000001455,naive_prior,18034.8,93.40000000000146
2016-02-01,pce,PCEPI,BEA,2015-12-01,level,109.731,109.782,0.05299999999999727,naive_prior,109.782,-0.05100000000000193
2016-02-04,claims,ICSA,DOL,2016-01-30,level,285000.0,278000.0,-1000.0,naive_prior,278000.0,7000.0
2016-02-05,empsit,PAYEMS,BLS,2016-01-01,change,151.0,143242.0,-105.0,naive_prior,292.0,-141.0
2016-02-05,unrate,UNRATE,BLS,2016-01-01,level,4.9,5.0,0.0,naive_prior,5.0,-0.09999999999999964
2016-02-11,claims,ICSA,DOL,2016-02-06,level,269000.0,285000.0,0.0,naive_prior,285000.0,-16000.0
2016-02-12,retail,RSAFS,Census,2016-01-01,level,449904.0,448086.0,1023.0,naive_prior,448086.0,1818.0
2016-02-17,ppi,PPIFIS,BLS,2016-01-01,level,109.8,109.6,0.10000000000000853,naive_prior,109.6,0.20000000000000284
2016-02-18,claims,ICSA,DOL,2016-02-13,level,262000.0,269000.0,0.0,naive_prior,269000.0,-7000.0
2016-02-19,cpi,CPIAUCSL,BLS,2016-01-01,level,238.107,237.847,0.1939999999999884,naive_prior,237.847,0.2599999999999909
2016-02-19,cpi_core,CPILFESL,BLS,2016-01-01,level,245.232,244.446,0.06999999999999318,naive_prior,244.446,0.7860000000000014
2016-02-25,claims,ICSA,DOL,2016-02-20,level,272000.0,262000.0,0.0,naive_prior,262000.0,10000.0
2016-02-26,pce,PCEPI,BEA,2016-01-01,level,109.956,109.731,0.11200000000000898,naive_prior,109.731,0.22500000000000853
2016-03-03,claims,ICSA,DOL,2016-02-27,level,278000.0,272000.0,0.0,naive_prior,272000.0,6000.0
2016-03-04,empsit,PAYEMS,BLS,2016-02-01,change,242.0,143288.0,30.0,naive_prior,151.0,91.0
2016-03-04,unrate,UNRATE,BLS,2016-02-01,level,4.9,4.9,0.0,naive_prior,4.9,0.0
2016-03-10,claims,ICSA,DOL,2016-03-05,level,259000.0,278000.0,-1000.0,naive_prior,278000.0,-19000.0
2016-03-15,ppi,PPIFIS,BLS,2016-02-01,level,109.6,109.8,0.0,naive_prior,109.8,-0.20000000000000284
2016-03-15,retail,RSAFS,Census,2016-02-01,level,447308.0,449904.0,-1942.0,naive_prior,449904.0,-2596.0
2016-03-16,cpi,CPIAUCSL,BLS,2016-02-01,level,237.707,238.107,0.0,naive_prior,238.107,-0.4000000000000057
2016-03-16,cpi_core,CPILFESL,BLS,2016-02-01,level,245.925,245.232,0.0,naive_prior,245.232,0.693000000000012
2016-03-17,claims,ICSA,DOL,2016-03-12,level,265000.0,259000.0,-1000.0,naive_prior,259000.0,6000.0
2016-03-24,claims,ICSA,DOL,2016-03-19,level,265000.0,265000.0,-6000.0,naive_prior,265000.0,0.0
2016-03-28,pce,PCEPI,BEA,2016-02-01,level,109.825,109.956,-0.014000000000010004,naive_prior,109.956,-0.13100000000000023
2016-03-31,claims,ICSA,DOL,2016-03-26,level,276000.0,265000.0,0.0,naive_prior,265000.0,11000.0
2016-04-01,empsit,PAYEMS,BLS,2016-03-01,change,215.0,143560.0,-1.0,naive_prior,242.0,-27.0
2016-04-01,unrate,UNRATE,BLS,2016-03-01,level,5.0,4.9,0.0,naive_prior,4.9,0.09999999999999964
2016-04-07,claims,ICSA,DOL,2016-04-02,level,267000.0,276000.0,0.0,naive_prior,276000.0,-9000.0
2016-04-13,ppi,PPIFIS,BLS,2016-03-01,level,109.5,109.6,0.0,naive_prior,109.6,-0.09999999999999432
2016-04-13,retail,RSAFS,Census,2016-03-01,level,446887.0,447308.0,935.0,naive_prior,447308.0,-421.0
2016-04-14,claims,ICSA,DOL,2016-04-09,level,253000.0,267000.0,-1000.0,naive_prior,267000.0,-14000.0
2016-04-14,cpi,CPIAUCSL,BLS,2016-03-01,level,237.92,237.707,0.0,naive_prior,237.707,0.21299999999999386
2016-04-14,cpi_core,CPILFESL,BLS,2016-03-01,level,246.095,245.925,0.0,naive_prior,245.925,0.1699999999999875
2016-04-21,claims,ICSA,DOL,2016-04-16,level,247000.0,253000.0,0.0,naive_prior,253000.0,-6000.0
2016-04-28,claims,ICSA,DOL,2016-04-23,level,257000.0,247000.0,1000.0,naive_prior,247000.0,10000.0
2016-04-28,gdp,GDP,BEA,2016-01-01,level,18221.1,18128.2,36.599999999998545,naive_prior,18128.2,92.89999999999782
2016-04-29,pce,PCEPI,BEA,2016-03-01,level,109.914,109.825,0.030000000000001137,naive_prior,109.825,0.08899999999999864
2016-05-05,claims,ICSA,DOL,2016-04-30,level,274000.0,257000.0,0.0,naive_prior,257000.0,17000.0
2016-05-06,empsit,PAYEMS,BLS,2016-04-01,change,160.0,143774.0,-19.0,naive_prior,215.0,-55.0
2016-05-06,unrate,UNRATE,BLS,2016-04-01,level,5.0,5.0,0.0,naive_prior,5.0,0.0
2016-05-12,claims,ICSA,DOL,2016-05-07,level,294000.0,274000.0,0.0,naive_prior,274000.0,20000.0
2016-05-13,ppi,PPIFIS,BLS,2016-04-01,level,109.7,109.5,0.0,naive_prior,109.5,0.20000000000000284
2016-05-13,retail,RSAFS,Census,2016-04-01,level,453438.0,446887.0,925.0,naive_prior,446887.0,6551.0
2016-05-17,cpi,CPIAUCSL,BLS,2016-04-01,level,238.89,237.92,0.0,naive_prior,237.92,0.9699999999999989
2016-05-17,cpi_core,CPILFESL,BLS,2016-04-01,level,246.574,246.095,0.0,naive_prior,246.095,0.4790000000000134
2016-05-19,claims,ICSA,DOL,2016-05-14,level,278000.0,294000.0,0.0,naive_prior,294000.0,-16000.0
2016-05-26,claims,ICSA,DOL,2016-05-21,level,268000.0,278000.0,0.0,naive_prior,278000.0,-10000.0
2016-05-31,pce,PCEPI,BEA,2016-04-01,level,110.276,109.914,0.024999999999991473,naive_prior,109.914,0.36199999999999477
2016-06-02,claims,ICSA,DOL,2016-05-28,level,267000.0,268000.0,0.0,naive_prior,268000.0,-1000.0
2016-06-03,empsit,PAYEMS,BLS,2016-05-01,change,38.0,143915.0,-59.0,naive_prior,160.0,-122.0
2016-06-03,unrate,UNRATE,BLS,2016-05-01,level,4.7,5.0,0.0,naive_prior,5.0,-0.2999999999999998
2016-06-09,claims,ICSA,DOL,2016-06-04,level,264000.0,267000.0,1000.0,naive_prior,267000.0,-3000.0
2016-06-14,retail,RSAFS,Census,2016-05-01,level,455644.0,453438.0,163.0,naive_prior,453438.0,2206.0
2016-06-15,ppi,PPIFIS,BLS,2016-05-01,level,110.1,109.7,0.0,naive_prior,109.7,0.3999999999999915
2016-06-16,claims,ICSA,DOL,2016-06-11,level,277000.0,264000.0,0.0,naive_prior,264000.0,13000.0
2016-06-16,cpi,CPIAUCSL,BLS,2016-05-01,level,239.41,238.89,0.0,naive_prior,238.89,0.5200000000000102
2016-06-16,cpi_core,CPILFESL,BLS,2016-05-01,level,247.074,246.574,0.0,naive_prior,246.574,0.5
2016-06-23,claims,ICSA,DOL,2016-06-18,level,259000.0,277000.0,0.0,naive_prior,277000.0,-18000.0
2016-06-29,pce,PCEPI,BEA,2016-05-01,level,110.431,110.276,-0.028999999999996362,naive_prior,110.276,0.15500000000000114
2016-06-30,claims,ICSA,DOL,2016-06-25,level,268000.0,259000.0,-1000.0,naive_prior,259000.0,9000.0
2016-07-07,claims,ICSA,DOL,2016-07-02,level,254000.0,268000.0,2000.0,naive_prior,268000.0,-14000.0
2016-07-08,empsit,PAYEMS,BLS,2016-06-01,change,287.0,143894.0,-6.0,naive_prior,38.0,249.0
2016-07-08,unrate,UNRATE,BLS,2016-06-01,level,4.9,4.7,0.0,naive_prior,4.7,0.20000000000000018
2016-07-14,claims,ICSA,DOL,2016-07-09,level,254000.0,254000.0,0.0,naive_prior,254000.0,0.0
2016-07-14,ppi,PPIFIS,BLS,2016-06-01,level,110.7,110.1,0.0,naive_prior,110.1,0.6000000000000085
2016-07-15,cpi,CPIAUCSL,BLS,2016-06-01,level,239.927,239.41,0.0,naive_prior,239.41,0.5169999999999959
2016-07-15,cpi_core,CPILFESL,BLS,2016-06-01,level,247.495,247.074,0.0,naive_prior,247.074,0.42099999999999227
2016-07-15,retail,RSAFS,Census,2016-06-01,level,456978.0,455644.0,-1285.0,naive_prior,455644.0,1334.0
2016-07-21,claims,ICSA,DOL,2016-07-16,level,253000.0,254000.0,0.0,naive_prior,254000.0,-1000.0
2016-07-28,claims,ICSA,DOL,2016-07-23,level,266000.0,253000.0,-1000.0,naive_prior,253000.0,13000.0
2016-07-29,gdp,GDP,BEA,2016-04-01,level,18437.6,18221.1,60.5,naive_prior,18221.1,216.5
2016-08-02,pce,PCEPI,BEA,2016-06-01,level,110.637,110.431,0.0940000000000083,naive_prior,110.431,0.20600000000000307
2016-08-04,claims,ICSA,DOL,2016-07-30,level,269000.0,266000.0,0.0,naive_prior,266000.0,3000.0
2016-08-05,empsit,PAYEMS,BLS,2016-07-01,change,255.0,144175.0,18.0,naive_prior,287.0,-32.0
2016-08-05,unrate,UNRATE,BLS,2016-07-01,level,4.9,4.9,0.0,naive_prior,4.9,0.0
2016-08-11,claims,ICSA,DOL,2016-08-06,level,266000.0,269000.0,-2000.0,naive_prior,269000.0,-3000.0
2016-08-12,ppi,PPIFIS,BLS,2016-07-01,level,110.3,110.7,0.0,naive_prior,110.7,-0.4000000000000057
2016-08-12,retail,RSAFS,Census,2016-07-01,level,457727.0,456978.0,923.0,naive_prior,456978.0,749.0
2016-08-16,cpi,CPIAUCSL,BLS,2016-07-01,level,239.828,239.927,0.0,naive_prior,239.927,-0.09899999999998954
2016-08-16,cpi_core,CPILFESL,BLS,2016-07-01,level,247.713,247.495,0.0,naive_prior,247.495,0.2179999999999893
2016-08-18,claims,ICSA,DOL,2016-08-13,level,262000.0,266000.0,0.0,naive_prior,266000.0,-4000.0
2016-08-25,claims,ICSA,DOL,2016-08-20,level,261000.0,262000.0,0.0,naive_prior,262000.0,-1000.0
2016-08-29,pce,PCEPI,BEA,2016-07-01,level,110.659,110.637,0.02200000000000557,naive_prior,110.637,0.02200000000000557
2016-09-01,claims,ICSA,DOL,2016-08-27,level,263000.0,261000.0,0.0,naive_prior,261000.0,2000.0
2016-09-02,empsit,PAYEMS,BLS,2016-08-01,change,151.0,144448.0,-1.0,naive_prior,255.0,-104.0
2016-09-02,unrate,UNRATE,BLS,2016-08-01,level,4.9,4.9,0.0,naive_prior,4.9,0.0
2016-09-08,claims,ICSA,DOL,2016-09-03,level,259000.0,263000.0,0.0,naive_prior,263000.0,-4000.0
2016-09-15,claims,ICSA,DOL,2016-09-10,level,260000.0,259000.0,0.0,naive_prior,259000.0,1000.0
2016-09-15,ppi,PPIFIS,BLS,2016-08-01,level,110.3,110.3,0.0,naive_prior,110.3,0.0
2016-09-15,retail,RSAFS,Census,2016-08-01,level,456321.0,457727.0,-58.0,naive_prior,457727.0,-1406.0
2016-09-16,cpi,CPIAUCSL,BLS,2016-08-01,level,240.305,239.828,0.0,naive_prior,239.828,0.47700000000000387
2016-09-16,cpi_core,CPILFESL,BLS,2016-08-01,level,248.338,247.713,0.0,naive_prior,247.713,0.625
2016-09-22,claims,ICSA,DOL,2016-09-17,level,252000.0,260000.0,0.0,naive_prior,260000.0,-8000.0
2016-09-29,claims,ICSA,DOL,2016-09-24,level,254000.0,252000.0,-1000.0,naive_prior,252000.0,2000.0
2016-09-30,pce,PCEPI,BEA,2016-08-01,level,110.858,110.659,0.03999999999999204,naive_prior,110.659,0.19899999999999807
2016-10-06,claims,ICSA,DOL,2016-10-01,level,249000.0,254000.0,0.0,naive_prior,254000.0,-5000.0
2016-10-07,empsit,PAYEMS,BLS,2016-09-01,change,156.0,144598.0,-7.0,naive_prior,151.0,5.0
2016-10-07,unrate,UNRATE,BLS,2016-09-01,level,5.0,4.9,0.0,naive_prior,4.9,0.09999999999999964
2016-10-13,claims,ICSA,DOL,2016-10-08,level,246000.0,249000.0,-3000.0,naive_prior,249000.0,-3000.0
2016-10-14,ppi,PPIFIS,BLS,2016-09-01,level,110.6,110.3,0.0,naive_prior,110.3,0.29999999999999716
2016-10-14,retail,RSAFS,Census,2016-09-01,level,459821.0,456321.0,655.0,naive_prior,456321.0,3500.0
2016-10-18,cpi,CPIAUCSL,BLS,2016-09-01,level,241.002,240.305,-0.004000000000019099,naive_prior,240.305,0.6970000000000027
2016-10-18,cpi_core,CPILFESL,BLS,2016-09-01,level,248.611,248.338,-0.006000000000000227,naive_prior,248.338,0.27299999999999613
2016-10-20,claims,ICSA,DOL,2016-10-15,level,260000.0,246000.0,1000.0,naive_prior,246000.0,14000.0
2016-10-27,claims,ICSA,DOL,2016-10-22,level,258000.0,260000.0,1000.0,naive_prior,260000.0,-2000.0
2016-10-28,gdp,GDP,BEA,2016-07-01,level,18651.2,18437.6,12.5,naive_prior,18437.6,213.60000000000218
2016-10-31,pce,PCEPI,BEA,2016-09-01,level,111.135,110.858,0.03999999999999204,naive_prior,110.858,0.277000000000001
2016-11-03,claims,ICSA,DOL,2016-10-29,level,265000.0,258000.0,0.0,naive_prior,258000.0,7000.0
2016-11-04,empsit,PAYEMS,BLS,2016-10-01,change,161.0,144747.0,44.0,naive_prior,156.0,5.0
2016-11-04,unrate,UNRATE,BLS,2016-10-01,level,4.9,5.0,0.0,naive_prior,5.0,-0.09999999999999964
2016-11-10,claims,ICSA,DOL,2016-11-05,level,254000.0,265000.0,0.0,naive_prior,265000.0,-11000.0
2016-11-15,retail,RSAFS,Census,2016-10-01,level,465914.0,459821.0,2285.0,naive_prior,459821.0,6093.0
2016-11-16,ppi,PPIFIS,BLS,2016-10-01,level,110.6,110.6,0.0,naive_prior,110.6,0.0
2016-11-17,claims,ICSA,DOL,2016-11-12,level,235000.0,254000.0,0.0,naive_prior,254000.0,-19000.0
2016-11-17,cpi,CPIAUCSL,BLS,2016-10-01,level,241.863,241.002,0.0,naive_prior,241.002,0.86099999999999
2016-11-17,cpi_core,CPILFESL,BLS,2016-10-01,level,248.981,248.611,0.0,naive_prior,248.611,0.37000000000000455
2016-11-23,claims,ICSA,DOL,2016-11-19,level,251000.0,235000.0,-2000.0,naive_prior,235000.0,16000.0
2016-11-30,pce,PCEPI,BEA,2016-10-01,level,111.394,111.135,-0.01100000000000989,naive_prior,111.135,0.25900000000000034
2016-12-01,claims,ICSA,DOL,2016-11-26,level,268000.0,251000.0,0.0,naive_prior,251000.0,17000.0
2016-12-02,empsit,PAYEMS,BLS,2016-11-01,change,178.0,144952.0,-2.0,naive_prior,161.0,17.0
2016-12-02,unrate,UNRATE,BLS,2016-11-01,level,4.6,4.9,0.0,naive_prior,4.9,-0.3000000000000007
2016-12-08,claims,ICSA,DOL,2016-12-03,level,258000.0,268000.0,0.0,naive_prior,268000.0,-10000.0
2016-12-14,ppi,PPIFIS,BLS,2016-11-01,level,111.0,110.6,0.0,naive_prior,110.6,0.4000000000000057
2016-12-14,retail,RSAFS,Census,2016-11-01,level,465513.0,465914.0,-779.0,naive_prior,465914.0,-401.0
2016-12-15,claims,ICSA,DOL,2016-12-10,level,254000.0,258000.0,0.0,naive_prior,258000.0,-4000.0
2016-12-15,cpi,CPIAUCSL,BLS,2016-11-01,level,242.348,241.863,0.0,naive_prior,241.863,0.48500000000001364
2016-12-15,cpi_core,CPILFESL,BLS,2016-11-01,level,249.357,248.981,0.0,naive_prior,248.981,0.3760000000000048
2016-12-22,claims,ICSA,DOL,2016-12-17,level,275000.0,254000.0,0.0,naive_prior,254000.0,21000.0
2016-12-22,pce,PCEPI,BEA,2016-11-01,level,111.47,111.394,0.030000000000001137,naive_prior,111.394,0.0759999999999934
2016-12-29,claims,ICSA,DOL,2016-12-24,level,265000.0,275000.0,0.0,naive_prior,275000.0,-10000.0
2017-01-05,claims,ICSA,DOL,2016-12-31,level,235000.0,265000.0,-2000.0,naive_prior,265000.0,-30000.0
2017-01-06,empsit,PAYEMS,BLS,2016-12-01,change,156.0,145128.0,19.0,naive_prior,178.0,-22.0
2017-01-06,unrate,UNRATE,BLS,2016-12-01,level,4.7,4.6,0.0,naive_prior,4.6,0.10000000000000053
2017-01-12,claims,ICSA,DOL,2017-01-07,level,247000.0,235000.0,2000.0,naive_prior,235000.0,12000.0
2017-01-13,ppi,PPIFIS,BLS,2016-12-01,level,111.3,111.0,0.0,naive_prior,111.0,0.29999999999999716
2017-01-13,retail,RSAFS,Census,2016-12-01,level,469092.0,465513.0,654.0,naive_prior,465513.0,3579.0
2017-01-18,cpi,CPIAUCSL,BLS,2016-12-01,level,243.032,242.348,0.0,naive_prior,242.348,0.6839999999999975
2017-01-18,cpi_core,CPILFESL,BLS,2016-12-01,level,249.93,249.357,0.0,naive_prior,249.357,0.5730000000000075
2017-01-19,claims,ICSA,DOL,2017-01-14,level,234000.0,247000.0,2000.0,naive_prior,247000.0,-13000.0
2017-01-26,claims,ICSA,DOL,2017-01-21,level,259000.0,234000.0,3000.0,naive_prior,234000.0,25000.0
2017-01-27,gdp,GDP,BEA,2016-10-01,level,18860.8,18651.2,24.099999999998545,naive_prior,18651.2,209.59999999999854
2017-01-30,pce,PCEPI,BEA,2016-12-01,level,111.651,111.47,0.0049999999999954525,naive_prior,111.47,0.18099999999999739
2017-02-02,claims,ICSA,DOL,2017-01-28,level,246000.0,259000.0,1000.0,naive_prior,259000.0,-13000.0
2017-02-03,empsit,PAYEMS,BLS,2017-01-01,change,227.0,145303.0,24.0,naive_prior,156.0,71.0
2017-02-03,unrate,UNRATE,BLS,2017-01-01,level,4.8,4.7,0.0,naive_prior,4.7,0.09999999999999964
2017-02-09,claims,ICSA,DOL,2017-02-04,level,234000.0,246000.0,0.0,naive_prior,246000.0,-12000.0
2017-02-14,ppi,PPIFIS,BLS,2017-01-01,level,111.9,111.3,-0.09999999999999432,naive_prior,111.3,0.6000000000000085
2017-02-15,cpi,CPIAUCSL,BLS,2017-01-01,level,244.158,243.032,-0.21100000000001273,naive_prior,243.032,1.1259999999999764
2017-02-15,cpi_core,CPILFESL,BLS,2017-01-01,level,250.783,249.93,0.08299999999999841,naive_prior,249.93,0.8529999999999802
2017-02-15,retail,RSAFS,Census,2017-01-01,level,472142.0,469092.0,1369.0,naive_prior,469092.0,3050.0
2017-02-16,claims,ICSA,DOL,2017-02-11,level,239000.0,234000.0,0.0,naive_prior,234000.0,5000.0
2017-02-23,claims,ICSA,DOL,2017-02-18,level,244000.0,239000.0,-1000.0,naive_prior,239000.0,5000.0
2017-03-01,pce,PCEPI,BEA,2017-01-01,level,112.082,111.651,-0.05299999999999727,naive_prior,111.651,0.4309999999999974
2017-03-02,claims,ICSA,DOL,2017-02-25,level,223000.0,244000.0,-2000.0,naive_prior,244000.0,-21000.0
2017-03-09,claims,ICSA,DOL,2017-03-04,level,243000.0,223000.0,0.0,naive_prior,223000.0,20000.0
2017-03-10,empsit,PAYEMS,BLS,2017-02-01,change,235.0,145554.0,9.0,naive_prior,227.0,8.0
2017-03-10,unrate,UNRATE,BLS,2017-02-01,level,4.7,4.8,0.0,naive_prior,4.8,-0.09999999999999964
2017-03-14,ppi,PPIFIS,BLS,2017-02-01,level,112.2,111.9,0.0,naive_prior,111.9,0.29999999999999716
2017-03-15,cpi,CPIAUCSL,BLS,2017-02-01,level,244.456,244.158,0.0,naive_prior,244.158,0.2980000000000018
2017-03-15,cpi_core,CPILFESL,BLS,2017-02-01,level,251.299,250.783,0.0,naive_prior,250.783,0.5160000000000196
2017-03-15,retail,RSAFS,Census,2017-02-01,level,473991.0,472142.0,1472.0,naive_prior,472142.0,1849.0
2017-03-16,claims,ICSA,DOL,2017-03-11,level,241000.0,243000.0,0.0,naive_prior,243000.0,-2000.0
2017-03-23,claims,ICSA,DOL,2017-03-18,level,258000.0,241000.0,2000.0,naive_prior,241000.0,17000.0
2017-03-30,claims,ICSA,DOL,2017-03-25,level,258000.0,258000.0,3000.0,naive_prior,258000.0,0.0
2017-03-31,pce,PCEPI,BEA,2017-02-01,level,112.248,112.082,0.020000000000010232,naive_prior,112.082,0.16600000000001103
2017-04-06,claims,ICSA,DOL,2017-04-01,level,234000.0,258000.0,1000.0,naive_prior,258000.0,-24000.0
2017-04-07,empsit,PAYEMS,BLS,2017-03-01,change,98.0,145798.0,-38.0,naive_prior,235.0,-137.0
2017-04-07,unrate,UNRATE,BLS,2017-03-01,level,4.5,4.7,0.0,naive_prior,4.7,-0.20000000000000018
2017-04-13,claims,ICSA,DOL,2017-04-08,level,234000.0,234000.0,1000.0,naive_prior,234000.0,0.0
2017-04-13,ppi,PPIFIS,BLS,2017-03-01,level,112.1,112.2,0.0,naive_prior,112.2,-0.10000000000000853
2017-04-14,cpi,CPIAUCSL,BLS,2017-03-01,level,243.752,244.456,0.0,naive_prior,244.456,-0.7039999999999793
2017-04-14,cpi_core,CPILFESL,BLS,2017-03-01,level,250.993,251.299,0.0,naive_prior,251.299,-0.3060000000000116
2017-04-14,retail,RSAFS,Census,2017-03-01,level,470844.0,473991.0,-2126.0,naive_prior,473991.0,-3147.0
2017-04-20,claims,ICSA,DOL,2017-04-15,level,244000.0,234000.0,0.0,naive_prior,234000.0,10000.0
2017-04-27,claims,ICSA,DOL,2017-04-22,level,257000.0,244000.0,-1000.0,naive_prior,244000.0,13000.0
2017-04-28,gdp,GDP,BEA,2017-01-01,level,19007.3,18860.8,8.600000000002183,naive_prior,18860.8,146.5
2017-05-01,pce,PCEPI,BEA,2017-03-01,level,112.005,112.248,0.015999999999991132,naive_prior,112.248,-0.2430000000000092
2017-05-04,claims,ICSA,DOL,2017-04-29,level,238000.0,257000.0,0.0,naive_prior,257000.0,-19000.0
2017-05-05,empsit,PAYEMS,BLS,2017-04-01,change,211.0,145858.0,-6.0,naive_prior,98.0,113.0
2017-05-05,unrate,UNRATE,BLS,2017-04-01,level,4.4,4.5,0.0,naive_prior,4.5,-0.09999999999999964
2017-05-11,claims,ICSA,DOL,2017-05-06,level,236000.0,238000.0,0.0,naive_prior,238000.0,-2000.0
2017-05-11,ppi,PPIFIS,BLS,2017-04-01,level,112.7,112.1,0.0,naive_prior,112.1,0.6000000000000085
2017-05-12,cpi,CPIAUCSL,BLS,2017-04-01,level,244.158,243.752,0.0,naive_prior,243.752,0.4059999999999775
2017-05-12,cpi_core,CPILFESL,BLS,2017-04-01,level,251.172,250.993,0.0,naive_prior,250.993,0.17900000000000205
2017-05-12,retail,RSAFS,Census,2017-04-01,level,474948.0,470844.0,2258.0,naive_prior,470844.0,4104.0
2017-05-18,claims,ICSA,DOL,2017-05-13,level,232000.0,236000.0,0.0,naive_prior,236000.0,-4000.0
2017-05-25,claims,ICSA,DOL,2017-05-20,level,234000.0,232000.0,1000.0,naive_prior,232000.0,2000.0
2017-05-30,pce,PCEPI,BEA,2017-04-01,level,112.24,112.005,0.023000000000010346,naive_prior,112.005,0.23499999999999943
2017-06-01,claims,ICSA,DOL,2017-05-27,level,248000.0,234000.0,1000.0,naive_prior,234000.0,14000.0
2017-06-02,empsit,PAYEMS,BLS,2017-05-01,change,138.0,146063.0,-66.0,naive_prior,211.0,-73.0
2017-06-02,unrate,UNRATE,BLS,2017-05-01,level,4.3,4.4,0.0,naive_prior,4.4,-0.10000000000000053
2017-06-08,claims,ICSA,DOL,2017-06-03,level,245000.0,248000.0,7000.0,naive_prior,248000.0,-3000.0
2017-06-13,ppi,PPIFIS,BLS,2017-05-01,level,112.7,112.7,0.0,naive_prior,112.7,0.0
2017-06-14,cpi,CPIAUCSL,BLS,2017-05-01,level,243.846,244.158,0.0,naive_prior,244.158,-0.3119999999999834
2017-06-14,cpi_core,CPILFESL,BLS,2017-05-01,level,251.329,251.172,0.0,naive_prior,251.172,0.1570000000000107
2017-06-14,retail,RSAFS,Census,2017-05-01,level,473808.0,474948.0,61.0,naive_prior,474948.0,-1140.0
2017-06-15,claims,ICSA,DOL,2017-06-10,level,237000.0,245000.0,0.0,naive_prior,245000.0,-8000.0
2017-06-22,claims,ICSA,DOL,2017-06-17,level,241000.0,237000.0,1000.0,naive_prior,237000.0,4000.0
2017-06-29,claims,ICSA,DOL,2017-06-24,level,244000.0,241000.0,1000.0,naive_prior,241000.0,3000.0
2017-06-30,pce,PCEPI,BEA,2017-05-01,level,112.127,112.24,-0.04200000000000159,naive_prior,112.24,-0.11299999999999955
2017-07-06,claims,ICSA,DOL,2017-07-01,level,248000.0,244000.0,0.0,naive_prior,244000.0,4000.0
2017-07-07,empsit,PAYEMS,BLS,2017-06-01,change,222.0,146135.0,47.0,naive_prior,138.0,84.0
2017-07-07,unrate,UNRATE,BLS,2017-06-01,level,4.4,4.3,0.0,naive_prior,4.3,0.10000000000000053
2017-07-13,claims,ICSA,DOL,2017-07-08,level,247000.0,248000.0,2000.0,naive_prior,248000.0,-1000.0
2017-07-13,ppi,PPIFIS,BLS,2017-06-01,level,112.8,112.7,0.0,naive_prior,112.7,0.09999999999999432
2017-07-14,cpi,CPIAUCSL,BLS,2017-06-01,level,243.79,243.846,0.0,naive_prior,243.846,-0.056000000000011596
2017-07-14,cpi_core,CPILFESL,BLS,2017-06-01,level,251.627,251.329,0.0,naive_prior,251.329,0.2980000000000018
2017-07-14,retail,RSAFS,Census,2017-06-01,level,473513.0,473808.0,441.0,naive_prior,473808.0,-295.0
2017-07-20,claims,ICSA,DOL,2017-07-15,level,233000.0,247000.0,1000.0,naive_prior,247000.0,-14000.0
2017-07-27,claims,ICSA,DOL,2017-07-22,level,244000.0,233000.0,1000.0,naive_prior,233000.0,11000.0
2017-07-28,gdp,GDP,BEA,2017-04-01,level,19226.7,19007.3,50.400000000001455,naive_prior,19007.3,219.40000000000146
2017-08-01,pce,PCEPI,BEA,2017-06-01,level,112.283,112.127,0.13000000000000966,naive_prior,112.127,0.1560000000000059
2017-08-03,claims,ICSA,DOL,2017-07-29,level,240000.0,244000.0,1000.0,naive_prior,244000.0,-4000.0
2017-08-04,empsit,PAYEMS,BLS,2017-07-01,change,209.0,146404.0,2.0,naive_prior,222.0,-13.0
2017-08-04,unrate,UNRATE,BLS,2017-07-01,level,4.3,4.4,0.0,naive_prior,4.4,-0.10000000000000053
2017-08-10,claims,ICSA,DOL,2017-08-05,level,244000.0,240000.0,1000.0,naive_prior,240000.0,4000.0
2017-08-10,ppi,PPIFIS,BLS,2017-07-01,level,112.7,112.8,0.0,naive_prior,112.8,-0.09999999999999432
2017-08-11,cpi,CPIAUCSL,BLS,2017-07-01,level,244.048,243.79,0.0,naive_prior,243.79,0.2580000000000098
2017-08-11,cpi_core,CPILFESL,BLS,2017-07-01,level,251.914,251.627,0.0,naive_prior,251.627,0.2869999999999777
2017-08-15,retail,RSAFS,Census,2017-07-01,level,478873.0,473513.0,2496.0,naive_prior,473513.0,5360.0
2017-08-17,claims,ICSA,DOL,2017-08-12,level,232000.0,244000.0,0.0,naive_prior,244000.0,-12000.0
2017-08-24,claims,ICSA,DOL,2017-08-19,level,234000.0,232000.0,0.0,naive_prior,232000.0,2000.0
2017-08-31,claims,ICSA,DOL,2017-08-26,level,236000.0,234000.0,1000.0,naive_prior,234000.0,2000.0
2017-08-31,pce,PCEPI,BEA,2017-07-01,level,112.384,112.283,0.001999999999995339,naive_prior,112.283,0.10099999999999909
2017-09-01,empsit,PAYEMS,BLS,2017-08-01,change,156.0,146615.0,-41.0,naive_prior,209.0,-53.0
2017-09-01,unrate,UNRATE,BLS,2017-08-01,level,4.4,4.3,0.0,naive_prior,4.3,0.10000000000000053
2017-09-07,claims,ICSA,DOL,2017-09-02,level,298000.0,236000.0,0.0,naive_prior,236000.0,62000.0
2017-09-13,ppi,PPIFIS,BLS,2017-08-01,level,112.9,112.7,0.0,naive_prior,112.7,0.20000000000000284
2017-09-14,claims,ICSA,DOL,2017-09-09,level,284000.0,298000.0,0.0,naive_prior,298000.0,-14000.0
2017-09-14,cpi,CPIAUCSL,BLS,2017-08-01,level,245.03,244.048,0.0,naive_prior,244.048,0.9819999999999993
2017-09-14,cpi_core,CPILFESL,BLS,2017-08-01,level,252.54,251.914,0.0,naive_prior,251.914,0.6260000000000048
2017-09-15,retail,RSAFS,Census,2017-08-01,level,474841.0,478873.0,-3043.0,naive_prior,478873.0,-4032.0
2017-09-21,claims,ICSA,DOL,2017-09-16,level,259000.0,284000.0,-2000.0,naive_prior,284000.0,-25000.0
2017-09-28,claims,ICSA,DOL,2017-09-23,level,272000.0,259000.0,1000.0,naive_prior,259000.0,13000.0
2017-09-29,pce,PCEPI,BEA,2017-08-01,level,112.623,112.384,0.007999999999995566,naive_prior,112.384,0.23900000000000432
2017-10-05,claims,ICSA,DOL,2017-09-30,level,260000.0,272000.0,0.0,naive_prior,272000.0,-12000.0
2017-10-06,empsit,PAYEMS,BLS,2017-09-01,change,-33.0,146730.0,-38.0,naive_prior,156.0,-189.0
2017-10-06,unrate,UNRATE,BLS,2017-09-01,level,4.2,4.4,0.0,naive_prior,4.4,-0.20000000000000018
2017-10-12,claims,ICSA,DOL,2017-10-07,level,243000.0,260000.0,-2000.0,naive_prior,260000.0,-17000.0
2017-10-12,ppi,PPIFIS,BLS,2017-09-01,level,113.4,112.9,0.0,naive_prior,112.9,0.5
2017-10-13,cpi,CPIAUCSL,BLS,2017-09-01,level,246.373,245.03,0.0,naive_prior,245.03,1.3429999999999893
2017-10-13,cpi_core,CPILFESL,BLS,2017-09-01,level,252.86,252.54,0.0,naive_prior,252.54,0.3200000000000216
2017-10-13,retail,RSAFS,Census,2017-09-01,level,483895.0,474841.0,1638.0,naive_prior,474841.0,9054.0
2017-10-19,claims,ICSA,DOL,2017-10-14,level,222000.0,243000.0,1000.0,naive_prior,243000.0,-21000.0
2017-10-26,claims,ICSA,DOL,2017-10-21,level,233000.0,222000.0,1000.0,naive_prior,222000.0,11000.0
2017-10-27,gdp,GDP,BEA,2017-07-01,level,19495.476,19226.7,23.308999999997468,naive_prior,19226.7,268.775999999998
2017-10-30,pce,PCEPI,BEA,2017-09-01,level,113.051,112.623,0.006000000000000227,naive_prior,112.623,0.42799999999999727
2017-11-02,claims,ICSA,DOL,2017-10-28,level,229000.0,233000.0,1000.0,naive_prior,233000.0,-4000.0
2017-11-03,empsit,PAYEMS,BLS,2017-10-01,change,261.0,146659.0,90.0,naive_prior,-33.0,294.0
2017-11-03,unrate,UNRATE,BLS,2017-10-01,level,4.1,4.2,0.0,naive_prior,4.2,-0.10000000000000053
2017-11-09,claims,ICSA,DOL,2017-11-04,level,239000.0,229000.0,0.0,naive_prior,229000.0,10000.0
2017-11-14,ppi,PPIFIS,BLS,2017-10-01,level,113.9,113.4,0.0,naive_prior,113.4,0.5
2017-11-15,cpi,CPIAUCSL,BLS,2017-10-01,level,246.639,246.373,0.0,naive_prior,246.373,0.26600000000001955
2017-11-15,cpi_core,CPILFESL,BLS,2017-10-01,level,253.428,252.86,0.0,naive_prior,252.86,0.5679999999999836
2017-11-15,retail,RSAFS,Census,2017-10-01,level,486553.0,483895.0,1524.0,naive_prior,483895.0,2658.0
2017-11-16,claims,ICSA,DOL,2017-11-11,level,249000.0,239000.0,0.0,naive_prior,239000.0,10000.0
2017-11-22,claims,ICSA,DOL,2017-11-18,level,239000.0,249000.0,3000.0,naive_prior,249000.0,-10000.0
2017-11-30,claims,ICSA,DOL,2017-11-25,level,238000.0,239000.0,1000.0,naive_prior,239000.0,-1000.0
2017-11-30,pce,PCEPI,BEA,2017-10-01,level,113.245,113.051,0.0309999999999917,naive_prior,113.051,0.19400000000000261
2017-12-07,claims,ICSA,DOL,2017-12-02,level,236000.0,238000.0,0.0,naive_prior,238000.0,-2000.0
2017-12-08,empsit,PAYEMS,BLS,2017-11-01,change,228.0,147010.0,3.0,naive_prior,261.0,-33.0
2017-12-08,unrate,UNRATE,BLS,2017-11-01,level,4.1,4.1,0.0,naive_prior,4.1,0.0
2017-12-12,ppi,PPIFIS,BLS,2017-11-01,level,114.4,113.9,0.0,naive_prior,113.9,0.5
2017-12-13,cpi,CPIAUCSL,BLS,2017-11-01,level,247.592,246.639,0.0,naive_prior,246.639,0.953000000000003
2017-12-13,cpi_core,CPILFESL,BLS,2017-11-01,level,253.724,253.428,0.0,naive_prior,253.428,0.29599999999999227
2017-12-14,claims,ICSA,DOL,2017-12-09,level,225000.0,236000.0,0.0,naive_prior,236000.0,-11000.0
2017-12-14,retail,RSAFS,Census,2017-11-01,level,492717.0,486553.0,2310.0,naive_prior,486553.0,6164.0
2017-12-21,claims,ICSA,DOL,2017-12-16,level,245000.0,225000.0,0.0,naive_prior,225000.0,20000.0
2017-12-22,pce,PCEPI,BEA,2017-11-01,level,113.504,113.245,-0.0030000000000001137,naive_prior,113.245,0.25900000000000034
2017-12-28,claims,ICSA,DOL,2017-12-23,level,245000.0,245000.0,0.0,naive_prior,245000.0,0.0
2018-01-04,claims,ICSA,DOL,2017-12-30,level,250000.0,245000.0,2000.0,naive_prior,245000.0,5000.0
2018-01-05,empsit,PAYEMS,BLS,2017-12-01,change,148.0,147241.0,-9.0,naive_prior,228.0,-80.0
2018-01-05,unrate,UNRATE,BLS,2017-12-01,level,4.1,4.1,0.0,naive_prior,4.1,0.0
2018-01-11,claims,ICSA,DOL,2018-01-06,level,261000.0,250000.0,0.0,naive_prior,250000.0,11000.0
2018-01-11,ppi,PPIFIS,BLS,2017-12-01,level,114.3,114.4,0.0,naive_prior,114.4,-0.10000000000000853
2018-01-12,cpi,CPIAUCSL,BLS,2017-12-01,level,247.963,247.592,0.0,naive_prior,247.592,0.3709999999999809
2018-01-12,cpi_core,CPILFESL,BLS,2017-12-01,level,254.426,253.724,0.0,naive_prior,253.724,0.7019999999999982
2018-01-12,retail,RSAFS,Census,2017-12-01,level,495381.0,492717.0,926.0,naive_prior,492717.0,2664.0
2018-01-18,claims,ICSA,DOL,2018-01-13,level,220000.0,261000.0,0.0,naive_prior,261000.0,-41000.0
2018-01-25,claims,ICSA,DOL,2018-01-20,level,233000.0,220000.0,-4000.0,naive_prior,220000.0,13000.0
2018-01-26,gdp,GDP,BEA,2017-10-01,level,19738.887,19495.476,5.126000000000204,naive_prior,19495.476,243.41100000000006
2018-01-29,pce,PCEPI,BEA,2017-12-01,level,113.64,113.504,0.01099999999999568,naive_prior,113.504,0.13599999999999568
2018-02-01,claims,ICSA,DOL,2018-01-27,level,230000.0,233000.0,-2000.0,naive_prior,233000.0,-3000.0
2018-02-02,empsit,PAYEMS,BLS,2018-01-01,change,200.0,147380.0,230.0,naive_prior,148.0,52.0
2018-02-02,unrate,UNRATE,BLS,2018-01-01,level,4.1,4.1,0.0,naive_prior,4.1,0.0
2018-02-08,claims,ICSA,DOL,2018-02-03,level,221000.0,230000.0,0.0,naive_prior,230000.0,-9000.0
2018-02-14,cpi,CPIAUCSL,BLS,2018-01-01,level,249.245,247.963,-0.05299999999999727,naive_prior,247.963,1.2820000000000107
2018-02-14,cpi_core,CPILFESL,BLS,2018-01-01,level,255.287,254.426,-0.027999999999991587,naive_prior,254.426,0.8610000000000184
2018-02-14,retail,RSAFS,Census,2018-01-01,level,492003.0,495381.0,-2081.0,naive_prior,495381.0,-3378.0
2018-02-15,claims,ICSA,DOL,2018-02-10,level,230000.0,221000.0,2000.0,naive_prior,221000.0,9000.0
2018-02-15,ppi,PPIFIS,BLS,2018-01-01,level,114.9,114.3,0.10000000000000853,naive_prior,114.3,0.6000000000000085
2018-02-22,claims,ICSA,DOL,2018-02-17,level,222000.0,230000.0,-1000.0,naive_prior,230000.0,-8000.0
2018-03-01,claims,ICSA,DOL,2018-02-24,level,210000.0,222000.0,-2000.0,naive_prior,222000.0,-12000.0
2018-03-01,pce,PCEPI,BEA,2018-01-01,level,114.064,113.64,0.006000000000000227,naive_prior,113.64,0.4239999999999924
2018-03-08,claims,ICSA,DOL,2018-03-03,level,231000.0,210000.0,0.0,naive_prior,210000.0,21000.0
2018-03-09,empsit,PAYEMS,BLS,2018-02-01,change,313.0,147810.0,54.0,naive_prior,200.0,113.0
2018-03-09,unrate,UNRATE,BLS,2018-02-01,level,4.1,4.1,0.0,naive_prior,4.1,0.0
2018-03-13,cpi,CPIAUCSL,BLS,2018-02-01,level,249.619,249.245,0.0,naive_prior,249.245,0.3739999999999952
2018-03-13,cpi_core,CPILFESL,BLS,2018-02-01,level,255.751,255.287,0.0,naive_prior,255.287,0.46399999999999864
2018-03-14,ppi,PPIFIS,BLS,2018-02-01,level,115.1,114.9,0.0,naive_prior,114.9,0.19999999999998863
2018-03-14,retail,RSAFS,Census,2018-02-01,level,492008.0,492003.0,340.0,naive_prior,492003.0,5.0
2018-03-15,claims,ICSA,DOL,2018-03-10,level,226000.0,231000.0,-1000.0,naive_prior,231000.0,-5000.0
2018-03-29,claims,ICSA,DOL,2018-03-17,level,227000.0,226000.0,0.0,naive_prior,226000.0,1000.0
2018-03-29,claims,ICSA,DOL,2018-03-24,level,215000.0,227000.0,0.0,naive_prior,227000.0,-12000.0
2018-03-29,pce,PCEPI,BEA,2018-02-01,level,114.299,114.064,0.018000000000000682,naive_prior,114.064,0.23500000000001364
2018-04-05,claims,ICSA,DOL,2018-03-31,level,242000.0,215000.0,3000.0,naive_prior,215000.0,27000.0
2018-04-06,empsit,PAYEMS,BLS,2018-03-01,change,103.0,148177.0,-50.0,naive_prior,313.0,-210.0
2018-04-06,unrate,UNRATE,BLS,2018-03-01,level,4.1,4.1,0.0,naive_prior,4.1,0.0
2018-04-10,ppi,PPIFIS,BLS,2018-03-01,level,115.4,115.1,0.0,naive_prior,115.1,0.30000000000001137
2018-04-11,cpi,CPIAUCSL,BLS,2018-03-01,level,249.462,249.619,0.0,naive_prior,249.619,-0.1570000000000107
2018-04-11,cpi_core,CPILFESL,BLS,2018-03-01,level,256.2,255.751,0.0,naive_prior,255.751,0.44899999999998386
2018-04-12,claims,ICSA,DOL,2018-04-07,level,233000.0,242000.0,0.0,naive_prior,242000.0,-9000.0
2018-04-16,retail,RSAFS,Census,2018-03-01,level,494555.0,492008.0,-213.0,naive_prior,492008.0,2547.0
2018-04-19,claims,ICSA,DOL,2018-04-14,level,232000.0,233000.0,0.0,naive_prior,233000.0,-1000.0
2018-04-26,claims,ICSA,DOL,2018-04-21,level,209000.0,232000.0,1000.0,naive_prior,232000.0,-23000.0
2018-04-27,gdp,GDP,BEA,2018-01-01,level,19965.326,19738.887,15.215000000000146,naive_prior,19738.887,226.43900000000212
2018-04-30,pce,PCEPI,BEA,2018-03-01,level,114.31,114.299,-0.02600000000001046,naive_prior,114.299,0.01099999999999568
2018-05-03,claims,ICSA,DOL,2018-04-28,level,211000.0,209000.0,0.0,naive_prior,209000.0,2000.0
2018-05-04,empsit,PAYEMS,BLS,2018-04-01,change,164.0,148230.0,30.0,naive_prior,103.0,61.0
2018-05-04,unrate,UNRATE,BLS,2018-04-01,level,3.9,4.1,0.0,naive_prior,4.1,-0.19999999999999973
2018-05-09,ppi,PPIFIS,BLS,2018-04-01,level,115.5,115.4,0.0,naive_prior,115.4,0.09999999999999432
2018-05-10,claims,ICSA,DOL,2018-05-05,level,211000.0,211000.0,0.0,naive_prior,211000.0,0.0
2018-05-10,cpi,CPIAUCSL,BLS,2018-04-01,level,250.013,249.462,0.0,naive_prior,249.462,0.5510000000000161
2018-05-10,cpi_core,CPILFESL,BLS,2018-04-01,level,256.45,256.2,0.0,naive_prior,256.2,0.25
2018-05-15,retail,RSAFS,Census,2018-04-01,level,497559.0,494555.0,1528.0,naive_prior,494555.0,3004.0
2018-05-17,claims,ICSA,DOL,2018-05-12,level,222000.0,211000.0,0.0,naive_prior,211000.0,11000.0
2018-05-24,claims,ICSA,DOL,2018-05-19,level,234000.0,222000.0,1000.0,naive_prior,222000.0,12000.0
2018-05-31,claims,ICSA,DOL,2018-05-26,level,221000.0,234000.0,0.0,naive_prior,234000.0,-13000.0
2018-05-31,pce,PCEPI,BEA,2018-04-01,level,114.512,114.31,-0.05200000000000671,naive_prior,114.31,0.20199999999999818
2018-06-01,empsit,PAYEMS,BLS,2018-05-01,change,223.0,148424.0,15.0,naive_prior,164.0,59.0
2018-06-01,unrate,UNRATE,BLS,2018-05-01,level,3.8,3.9,0.0,naive_prior,3.9,-0.10000000000000009
2018-06-07,claims,ICSA,DOL,2018-06-02,level,222000.0,221000.0,2000.0,naive_prior,221000.0,1000.0
2018-06-12,cpi,CPIAUCSL,BLS,2018-05-01,level,250.535,250.013,0.0,naive_prior,250.013,0.5219999999999914
2018-06-12,cpi_core,CPILFESL,BLS,2018-05-01,level,256.889,256.45,0.0,naive_prior,256.45,0.4390000000000214
2018-06-13,ppi,PPIFIS,BLS,2018-05-01,level,116.1,115.5,0.0,naive_prior,115.5,0.5999999999999943
2018-06-14,claims,ICSA,DOL,2018-06-09,level,218000.0,222000.0,0.0,naive_prior,222000.0,-4000.0
2018-06-14,retail,RSAFS,Census,2018-05-01,level,501971.0,497559.0,293.0,naive_prior,497559.0,4412.0
2018-06-21,claims,ICSA,DOL,2018-06-16,level,218000.0,218000.0,3000.0,naive_prior,218000.0,0.0
2018-06-28,claims,ICSA,DOL,2018-06-23,level,227000.0,218000.0,0.0,naive_prior,218000.0,9000.0
2018-06-29,pce,PCEPI,BEA,2018-05-01,level,114.764,114.512,0.009000000000000341,naive_prior,114.512,0.25199999999999534
2018-07-05,claims,ICSA,DOL,2018-06-30,level,231000.0,227000.0,1000.0,naive_prior,227000.0,4000.0
2018-07-06,empsit,PAYEMS,BLS,2018-06-01,change,213.0,148662.0,37.0,naive_prior,223.0,-10.0
2018-07-06,unrate,UNRATE,BLS,2018-06-01,level,4.0,3.8,0.0,naive_prior,3.8,0.20000000000000018
2018-07-11,ppi,PPIFIS,BLS,2018-06-01,level,116.4,116.1,0.0,naive_prior,116.1,0.30000000000001137
2018-07-12,claims,ICSA,DOL,2018-07-07,level,214000.0,231000.0,1000.0,naive_prior,231000.0,-17000.0
2018-07-12,cpi,CPIAUCSL,BLS,2018-06-01,level,250.857,250.535,0.0,naive_prior,250.535,0.32200000000000273
2018-07-12,cpi_core,CPILFESL,BLS,2018-06-01,level,257.305,256.889,0.0,naive_prior,256.889,0.4159999999999968
2018-07-16,retail,RSAFS,Census,2018-06-01,level,506787.0,501971.0,2369.0,naive_prior,501971.0,4816.0
2018-07-19,claims,ICSA,DOL,2018-07-14,level,207000.0,214000.0,1000.0,naive_prior,214000.0,-7000.0
2018-07-26,claims,ICSA,DOL,2018-07-21,level,217000.0,207000.0,1000.0,naive_prior,207000.0,10000.0
2018-07-27,gdp,GDP,BEA,2018-04-01,level,20402.502,19965.326,75.72099999999773,naive_prior,19965.326,437.1759999999995
2018-07-31,pce,PCEPI,BEA,2018-06-01,level,108.16,114.764,-6.714999999999989,naive_prior,114.764,-6.603999999999999
2018-08-02,claims,ICSA,DOL,2018-07-28,level,218000.0,217000.0,0.0,naive_prior,217000.0,1000.0
2018-08-03,empsit,PAYEMS,BLS,2018-07-01,change,157.0,148912.0,59.0,naive_prior,213.0,-56.0
2018-08-03,unrate,UNRATE,BLS,2018-07-01,level,3.9,4.0,0.0,naive_prior,4.0,-0.10000000000000009
2018-08-09,claims,ICSA,DOL,2018-08-04,level,213000.0,218000.0,1000.0,naive_prior,218000.0,-5000.0
2018-08-09,ppi,PPIFIS,BLS,2018-07-01,level,116.4,116.4,0.0,naive_prior,116.4,0.0
2018-08-10,cpi,CPIAUCSL,BLS,2018-07-01,level,251.286,250.857,0.0,naive_prior,250.857,0.42900000000000205
2018-08-10,cpi_core,CPILFESL,BLS,2018-07-01,level,257.93,257.305,0.0,naive_prior,257.305,0.625
2018-08-15,retail,RSAFS,Census,2018-07-01,level,507533.0,506787.0,-1839.0,naive_prior,506787.0,746.0
2018-08-16,claims,ICSA,DOL,2018-08-11,level,212000.0,213000.0,1000.0,naive_prior,213000.0,-1000.0
2018-08-23,claims,ICSA,DOL,2018-08-18,level,210000.0,212000.0,0.0,naive_prior,212000.0,-2000.0
2018-08-30,claims,ICSA,DOL,2018-08-25,level,213000.0,210000.0,0.0,naive_prior,210000.0,3000.0
2018-08-30,pce,PCEPI,BEA,2018-07-01,level,108.314,108.16,0.020000000000010232,naive_prior,108.16,0.15399999999999636
2018-09-06,claims,ICSA,DOL,2018-09-01,level,203000.0,213000.0,0.0,naive_prior,213000.0,-10000.0
2018-09-07,empsit,PAYEMS,BLS,2018-08-01,change,201.0,149128.0,-50.0,naive_prior,157.0,44.0
2018-09-07,unrate,UNRATE,BLS,2018-08-01,level,3.9,3.9,0.0,naive_prior,3.9,0.0
2018-09-12,ppi,PPIFIS,BLS,2018-08-01,level,116.3,116.4,0.0,naive_prior,116.4,-0.10000000000000853
2018-09-13,claims,ICSA,DOL,2018-09-08,level,204000.0,203000.0,2000.0,naive_prior,203000.0,1000.0
2018-09-13,cpi,CPIAUCSL,BLS,2018-08-01,level,251.846,251.286,0.0,naive_prior,251.286,0.5600000000000023
2018-09-13,cpi_core,CPILFESL,BLS,2018-08-01,level,258.141,257.93,0.0,naive_prior,257.93,0.21100000000001273
2018-09-14,retail,RSAFS,Census,2018-08-01,level,509025.0,507533.0,1052.0,naive_prior,507533.0,1492.0
2018-09-20,claims,ICSA,DOL,2018-09-15,level,201000.0,204000.0,0.0,naive_prior,204000.0,-3000.0
2018-09-27,claims,ICSA,DOL,2018-09-22,level,214000.0,201000.0,1000.0,naive_prior,201000.0,13000.0
2018-09-28,pce,PCEPI,BEA,2018-08-01,level,108.47,108.314,0.03900000000000148,naive_prior,108.314,0.1560000000000059
2018-10-04,claims,ICSA,DOL,2018-09-29,level,207000.0,214000.0,1000.0,naive_prior,214000.0,-7000.0
2018-10-05,empsit,PAYEMS,BLS,2018-09-01,change,134.0,149279.0,87.0,naive_prior,201.0,-67.0
2018-10-05,unrate,UNRATE,BLS,2018-09-01,level,3.7,3.9,0.0,naive_prior,3.9,-0.19999999999999973
2018-10-10,ppi,PPIFIS,BLS,2018-09-01,level,116.5,116.3,0.0,naive_prior,116.3,0.20000000000000284
2018-10-11,claims,ICSA,DOL,2018-10-06,level,214000.0,207000.0,0.0,naive_prior,207000.0,7000.0
2018-10-11,cpi,CPIAUCSL,BLS,2018-09-01,level,251.994,251.846,0.0,naive_prior,251.846,0.14799999999999613
2018-10-11,cpi_core,CPILFESL,BLS,2018-09-01,level,258.441,258.141,0.0,naive_prior,258.141,0.2999999999999545
2018-10-15,retail,RSAFS,Census,2018-09-01,level,509041.0,509025.0,-511.0,naive_prior,509025.0,16.0
2018-10-18,claims,ICSA,DOL,2018-10-13,level,210000.0,214000.0,1000.0,naive_prior,214000.0,-4000.0
2018-10-25,claims,ICSA,DOL,2018-10-20,level,215000.0,210000.0,0.0,naive_prior,210000.0,5000.0
2018-10-26,gdp,GDP,BEA,2018-07-01,level,20659.029,20402.502,9.421999999998661,naive_prior,20402.502,256.5269999999982
2018-10-29,pce,PCEPI,BEA,2018-09-01,level,108.602,108.47,0.0010000000000047748,naive_prior,108.47,0.132000000000005
2018-11-01,claims,ICSA,DOL,2018-10-27,level,214000.0,215000.0,1000.0,naive_prior,215000.0,-1000.0
2018-11-02,empsit,PAYEMS,BLS,2018-10-01,change,250.0,149500.0,0.0,naive_prior,134.0,116.0
2018-11-02,unrate,UNRATE,BLS,2018-10-01,level,3.7,3.7,0.0,naive_prior,3.7,0.0
2018-11-08,claims,ICSA,DOL,2018-11-03,level,214000.0,214000.0,1000.0,naive_prior,214000.0,0.0
2018-11-09,ppi,PPIFIS,BLS,2018-10-01,level,117.2,116.5,0.0,naive_prior,116.5,0.7000000000000028
2018-11-14,cpi,CPIAUCSL,BLS,2018-10-01,level,252.827,251.994,0.0,naive_prior,251.994,0.8329999999999984
2018-11-14,cpi_core,CPILFESL,BLS,2018-10-01,level,258.939,258.441,0.0,naive_prior,258.441,0.4980000000000473
2018-11-15,claims,ICSA,DOL,2018-11-10,level,216000.0,214000.0,0.0,naive_prior,214000.0,2000.0
2018-11-15,retail,RSAFS,Census,2018-10-01,level,511488.0,509041.0,-1435.0,naive_prior,509041.0,2447.0
2018-11-21,claims,ICSA,DOL,2018-11-17,level,224000.0,216000.0,5000.0,naive_prior,216000.0,8000.0
2018-11-29,claims,ICSA,DOL,2018-11-24,level,234000.0,224000.0,0.0,naive_prior,224000.0,10000.0
2018-11-29,pce,PCEPI,BEA,2018-10-01,level,108.772,108.602,-0.02600000000001046,naive_prior,108.602,0.1700000000000017
2018-12-06,claims,ICSA,DOL,2018-12-01,level,231000.0,234000.0,1000.0,naive_prior,234000.0,-3000.0
2018-12-07,empsit,PAYEMS,BLS,2018-11-01,change,155.0,149750.0,-12.0,naive_prior,250.0,-95.0
2018-12-07,unrate,UNRATE,BLS,2018-11-01,level,3.7,3.7,0.0,naive_prior,3.7,0.0
2018-12-11,ppi,PPIFIS,BLS,2018-11-01,level,117.3,117.2,0.0,naive_prior,117.2,0.09999999999999432
2018-12-12,cpi,CPIAUCSL,BLS,2018-11-01,level,252.876,252.827,0.0,naive_prior,252.827,0.049000000000006594
2018-12-12,cpi_core,CPILFESL,BLS,2018-11-01,level,259.481,258.939,0.0,naive_prior,258.939,0.5419999999999732
2018-12-13,claims,ICSA,DOL,2018-12-08,level,206000.0,231000.0,2000.0,naive_prior,231000.0,-25000.0
2018-12-14,retail,RSAFS,Census,2018-11-01,level,513531.0,511488.0,868.0,naive_prior,511488.0,2043.0
2018-12-20,claims,ICSA,DOL,2018-12-15,level,214000.0,206000.0,0.0,naive_prior,206000.0,8000.0
2018-12-21,pce,PCEPI,BEA,2018-11-01,level,108.871,108.772,0.0379999999999967,naive_prior,108.772,0.09899999999998954
2018-12-27,claims,ICSA,DOL,2018-12-22,level,216000.0,214000.0,3000.0,naive_prior,214000.0,2000.0
2019-01-03,claims,ICSA,DOL,2018-12-29,level,231000.0,216000.0,5000.0,naive_prior,216000.0,15000.0
2019-01-04,empsit,PAYEMS,BLS,2018-12-01,change,312.0,149893.0,58.0,naive_prior,155.0,157.0
2019-01-04,unrate,UNRATE,BLS,2018-12-01,level,3.9,3.7,0.0,naive_prior,3.7,0.19999999999999973
2019-01-10,claims,ICSA,DOL,2019-01-05,level,216000.0,231000.0,2000.0,naive_prior,231000.0,-15000.0
2019-01-11,cpi,CPIAUCSL,BLS,2018-12-01,level,252.733,252.876,0.0,naive_prior,252.876,-0.14300000000000068
2019-01-11,cpi_core,CPILFESL,BLS,2018-12-01,level,260.027,259.481,0.0,naive_prior,259.481,0.5459999999999923
2019-01-15,ppi,PPIFIS,BLS,2018-12-01,level,117.1,117.3,0.0,naive_prior,117.3,-0.20000000000000284
2019-01-17,claims,ICSA,DOL,2019-01-12,level,213000.0,216000.0,0.0,naive_prior,216000.0,-3000.0
2019-01-24,claims,ICSA,DOL,2019-01-19,level,199000.0,213000.0,-1000.0,naive_prior,213000.0,-14000.0
2019-01-31,claims,ICSA,DOL,2019-01-26,level,253000.0,199000.0,1000.0,naive_prior,199000.0,54000.0
2019-02-01,empsit,PAYEMS,BLS,2019-01-01,change,304.0,150263.0,7.0,naive_prior,312.0,-8.0
2019-02-01,unrate,UNRATE,BLS,2019-01-01,level,4.0,3.9,0.0,naive_prior,3.9,0.10000000000000009
2019-02-07,claims,ICSA,DOL,2019-02-02,level,234000.0,253000.0,0.0,naive_prior,253000.0,-19000.0
2019-02-13,cpi,CPIAUCSL,BLS,2019-01-01,level,252.673,252.733,-0.009999999999990905,naive_prior,252.733,-0.060000000000002274
2019-02-13,cpi_core,CPILFESL,BLS,2019-01-01,level,260.701,260.027,0.05099999999998772,naive_prior,260.027,0.674000000000035
2019-02-14,claims,ICSA,DOL,2019-02-09,level,239000.0,234000.0,1000.0,naive_prior,234000.0,5000.0
2019-02-14,ppi,PPIFIS,BLS,2019-01-01,level,117.1,117.1,0.10000000000000853,naive_prior,117.1,0.0
2019-02-14,retail,RSAFS,Census,2018-12-01,level,505826.0,513531.0,-1331.0,naive_prior,513531.0,-7705.0
2019-02-21,claims,ICSA,DOL,2019-02-16,level,216000.0,239000.0,0.0,naive_prior,239000.0,-23000.0
2019-02-28,claims,ICSA,DOL,2019-02-23,level,225000.0,216000.0,1000.0,naive_prior,216000.0,9000.0
2019-02-28,gdp,GDP,BEA,2018-10-01,level,20891.367,20659.029,-0.8249999999970896,naive_prior,20659.029,232.33799999999974
2019-03-01,pce,PCEPI,BEA,2018-12-01,level,108.929,108.871,-0.0049999999999954525,naive_prior,108.871,0.058000000000006935
2019-03-07,claims,ICSA,DOL,2019-03-02,level,223000.0,225000.0,1000.0,naive_prior,225000.0,-2000.0
2019-03-08,empsit,PAYEMS,BLS,2019-02-01,change,20.0,150574.0,12.0,naive_prior,304.0,-284.0
2019-03-08,unrate,UNRATE,BLS,2019-02-01,level,3.8,4.0,0.0,naive_prior,4.0,-0.20000000000000018
2019-03-11,retail,RSAFS,Census,2019-01-01,level,504440.0,505826.0,-2446.0,naive_prior,505826.0,-1386.0
2019-03-12,cpi,CPIAUCSL,BLS,2019-02-01,level,253.113,252.673,0.0,naive_prior,252.673,0.4399999999999977
2019-03-12,cpi_core,CPILFESL,BLS,2019-02-01,level,260.989,260.701,0.0,naive_prior,260.701,0.28799999999995407
2019-03-13,ppi,PPIFIS,BLS,2019-02-01,level,117.2,117.1,0.0,naive_prior,117.1,0.10000000000000853
2019-03-14,claims,ICSA,DOL,2019-03-09,level,229000.0,223000.0,0.0,naive_prior,223000.0,6000.0
2019-03-21,claims,ICSA,DOL,2019-03-16,level,221000.0,229000.0,1000.0,naive_prior,229000.0,-8000.0
2019-03-28,claims,ICSA,DOL,2019-03-23,level,211000.0,221000.0,-5000.0,naive_prior,221000.0,-10000.0
2019-03-29,pce,PCEPI,BEA,2019-01-01,level,108.873,108.929,0.009000000000000341,naive_prior,108.929,-0.055999999999997385
2019-04-01,retail,RSAFS,Census,2019-02-01,level,505969.0,504440.0,2537.0,naive_prior,504440.0,1529.0
2019-04-04,claims,ICSA,DOL,2019-03-30,level,202000.0,211000.0,1000.0,naive_prior,211000.0,-9000.0
2019-04-05,empsit,PAYEMS,BLS,2019-03-01,change,196.0,150606.0,14.0,naive_prior,20.0,176.0
2019-04-05,unrate,UNRATE,BLS,2019-03-01,level,3.8,3.8,0.0,naive_prior,3.8,0.0
2019-04-10,cpi,CPIAUCSL,BLS,2019-03-01,level,254.148,253.113,0.0,naive_prior,253.113,1.0349999999999966
2019-04-10,cpi_core,CPILFESL,BLS,2019-03-01,level,261.374,260.989,0.0,naive_prior,260.989,0.38500000000004775
2019-04-11,claims,ICSA,DOL,2019-04-06,level,196000.0,202000.0,2000.0,naive_prior,202000.0,-6000.0
2019-04-11,ppi,PPIFIS,BLS,2019-03-01,level,117.9,117.2,0.0,naive_prior,117.2,0.7000000000000028
2019-04-18,claims,ICSA,DOL,2019-04-13,level,192000.0,196000.0,1000.0,naive_prior,196000.0,-4000.0
2019-04-18,retail,RSAFS,Census,2019-03-01,level,514062.0,505969.0,155.0,naive_prior,505969.0,8093.0
2019-04-25,claims,ICSA,DOL,2019-04-20,level,230000.0,192000.0,1000.0,naive_prior,192000.0,38000.0
2019-04-26,gdp,GDP,BEA,2019-01-01,level,21062.691,20891.367,-26.226999999998952,naive_prior,20891.367,171.32400000000052
2019-04-29,pce,PCEPI,BEA,2019-02-01,level,109.0,108.873,0.013999999999995794,naive_prior,108.873,0.12699999999999534
2019-04-29,pce,PCEPI,BEA,2019-03-01,level,109.215,109.0,0.0,naive_prior,109.0,0.2150000000000034
2019-05-02,claims,ICSA,DOL,2019-04-27,level,230000.0,230000.0,0.0,naive_prior,230000.0,0.0
2019-05-03,empsit,PAYEMS,BLS,2019-04-01,change,263.0,150816.0,16.0,naive_prior,196.0,67.0
2019-05-03,unrate,UNRATE,BLS,2019-04-01,level,3.6,3.8,0.0,naive_prior,3.8,-0.19999999999999973
2019-05-09,claims,ICSA,DOL,2019-05-04,level,228000.0,230000.0,0.0,naive_prior,230000.0,-2000.0
2019-05-09,ppi,PPIFIS,BLS,2019-04-01,level,118.1,117.9,0.0,naive_prior,117.9,0.19999999999998863
2019-05-10,cpi,CPIAUCSL,BLS,2019-04-01,level,254.958,254.148,0.0,naive_prior,254.148,0.8100000000000023
2019-05-10,cpi_core,CPILFESL,BLS,2019-04-01,level,261.735,261.374,0.0,naive_prior,261.374,0.36099999999999
2019-05-15,retail,RSAFS,Census,2019-04-01,level,513356.0,514062.0,267.0,naive_prior,514062.0,-706.0
2019-05-16,claims,ICSA,DOL,2019-05-11,level,212000.0,228000.0,0.0,naive_prior,228000.0,-16000.0
2019-05-23,claims,ICSA,DOL,2019-05-18,level,211000.0,212000.0,0.0,naive_prior,212000.0,-1000.0
2019-05-30,claims,ICSA,DOL,2019-05-25,level,215000.0,211000.0,1000.0,naive_prior,211000.0,4000.0
2019-05-31,pce,PCEPI,BEA,2019-04-01,level,109.496,109.215,-0.060000000000002274,naive_prior,109.215,0.2809999999999917
2019-06-06,claims,ICSA,DOL,2019-06-01,level,218000.0,215000.0,3000.0,naive_prior,215000.0,3000.0
2019-06-07,empsit,PAYEMS,BLS,2019-05-01,change,75.0,151095.0,-75.0,naive_prior,263.0,-188.0
2019-06-07,unrate,UNRATE,BLS,2019-05-01,level,3.6,3.6,0.0,naive_prior,3.6,0.0
2019-06-11,ppi,PPIFIS,BLS,2019-05-01,level,118.2,118.1,0.0,naive_prior,118.1,0.10000000000000853
2019-06-12,cpi,CPIAUCSL,BLS,2019-05-01,level,255.155,254.958,0.0,naive_prior,254.958,0.19700000000000273
2019-06-12,cpi_core,CPILFESL,BLS,2019-05-01,level,262.032,261.735,0.0,naive_prior,261.735,0.2969999999999686
2019-06-13,claims,ICSA,DOL,2019-06-08,level,222000.0,218000.0,1000.0,naive_prior,218000.0,4000.0
2019-06-14,retail,RSAFS,Census,2019-05-01,level,519020.0,513356.0,2838.0,naive_prior,513356.0,5664.0
2019-06-20,claims,ICSA,DOL,2019-06-15,level,216000.0,222000.0,0.0,naive_prior,222000.0,-6000.0
2019-06-27,claims,ICSA,DOL,2019-06-22,level,227000.0,216000.0,1000.0,naive_prior,216000.0,11000.0
2019-06-28,pce,PCEPI,BEA,2019-05-01,level,109.726,109.496,0.05000000000001137,naive_prior,109.496,0.23000000000000398
2019-07-03,claims,ICSA,DOL,2019-06-29,level,221000.0,227000.0,2000.0,naive_prior,227000.0,-6000.0
2019-07-05,empsit,PAYEMS,BLS,2019-06-01,change,224.0,151095.0,-11.0,naive_prior,75.0,149.0
2019-07-05,unrate,UNRATE,BLS,2019-06-01,level,3.7,3.6,0.0,naive_prior,3.6,0.10000000000000009
2019-07-11,claims,ICSA,DOL,2019-07-06,level,209000.0,221000.0,1000.0,naive_prior,221000.0,-12000.0
2019-07-11,cpi,CPIAUCSL,BLS,2019-06-01,level,255.305,255.155,0.0,naive_prior,255.155,0.15000000000000568
2019-07-11,cpi_core,CPILFESL,BLS,2019-06-01,level,262.803,262.032,0.0,naive_prior,262.032,0.771000000000015
2019-07-12,ppi,PPIFIS,BLS,2019-06-01,level,118.3,118.2,0.0,naive_prior,118.2,0.09999999999999432
2019-07-16,retail,RSAFS,Census,2019-06-01,level,519885.0,519020.0,-1338.0,naive_prior,519020.0,865.0
2019-07-18,claims,ICSA,DOL,2019-07-13,level,216000.0,209000.0,-1000.0,naive_prior,209000.0,7000.0
2019-07-25,claims,ICSA,DOL,2019-07-20,level,206000.0,216000.0,0.0,naive_prior,216000.0,-10000.0
2019-07-26,gdp,GDP,BEA,2019-04-01,level,21337.898,21062.691,36.13600000000224,naive_prior,21062.691,275.20700000000215
2019-07-30,pce,PCEPI,BEA,2019-06-01,level,109.646,109.726,-0.2120000000000033,naive_prior,109.726,-0.0799999999999983
2019-08-01,claims,ICSA,DOL,2019-07-27,level,215000.0,206000.0,1000.0,naive_prior,206000.0,9000.0
2019-08-02,empsit,PAYEMS,BLS,2019-07-01,change,164.0,151308.0,-41.0,naive_prior,224.0,-60.0
2019-08-02,unrate,UNRATE,BLS,2019-07-01,level,3.7,3.7,0.0,naive_prior,3.7,0.0
2019-08-08,claims,ICSA,DOL,2019-08-03,level,209000.0,215000.0,2000.0,naive_prior,215000.0,-6000.0
2019-08-09,ppi,PPIFIS,BLS,2019-07-01,level,118.5,118.3,0.0,naive_prior,118.3,0.20000000000000284
2019-08-13,cpi,CPIAUCSL,BLS,2019-07-01,level,256.161,255.305,0.0,naive_prior,255.305,0.8559999999999945
2019-08-13,cpi_core,CPILFESL,BLS,2019-07-01,level,263.569,262.803,0.0,naive_prior,262.803,0.7660000000000196
2019-08-15,claims,ICSA,DOL,2019-08-10,level,220000.0,209000.0,2000.0,naive_prior,209000.0,11000.0
2019-08-15,retail,RSAFS,Census,2019-07-01,level,523514.0,519885.0,-25.0,naive_prior,519885.0,3629.0
2019-08-22,claims,ICSA,DOL,2019-08-17,level,209000.0,220000.0,1000.0,naive_prior,220000.0,-11000.0
2019-08-29,claims,ICSA,DOL,2019-08-24,level,215000.0,209000.0,2000.0,naive_prior,209000.0,6000.0
2019-08-30,pce,PCEPI,BEA,2019-07-01,level,109.848,109.646,-0.028000000000005798,naive_prior,109.646,0.20199999999999818
2019-09-05,claims,ICSA,DOL,2019-08-31,level,217000.0,215000.0,1000.0,naive_prior,215000.0,2000.0
2019-09-06,empsit,PAYEMS,BLS,2019-08-01,change,130.0,151431.0,-20.0,naive_prior,164.0,-34.0
2019-09-06,unrate,UNRATE,BLS,2019-08-01,level,3.7,3.7,0.0,naive_prior,3.7,0.0
2019-09-11,ppi,PPIFIS,BLS,2019-08-01,level,118.6,118.5,0.0,naive_prior,118.5,0.09999999999999432
2019-09-12,claims,ICSA,DOL,2019-09-07,level,204000.0,217000.0,2000.0,naive_prior,217000.0,-13000.0
2019-09-12,cpi,CPIAUCSL,BLS,2019-08-01,level,256.3,256.161,0.0,naive_prior,256.161,0.13900000000001
2019-09-12,cpi_core,CPILFESL,BLS,2019-08-01,level,264.245,263.569,0.0,naive_prior,263.569,0.6759999999999877
2019-09-13,retail,RSAFS,Census,2019-08-01,level,526057.0,523514.0,651.0,naive_prior,523514.0,2543.0
2019-09-19,claims,ICSA,DOL,2019-09-14,level,208000.0,204000.0,2000.0,naive_prior,204000.0,4000.0
2019-09-26,claims,ICSA,DOL,2019-09-21,level,213000.0,208000.0,2000.0,naive_prior,208000.0,5000.0
2019-09-27,pce,PCEPI,BEA,2019-08-01,level,109.95,109.848,0.0660000000000025,naive_prior,109.848,0.10200000000000387
2019-10-03,claims,ICSA,DOL,2019-09-28,level,219000.0,213000.0,2000.0,naive_prior,213000.0,6000.0
2019-10-04,empsit,PAYEMS,BLS,2019-09-01,change,136.0,151541.0,45.0,naive_prior,130.0,6.0
2019-10-04,unrate,UNRATE,BLS,2019-09-01,level,3.5,3.7,0.0,naive_prior,3.7,-0.20000000000000018
2019-10-08,ppi,PPIFIS,BLS,2019-09-01,level,118.2,118.6,0.0,naive_prior,118.6,-0.3999999999999915
2019-10-10,claims,ICSA,DOL,2019-10-05,level,210000.0,219000.0,1000.0,naive_prior,219000.0,-9000.0
2019-10-10,cpi,CPIAUCSL,BLS,2019-09-01,level,256.358,256.3,0.0,naive_prior,256.3,0.057999999999992724
2019-10-10,cpi_core,CPILFESL,BLS,2019-09-01,level,264.595,264.245,0.0,naive_prior,264.245,0.35000000000002274
2019-10-16,retail,RSAFS,Census,2019-09-01,level,525560.0,526057.0,832.0,naive_prior,526057.0,-497.0
2019-10-17,claims,ICSA,DOL,2019-10-12,level,214000.0,210000.0,0.0,naive_prior,210000.0,4000.0
2019-10-24,claims,ICSA,DOL,2019-10-19,level,212000.0,214000.0,4000.0,naive_prior,214000.0,-2000.0
2019-10-30,gdp,GDP,BEA,2019-07-01,level,21525.819,21337.898,2.3689999999987776,naive_prior,21337.898,187.92099999999846
2019-10-31,claims,ICSA,DOL,2019-10-26,level,218000.0,212000.0,1000.0,naive_prior,212000.0,6000.0
2019-10-31,pce,PCEPI,BEA,2019-09-01,level,109.943,109.95,-0.0010000000000047748,naive_prior,109.95,-0.007000000000005002
2019-11-01,empsit,PAYEMS,BLS,2019-10-01,change,128.0,151722.0,95.0,naive_prior,136.0,-8.0
2019-11-01,unrate,UNRATE,BLS,2019-10-01,level,3.6,3.5,0.0,naive_prior,3.5,0.10000000000000009
2019-11-07,claims,ICSA,DOL,2019-11-02,level,211000.0,218000.0,1000.0,naive_prior,218000.0,-7000.0
2019-11-13,cpi,CPIAUCSL,BLS,2019-10-01,level,257.271,256.358,0.0,naive_prior,256.358,0.9130000000000109
2019-11-13,cpi_core,CPILFESL,BLS,2019-10-01,level,265.011,264.595,0.0,naive_prior,264.595,0.4159999999999968
2019-11-14,claims,ICSA,DOL,2019-11-09,level,225000.0,211000.0,0.0,naive_prior,211000.0,14000.0
2019-11-14,ppi,PPIFIS,BLS,2019-10-01,level,118.7,118.2,0.0,naive_prior,118.2,0.5
2019-11-15,retail,RSAFS,Census,2019-10-01,level,526540.0,525560.0,-403.0,naive_prior,525560.0,980.0
2019-11-21,claims,ICSA,DOL,2019-11-16,level,227000.0,225000.0,2000.0,naive_prior,225000.0,2000.0
2019-11-27,claims,ICSA,DOL,2019-11-23,level,213000.0,227000.0,1000.0,naive_prior,227000.0,-14000.0
2019-11-27,pce,PCEPI,BEA,2019-10-01,level,110.133,109.943,-0.015000000000000568,naive_prior,109.943,0.18999999999999773
2019-12-05,claims,ICSA,DOL,2019-11-30,level,203000.0,213000.0,0.0,naive_prior,213000.0,-10000.0
2019-12-06,empsit,PAYEMS,BLS,2019-11-01,change,266.0,151945.0,41.0,naive_prior,128.0,138.0
2019-12-06,unrate,UNRATE,BLS,2019-11-01,level,3.5,3.6,0.0,naive_prior,3.6,-0.10000000000000009
2019-12-11,cpi,CPIAUCSL,BLS,2019-11-01,level,257.936,257.271,0.0,naive_prior,257.271,0.6649999999999636
2019-12-11,cpi_core,CPILFESL,BLS,2019-11-01,level,265.62,265.011,0.0,naive_prior,265.011,0.6089999999999804
2019-12-12,claims,ICSA,DOL,2019-12-07,level,252000.0,203000.0,0.0,naive_prior,203000.0,49000.0
2019-12-12,ppi,PPIFIS,BLS,2019-11-01,level,118.7,118.7,0.0,naive_prior,118.7,0.0
2019-12-13,retail,RSAFS,Census,2019-11-01,level,527994.0,526540.0,451.0,naive_prior,526540.0,1454.0
2019-12-19,claims,ICSA,DOL,2019-12-14,level,234000.0,252000.0,0.0,naive_prior,252000.0,-18000.0
2019-12-20,pce,PCEPI,BEA,2019-11-01,level,110.373,110.133,0.06700000000000728,naive_prior,110.133,0.2400000000000091
2019-12-26,claims,ICSA,DOL,2019-12-21,level,222000.0,234000.0,1000.0,naive_prior,234000.0,-12000.0
2020-01-02,claims,ICSA,DOL,2019-12-28,level,222000.0,222000.0,2000.0,naive_prior,222000.0,0.0
2020-01-09,claims,ICSA,DOL,2020-01-04,level,214000.0,222000.0,1000.0,naive_prior,222000.0,-8000.0
2020-01-10,empsit,PAYEMS,BLS,2019-12-01,change,145.0,152252.0,-14.0,naive_prior,266.0,-121.0
2020-01-10,unrate,UNRATE,BLS,2019-12-01,level,3.5,3.5,0.0,naive_prior,3.5,0.0
2020-01-14,cpi,CPIAUCSL,BLS,2019-12-01,level,258.501,257.936,0.0,naive_prior,257.936,0.5649999999999977
2020-01-14,cpi_core,CPILFESL,BLS,2019-12-01,level,265.921,265.62,0.0,naive_prior,265.62,0.3009999999999877
2020-01-15,ppi,PPIFIS,BLS,2019-12-01,level,118.8,118.7,0.0,naive_prior,118.7,0.09999999999999432
2020-01-16,claims,ICSA,DOL,2020-01-11,level,204000.0,214000.0,0.0,naive_prior,214000.0,-10000.0
2020-01-16,retail,RSAFS,Census,2019-12-01,level,529606.0,527994.0,-153.0,naive_prior,527994.0,1612.0
2020-01-23,claims,ICSA,DOL,2020-01-18,level,211000.0,204000.0,1000.0,naive_prior,204000.0,7000.0
2020-01-30,claims,ICSA,DOL,2020-01-25,level,216000.0,211000.0,12000.0,naive_prior,211000.0,5000.0
2020-01-30,gdp,GDP,BEA,2019-10-01,level,21734.266,21525.819,16.721000000001368,naive_prior,21525.819,208.44700000000012
2020-01-31,pce,PCEPI,BEA,2019-12-01,level,110.585,110.373,-0.07900000000000773,naive_prior,110.373,0.21199999999998909
2020-02-06,claims,ICSA,DOL,2020-02-01,level,202000.0,216000.0,1000.0,naive_prior,216000.0,-14000.0
2020-02-07,empsit,PAYEMS,BLS,2020-01-01,change,225.0,152383.0,-422.0,naive_prior,145.0,80.0
2020-02-07,unrate,UNRATE,BLS,2020-01-01,level,3.6,3.5,0.0,naive_prior,3.5,0.10000000000000009
2020-02-13,claims,ICSA,DOL,2020-02-08,level,205000.0,202000.0,1000.0,naive_prior,202000.0,3000.0
2020-02-13,cpi,CPIAUCSL,BLS,2020-01-01,level,258.82,258.501,-0.05699999999995953,naive_prior,258.501,0.3190000000000168
2020-02-13,cpi_core,CPILFESL,BLS,2020-01-01,level,266.476,265.921,-0.08899999999999864,naive_prior,265.921,0.5550000000000068
2020-02-14,retail,RSAFS,Census,2020-01-01,level,529766.0,529606.0,-1239.0,naive_prior,529606.0,160.0
2020-02-19,ppi,PPIFIS,BLS,2020-01-01,level,119.4,118.8,0.0,naive_prior,118.8,0.6000000000000085
2020-02-20,claims,ICSA,DOL,2020-02-15,level,210000.0,205000.0,1000.0,naive_prior,205000.0,5000.0
2020-02-27,claims,ICSA,DOL,2020-02-22,level,219000.0,210000.0,1000.0,naive_prior,210000.0,9000.0
2020-02-28,pce,PCEPI,BEA,2020-01-01,level,110.615,110.585,-0.08399999999998897,naive_prior,110.585,0.030000000000001137
2020-03-05,claims,ICSA,DOL,2020-02-29,level,216000.0,219000.0,0.0,naive_prior,219000.0,-3000.0
2020-03-06,empsit,PAYEMS,BLS,2020-02-01,change,273.0,152186.0,85.0,naive_prior,225.0,48.0
2020-03-06,unrate,UNRATE,BLS,2020-02-01,level,3.5,3.6,0.0,naive_prior,3.6,-0.10000000000000009
2020-03-11,cpi,CPIAUCSL,BLS,2020-02-01,level,259.05,258.82,0.0,naive_prior,258.82,0.2300000000000182
2020-03-11,cpi_core,CPILFESL,BLS,2020-02-01,level,267.07,266.476,0.0,naive_prior,266.476,0.5939999999999941
2020-03-12,claims,ICSA,DOL,2020-03-07,level,211000.0,216000.0,-1000.0,naive_prior,216000.0,-5000.0
2020-03-12,ppi,PPIFIS,BLS,2020-02-01,level,118.7,119.4,0.0,naive_prior,119.4,-0.7000000000000028
2020-03-17,retail,RSAFS,Census,2020-02-01,level,528113.0,529766.0,1164.0,naive_prior,529766.0,-1653.0
2020-03-19,claims,ICSA,DOL,2020-03-14,level,281000.0,211000.0,0.0,naive_prior,211000.0,70000.0
2020-03-26,claims,ICSA,DOL,2020-03-21,level,3283000.0,281000.0,1000.0,naive_prior,281000.0,3002000.0
2020-03-27,pce,PCEPI,BEA,2020-02-01,level,110.784,110.615,0.07000000000000739,naive_prior,110.615,0.16900000000001114
2020-04-02,claims,ICSA,DOL,2020-03-28,level,6648000.0,3283000.0,24000.0,naive_prior,3283000.0,3365000.0
2020-04-03,empsit,PAYEMS,BLS,2020-03-01,change,-701.0,152544.0,-57.0,naive_prior,273.0,-974.0
2020-04-03,unrate,UNRATE,BLS,2020-03-01,level,4.4,3.5,0.0,naive_prior,3.5,0.9000000000000004
2020-04-09,claims,ICSA,DOL,2020-04-04,level,6606000.0,6648000.0,219000.0,naive_prior,6648000.0,-42000.0
2020-04-09,ppi,PPIFIS,BLS,2020-03-01,level,118.5,118.7,0.0,naive_prior,118.7,-0.20000000000000284
2020-04-10,cpi,CPIAUCSL,BLS,2020-03-01,level,257.953,259.05,0.0,naive_prior,259.05,-1.0970000000000368
2020-04-10,cpi_core,CPILFESL,BLS,2020-03-01,level,266.795,267.07,0.0,naive_prior,267.07,-0.27499999999997726
2020-04-15,retail,RSAFS,Census,2020-03-01,level,483066.0,528113.0,1149.0,naive_prior,528113.0,-45047.0
2020-04-16,claims,ICSA,DOL,2020-04-11,level,5245000.0,6606000.0,9000.0,naive_prior,6606000.0,-1361000.0
2020-04-23,claims,ICSA,DOL,2020-04-18,level,4427000.0,5245000.0,-8000.0,naive_prior,5245000.0,-818000.0
2020-04-29,gdp,GDP,BEA,2020-01-01,level,21537.94,21734.266,-5.141999999999825,naive_prior,21734.266,-196.32600000000093
2020-04-30,claims,ICSA,DOL,2020-04-25,level,3839000.0,4427000.0,15000.0,naive_prior,4427000.0,-588000.0
2020-04-30,pce,PCEPI,BEA,2020-03-01,level,110.503,110.784,0.015999999999991132,naive_prior,110.784,-0.2810000000000059
2020-05-07,claims,ICSA,DOL,2020-05-02,level,3169000.0,3839000.0,7000.0,naive_prior,3839000.0,-670000.0
2020-05-08,empsit,PAYEMS,BLS,2020-04-01,change,-20500.0,151786.0,-214.0,naive_prior,-701.0,-19799.0
2020-05-08,unrate,UNRATE,BLS,2020-04-01,level,14.7,4.4,0.0,naive_prior,4.4,10.299999999999999
2020-05-12,cpi,CPIAUCSL,BLS,2020-04-01,level,255.902,257.953,0.0,naive_prior,257.953,-2.0509999999999877
2020-05-12,cpi_core,CPILFESL,BLS,2020-04-01,level,265.601,266.795,0.0,naive_prior,266.795,-1.1940000000000168
2020-05-13,ppi,PPIFIS,BLS,2020-04-01,level,117.0,118.5,0.0,naive_prior,118.5,-1.5
2020-05-14,claims,ICSA,DOL,2020-05-09,level,2981000.0,3169000.0,7000.0,naive_prior,3169000.0,-188000.0
2020-05-15,retail,RSAFS,Census,2020-04-01,level,403946.0,483066.0,410.0,naive_prior,483066.0,-79120.0
2020-05-21,claims,ICSA,DOL,2020-05-16,level,2438000.0,2981000.0,-294000.0,naive_prior,2981000.0,-543000.0
2020-05-28,claims,ICSA,DOL,2020-05-23,level,2123000.0,2438000.0,8000.0,naive_prior,2438000.0,-315000.0
2020-05-29,pce,PCEPI,BEA,2020-04-01,level,109.99,110.503,0.007000000000005002,naive_prior,110.503,-0.5130000000000052
2020-06-04,claims,ICSA,DOL,2020-05-30,level,1877000.0,2123000.0,3000.0,naive_prior,2123000.0,-246000.0
2020-06-05,empsit,PAYEMS,BLS,2020-05-01,change,2509.0,131072.0,-669.0,naive_prior,-20500.0,23009.0
2020-06-05,unrate,UNRATE,BLS,2020-05-01,level,13.3,14.7,0.0,naive_prior,14.7,-1.3999999999999986
2020-06-10,cpi,CPIAUCSL,BLS,2020-05-01,level,255.768,255.902,0.0,naive_prior,255.902,-0.13399999999998613
2020-06-10,cpi_core,CPILFESL,BLS,2020-05-01,level,265.441,265.601,0.0,naive_prior,265.601,-0.160000000000025
2020-06-11,claims,ICSA,DOL,2020-06-06,level,1542000.0,1877000.0,20000.0,naive_prior,1877000.0,-335000.0
2020-06-11,ppi,PPIFIS,BLS,2020-05-01,level,117.5,117.0,0.0,naive_prior,117.0,0.5
2020-06-16,retail,RSAFS,Census,2020-05-01,level,485545.0,403946.0,8630.0,naive_prior,403946.0,81599.0
2020-06-18,claims,ICSA,DOL,2020-06-13,level,1508000.0,1542000.0,24000.0,naive_prior,1542000.0,-34000.0
2020-06-25,claims,ICSA,DOL,2020-06-20,level,1480000.0,1508000.0,32000.0,naive_prior,1508000.0,-28000.0
2020-06-26,pce,PCEPI,BEA,2020-05-01,level,110.112,109.99,0.016000000000005343,naive_prior,109.99,0.12199999999999989
2020-07-02,claims,ICSA,DOL,2020-06-27,level,1427000.0,1480000.0,2000.0,naive_prior,1480000.0,-53000.0
2020-07-02,empsit,PAYEMS,BLS,2020-06-01,change,4800.0,132912.0,90.0,naive_prior,2509.0,2291.0
2020-07-02,unrate,UNRATE,BLS,2020-06-01,level,11.1,13.3,0.0,naive_prior,13.3,-2.200000000000001
2020-07-09,claims,ICSA,DOL,2020-07-04,level,1314000.0,1427000.0,-14000.0,naive_prior,1427000.0,-113000.0
2020-07-10,ppi,PPIFIS,BLS,2020-06-01,level,117.3,117.5,0.0,naive_prior,117.5,-0.20000000000000284
2020-07-14,cpi,CPIAUCSL,BLS,2020-06-01,level,257.214,255.768,0.0,naive_prior,255.768,1.445999999999998
2020-07-14,cpi_core,CPILFESL,BLS,2020-06-01,level,266.065,265.441,0.0,naive_prior,265.441,0.6240000000000236
2020-07-16,claims,ICSA,DOL,2020-07-11,level,1300000.0,1314000.0,-4000.0,naive_prior,1314000.0,-14000.0
2020-07-16,retail,RSAFS,Census,2020-06-01,level,524306.0,485545.0,2163.0,naive_prior,485545.0,38761.0
2020-07-23,claims,ICSA,DOL,2020-07-18,level,1416000.0,1300000.0,7000.0,naive_prior,1300000.0,116000.0
2020-07-30,claims,ICSA,DOL,2020-07-25,level,1434000.0,1416000.0,6000.0,naive_prior,1416000.0,18000.0
2020-07-30,gdp,GDP,BEA,2020-04-01,level,19408.759,21537.94,23.199000000000524,naive_prior,21537.94,-2129.1810000000005
2020-07-31,pce,PCEPI,BEA,2020-06-01,level,110.673,110.112,0.15200000000000102,naive_prior,110.112,0.561000000000007
2020-08-06,claims,ICSA,DOL,2020-08-01,level,1186000.0,1434000.0,1000.0,naive_prior,1434000.0,-248000.0
2020-08-07,empsit,PAYEMS,BLS,2020-07-01,change,1763.0,137802.0,17.0,naive_prior,4800.0,-3037.0
2020-08-07,unrate,UNRATE,BLS,2020-07-01,level,10.2,11.1,0.0,naive_prior,11.1,-0.9000000000000004
2020-08-11,ppi,PPIFIS,BLS,2020-07-01,level,118.0,117.3,0.0,naive_prior,117.3,0.7000000000000028
2020-08-12,cpi,CPIAUCSL,BLS,2020-07-01,level,258.723,257.214,0.0,naive_prior,257.214,1.5090000000000146
2020-08-12,cpi_core,CPILFESL,BLS,2020-07-01,level,267.715,266.065,0.0,naive_prior,266.065,1.6499999999999773
2020-08-13,claims,ICSA,DOL,2020-08-08,level,963000.0,1186000.0,5000.0,naive_prior,1186000.0,-223000.0
2020-08-14,retail,RSAFS,Census,2020-07-01,level,535982.0,524306.0,5090.0,naive_prior,524306.0,11676.0
2020-08-20,claims,ICSA,DOL,2020-08-15,level,1106000.0,963000.0,8000.0,naive_prior,963000.0,143000.0
2020-08-27,claims,ICSA,DOL,2020-08-22,level,1006000.0,1106000.0,-2000.0,naive_prior,1106000.0,-100000.0
2020-08-28,pce,PCEPI,BEA,2020-07-01,level,111.146,110.673,0.117999999999995,naive_prior,110.673,0.472999999999999
2020-09-03,claims,ICSA,DOL,2020-08-29,level,881000.0,1006000.0,5000.0,naive_prior,1006000.0,-125000.0
2020-09-04,empsit,PAYEMS,BLS,2020-08-01,change,1371.0,139582.0,-39.0,naive_prior,1763.0,-392.0
2020-09-04,unrate,UNRATE,BLS,2020-08-01,level,8.4,10.2,0.0,naive_prior,10.2,-1.799999999999999
2020-09-10,claims,ICSA,DOL,2020-09-05,level,884000.0,881000.0,3000.0,naive_prior,881000.0,3000.0
2020-09-10,ppi,PPIFIS,BLS,2020-08-01,level,118.4,118.0,0.0,naive_prior,118.0,0.4000000000000057
2020-09-11,cpi,CPIAUCSL,BLS,2020-08-01,level,259.681,258.723,0.0,naive_prior,258.723,0.95799999999997
2020-09-11,cpi_core,CPILFESL,BLS,2020-08-01,level,268.747,267.715,0.0,naive_prior,267.715,1.032000000000039
2020-09-16,retail,RSAFS,Census,2020-08-01,level,537526.0,535982.0,-1424.0,naive_prior,535982.0,1544.0
2020-09-17,claims,ICSA,DOL,2020-09-12,level,860000.0,884000.0,9000.0,naive_prior,884000.0,-24000.0
2020-09-24,claims,ICSA,DOL,2020-09-19,level,870000.0,860000.0,6000.0,naive_prior,860000.0,10000.0
2020-10-01,claims,ICSA,DOL,2020-09-26,level,837000.0,870000.0,3000.0,naive_prior,870000.0,-33000.0
2020-10-01,pce,PCEPI,BEA,2020-08-01,level,111.639,111.146,0.14100000000000534,naive_prior,111.146,0.492999999999995
2020-10-02,empsit,PAYEMS,BLS,2020-09-01,change,661.0,140914.0,145.0,naive_prior,1371.0,-710.0
2020-10-02,unrate,UNRATE,BLS,2020-09-01,level,7.9,8.4,0.0,naive_prior,8.4,-0.5
2020-10-08,claims,ICSA,DOL,2020-10-03,level,840000.0,837000.0,12000.0,naive_prior,837000.0,3000.0
2020-10-13,cpi,CPIAUCSL,BLS,2020-09-01,level,260.209,259.681,0.0,naive_prior,259.681,0.52800000000002
2020-10-13,cpi_core,CPILFESL,BLS,2020-09-01,level,269.264,268.747,0.0,naive_prior,268.747,0.5169999999999959
2020-10-14,ppi,PPIFIS,BLS,2020-09-01,level,118.9,118.4,0.0,naive_prior,118.4,0.5
2020-10-15,claims,ICSA,DOL,2020-10-10,level,898000.0,840000.0,5000.0,naive_prior,840000.0,58000.0
2020-10-16,retail,RSAFS,Census,2020-09-01,level,549256.0,537526.0,1453.0,naive_prior,537526.0,11730.0
2020-10-22,claims,ICSA,DOL,2020-10-17,level,787000.0,898000.0,-56000.0,naive_prior,898000.0,-111000.0
2020-10-29,claims,ICSA,DOL,2020-10-24,level,751000.0,787000.0,4000.0,naive_prior,787000.0,-36000.0
2020-10-29,gdp,GDP,BEA,2020-07-01,level,21157.635,19408.759,111.3550000000032,naive_prior,19408.759,1748.8760000000002
2020-10-30,pce,PCEPI,BEA,2020-09-01,level,111.679,111.639,-0.14000000000000057,naive_prior,111.639,0.04000000000000625
2020-11-05,claims,ICSA,DOL,2020-10-31,level,751000.0,751000.0,7000.0,naive_prior,751000.0,0.0
2020-11-06,empsit,PAYEMS,BLS,2020-10-01,change,638.0,141720.0,15.0,naive_prior,661.0,-23.0
2020-11-06,unrate,UNRATE,BLS,2020-10-01,level,6.9,7.9,0.0,naive_prior,7.9,-1.0
2020-11-12,claims,ICSA,DOL,2020-11-07,level,709000.0,751000.0,6000.0,naive_prior,751000.0,-42000.0
2020-11-12,cpi,CPIAUCSL,BLS,2020-10-01,level,260.325,260.209,0.0,naive_prior,260.209,0.11599999999998545
2020-11-12,cpi_core,CPILFESL,BLS,2020-10-01,level,269.296,269.264,0.0,naive_prior,269.264,0.031999999999982265
2020-11-13,ppi,PPIFIS,BLS,2020-10-01,level,119.3,118.9,0.0,naive_prior,118.9,0.3999999999999915
2020-11-17,retail,RSAFS,Census,2020-10-01,level,553329.0,549256.0,2678.0,naive_prior,549256.0,4073.0
2020-11-19,claims,ICSA,DOL,2020-11-14,level,742000.0,709000.0,2000.0,naive_prior,709000.0,33000.0
2020-11-25,claims,ICSA,DOL,2020-11-21,level,778000.0,742000.0,6000.0,naive_prior,742000.0,36000.0
2020-11-25,pce,PCEPI,BEA,2020-10-01,level,111.684,111.679,0.0049999999999954525,naive_prior,111.679,0.0049999999999954525
2020-12-03,claims,ICSA,DOL,2020-11-28,level,712000.0,778000.0,9000.0,naive_prior,778000.0,-66000.0
2020-12-04,empsit,PAYEMS,BLS,2020-11-01,change,245.0,142373.0,11.0,naive_prior,638.0,-393.0
2020-12-04,unrate,UNRATE,BLS,2020-11-01,level,6.7,6.9,0.0,naive_prior,6.9,-0.20000000000000018
2020-12-10,claims,ICSA,DOL,2020-12-05,level,853000.0,712000.0,4000.0,naive_prior,712000.0,141000.0
2020-12-10,cpi,CPIAUCSL,BLS,2020-11-01,level,260.817,260.325,0.0,naive_prior,260.325,0.49200000000001864
2020-12-10,cpi_core,CPILFESL,BLS,2020-11-01,level,269.887,269.296,0.0,naive_prior,269.296,0.5910000000000082
2020-12-11,ppi,PPIFIS,BLS,2020-11-01,level,119.4,119.3,0.0,naive_prior,119.3,0.10000000000000853
2020-12-16,retail,RSAFS,Census,2020-11-01,level,546504.0,553329.0,-845.0,naive_prior,553329.0,-6825.0
2020-12-17,claims,ICSA,DOL,2020-12-12,level,885000.0,853000.0,9000.0,naive_prior,853000.0,32000.0
2020-12-23,claims,ICSA,DOL,2020-12-19,level,803000.0,885000.0,7000.0,naive_prior,885000.0,-82000.0
2020-12-23,pce,PCEPI,BEA,2020-11-01,level,111.704,111.684,0.0040000000000048885,naive_prior,111.684,0.01999999999999602
2020-12-31,claims,ICSA,DOL,2020-12-26,level,787000.0,803000.0,3000.0,naive_prior,803000.0,-16000.0
2021-01-07,claims,ICSA,DOL,2021-01-02,level,787000.0,787000.0,3000.0,naive_prior,787000.0,0.0
2021-01-08,empsit,PAYEMS,BLS,2020-12-01,change,-140.0,142629.0,135.0,naive_prior,245.0,-385.0
2021-01-08,unrate,UNRATE,BLS,2020-12-01,level,6.7,6.7,0.0,naive_prior,6.7,0.0
2021-01-13,cpi,CPIAUCSL,BLS,2020-12-01,level,261.775,260.817,0.0,naive_prior,260.817,0.95799999999997
2021-01-13,cpi_core,CPILFESL,BLS,2020-12-01,level,270.117,269.887,0.0,naive_prior,269.887,0.2300000000000182
2021-01-14,claims,ICSA,DOL,2021-01-09,level,965000.0,787000.0,-3000.0,naive_prior,787000.0,178000.0
2021-01-15,ppi,PPIFIS,BLS,2020-12-01,level,119.8,119.4,0.0,naive_prior,119.4,0.3999999999999915
2021-01-15,retail,RSAFS,Census,2020-12-01,level,540915.0,546504.0,-1863.0,naive_prior,546504.0,-5589.0
2021-01-21,claims,ICSA,DOL,2021-01-16,level,900000.0,965000.0,-39000.0,naive_prior,965000.0,-65000.0
2021-01-28,claims,ICSA,DOL,2021-01-23,level,847000.0,900000.0,14000.0,naive_prior,900000.0,-53000.0
2021-01-28,gdp,GDP,BEA,2020-10-01,level,21479.529,21157.635,12.617000000002008,naive_prior,21157.635,321.89400000000023
2021-01-29,pce,PCEPI,BEA,2020-12-01,level,112.169,111.704,-0.009999999999990905,naive_prior,111.704,0.4650000000000034
2021-02-04,claims,ICSA,DOL,2021-01-30,level,779000.0,847000.0,-35000.0,naive_prior,847000.0,-68000.0
2021-02-05,empsit,PAYEMS,BLS,2021-01-01,change,49.0,142624.0,-42.0,naive_prior,-140.0,189.0
2021-02-05,unrate,UNRATE,BLS,2021-01-01,level,6.3,6.7,0.0,naive_prior,6.7,-0.40000000000000036
2021-02-10,cpi,CPIAUCSL,BLS,2021-01-01,level,262.231,261.775,-0.214999999999975,naive_prior,261.775,0.4560000000000173
2021-02-10,cpi_core,CPILFESL,BLS,2021-01-01,level,270.025,270.117,-0.17700000000002092,naive_prior,270.117,-0.09200000000004138
2021-02-11,claims,ICSA,DOL,2021-02-06,level,793000.0,779000.0,33000.0,naive_prior,779000.0,14000.0
2021-02-17,ppi,PPIFIS,BLS,2021-01-01,level,121.3,119.8,-0.09999999999999432,naive_prior,119.8,1.5
2021-02-17,retail,RSAFS,Census,2021-01-01,level,568215.0,540915.0,-1245.0,naive_prior,540915.0,27300.0
2021-02-18,claims,ICSA,DOL,2021-02-13,level,861000.0,793000.0,55000.0,naive_prior,793000.0,68000.0
2021-02-25,claims,ICSA,DOL,2021-02-20,level,730000.0,861000.0,-20000.0,naive_prior,861000.0,-131000.0
2021-02-26,pce,PCEPI,BEA,2021-01-01,level,112.53,112.169,-0.01999999999999602,naive_prior,112.169,0.3610000000000042
2021-03-04,claims,ICSA,DOL,2021-02-27,level,745000.0,730000.0,6000.0,naive_prior,730000.0,15000.0
2021-03-05,empsit,PAYEMS,BLS,2021-02-01,change,379.0,142631.0,38.0,naive_prior,49.0,330.0
2021-03-05,unrate,UNRATE,BLS,2021-02-01,level,6.2,6.3,0.0,naive_prior,6.3,-0.09999999999999964
2021-03-10,cpi,CPIAUCSL,BLS,2021-02-01,level,263.161,262.231,0.0,naive_prior,262.231,0.9300000000000068
2021-03-10,cpi_core,CPILFESL,BLS,2021-02-01,level,270.299,270.025,0.0,naive_prior,270.025,0.2740000000000009
2021-03-11,claims,ICSA,DOL,2021-03-06,level,712000.0,745000.0,9000.0,naive_prior,745000.0,-33000.0
2021-03-12,ppi,PPIFIS,BLS,2021-02-01,level,121.9,121.3,0.0,naive_prior,121.3,0.6000000000000085
2021-03-16,retail,RSAFS,Census,2021-02-01,level,561685.0,568215.0,10908.0,naive_prior,568215.0,-6530.0
2021-03-18,claims,ICSA,DOL,2021-03-13,level,770000.0,712000.0,13000.0,naive_prior,712000.0,58000.0
2021-03-25,claims,ICSA,DOL,2021-03-20,level,684000.0,770000.0,11000.0,naive_prior,770000.0,-86000.0
2021-03-26,pce,PCEPI,BEA,2021-02-01,level,112.74,112.53,-0.049000000000006594,naive_prior,112.53,0.20999999999999375
2021-04-01,claims,ICSA,DOL,2021-03-27,level,719000.0,684000.0,-26000.0,naive_prior,684000.0,35000.0
2021-04-02,empsit,PAYEMS,BLS,2021-03-01,change,916.0,143048.0,156.0,naive_prior,379.0,537.0
2021-04-02,unrate,UNRATE,BLS,2021-03-01,level,6.0,6.2,0.0,naive_prior,6.2,-0.20000000000000018
2021-04-08,claims,ICSA,DOL,2021-04-03,level,744000.0,719000.0,9000.0,naive_prior,719000.0,25000.0
2021-04-09,ppi,PPIFIS,BLS,2021-03-01,level,123.1,121.9,0.0,naive_prior,121.9,1.1999999999999886
2021-04-13,cpi,CPIAUCSL,BLS,2021-03-01,level,264.793,263.161,0.0,naive_prior,263.161,1.632000000000005
2021-04-13,cpi_core,CPILFESL,BLS,2021-03-01,level,271.214,270.299,0.0,naive_prior,270.299,0.9150000000000205
2021-04-15,claims,ICSA,DOL,2021-04-10,level,576000.0,744000.0,25000.0,naive_prior,744000.0,-168000.0
2021-04-15,retail,RSAFS,Census,2021-03-01,level,619105.0,561685.0,2048.0,naive_prior,561685.0,57420.0
2021-04-22,claims,ICSA,DOL,2021-04-17,level,547000.0,576000.0,10000.0,naive_prior,576000.0,-29000.0
2021-04-29,claims,ICSA,DOL,2021-04-24,level,553000.0,547000.0,19000.0,naive_prior,547000.0,6000.0
2021-04-29,gdp,GDP,BEA,2021-01-01,level,22048.894,21479.529,15.202000000001135,naive_prior,21479.529,569.3650000000016
2021-04-30,pce,PCEPI,BEA,2021-03-01,level,113.285,112.74,-0.036000000000001364,naive_prior,112.74,0.5450000000000017
2021-05-06,claims,ICSA,DOL,2021-05-01,level,498000.0,553000.0,37000.0,naive_prior,553000.0,-55000.0
2021-05-07,empsit,PAYEMS,BLS,2021-04-01,change,266.0,144120.0,-78.0,naive_prior,916.0,-650.0
2021-05-07,unrate,UNRATE,BLS,2021-04-01,level,6.1,6.0,0.0,naive_prior,6.0,0.09999999999999964
2021-05-12,cpi,CPIAUCSL,BLS,2021-04-01,level,266.832,264.793,0.0,naive_prior,264.793,2.0389999999999873
2021-05-12,cpi_core,CPILFESL,BLS,2021-04-01,level,273.7,271.214,0.0,naive_prior,271.214,2.48599999999999
2021-05-13,claims,ICSA,DOL,2021-05-08,level,473000.0,498000.0,9000.0,naive_prior,498000.0,-25000.0
2021-05-13,ppi,PPIFIS,BLS,2021-04-01,level,123.8,123.1,0.0,naive_prior,123.1,0.7000000000000028
2021-05-14,retail,RSAFS,Census,2021-04-01,level,619923.0,619105.0,682.0,naive_prior,619105.0,818.0
2021-05-20,claims,ICSA,DOL,2021-05-15,level,444000.0,473000.0,5000.0,naive_prior,473000.0,-29000.0
2021-05-27,claims,ICSA,DOL,2021-05-22,level,406000.0,444000.0,0.0,naive_prior,444000.0,-38000.0
2021-05-28,pce,PCEPI,BEA,2021-04-01,level,114.075,113.285,0.10200000000000387,naive_prior,113.285,0.7900000000000063
2021-06-03,claims,ICSA,DOL,2021-05-29,level,385000.0,406000.0,-1000.0,naive_prior,406000.0,-21000.0
2021-06-04,empsit,PAYEMS,BLS,2021-05-01,change,559.0,144308.0,27.0,naive_prior,266.0,293.0
2021-06-04,unrate,UNRATE,BLS,2021-05-01,level,5.8,6.1,0.0,naive_prior,6.1,-0.2999999999999998
2021-06-10,claims,ICSA,DOL,2021-06-05,level,376000.0,385000.0,0.0,naive_prior,385000.0,-9000.0
2021-06-10,cpi,CPIAUCSL,BLS,2021-05-01,level,268.551,266.832,0.0,naive_prior,266.832,1.718999999999994
2021-06-10,cpi_core,CPILFESL,BLS,2021-05-01,level,275.718,273.7,0.0,naive_prior,273.7,2.018000000000029
2021-06-15,ppi,PPIFIS,BLS,2021-05-01,level,124.8,123.8,0.0,naive_prior,123.8,1.0
2021-06-15,retail,RSAFS,Census,2021-05-01,level,620214.0,619923.0,8755.0,naive_prior,619923.0,291.0
2021-06-17,claims,ICSA,DOL,2021-06-12,level,412000.0,376000.0,-1000.0,naive_prior,376000.0,36000.0
2021-06-24,claims,ICSA,DOL,2021-06-19,level,411000.0,412000.0,6000.0,naive_prior,412000.0,-1000.0
2021-06-25,pce,PCEPI,BEA,2021-05-01,level,114.631,114.075,0.04399999999999693,naive_prior,114.075,0.5559999999999974
2021-07-01,claims,ICSA,DOL,2021-06-26,level,364000.0,411000.0,4000.0,naive_prior,411000.0,-47000.0
2021-07-02,empsit,PAYEMS,BLS,2021-06-01,change,850.0,144894.0,15.0,naive_prior,559.0,291.0
2021-07-02,unrate,UNRATE,BLS,2021-06-01,level,5.9,5.8,0.0,naive_prior,5.8,0.10000000000000053
2021-07-08,claims,ICSA,DOL,2021-07-03,level,373000.0,364000.0,7000.0,naive_prior,364000.0,9000.0
2021-07-13,cpi,CPIAUCSL,BLS,2021-06-01,level,270.981,268.551,0.0,naive_prior,268.551,2.430000000000007
2021-07-13,cpi_core,CPILFESL,BLS,2021-06-01,level,278.14,275.718,0.0,naive_prior,275.718,2.4219999999999686
2021-07-14,ppi,PPIFIS,BLS,2021-06-01,level,126.0,124.8,0.0,naive_prior,124.8,1.2000000000000028
2021-07-15,claims,ICSA,DOL,2021-07-10,level,360000.0,373000.0,13000.0,naive_prior,373000.0,-13000.0
2021-07-16,retail,RSAFS,Census,2021-06-01,level,621340.0,620214.0,-2276.0,naive_prior,620214.0,1126.0
2021-07-22,claims,ICSA,DOL,2021-07-17,level,419000.0,360000.0,8000.0,naive_prior,360000.0,59000.0
2021-07-29,claims,ICSA,DOL,2021-07-24,level,400000.0,419000.0,5000.0,naive_prior,419000.0,-19000.0
2021-07-29,gdp,GDP,BEA,2021-04-01,level,22722.581,22048.894,-10.668000000001484,naive_prior,22048.894,673.6869999999981
2021-07-30,pce,PCEPI,BEA,2021-06-01,level,115.342,114.631,0.12199999999999989,naive_prior,114.631,0.7109999999999985
2021-08-05,claims,ICSA,DOL,2021-07-31,level,385000.0,400000.0,-1000.0,naive_prior,400000.0,-15000.0
2021-08-06,empsit,PAYEMS,BLS,2021-07-01,change,943.0,145759.0,119.0,naive_prior,850.0,93.0
2021-08-06,unrate,UNRATE,BLS,2021-07-01,level,5.4,5.9,0.0,naive_prior,5.9,-0.5
2021-08-11,cpi,CPIAUCSL,BLS,2021-07-01,level,272.265,270.981,0.0,naive_prior,270.981,1.2839999999999918
2021-08-11,cpi_core,CPILFESL,BLS,2021-07-01,level,279.054,278.14,0.0,naive_prior,278.14,0.9139999999999873
2021-08-12,claims,ICSA,DOL,2021-08-07,level,375000.0,385000.0,2000.0,naive_prior,385000.0,-10000.0
2021-08-12,ppi,PPIFIS,BLS,2021-07-01,level,127.3,126.0,0.0,naive_prior,126.0,1.2999999999999972
2021-08-17,retail,RSAFS,Census,2021-07-01,level,617719.0,621340.0,3391.0,naive_prior,621340.0,-3621.0
2021-08-19,claims,ICSA,DOL,2021-08-14,level,348000.0,375000.0,2000.0,naive_prior,375000.0,-27000.0
2021-08-26,claims,ICSA,DOL,2021-08-21,level,353000.0,348000.0,1000.0,naive_prior,348000.0,5000.0
2021-08-27,pce,PCEPI,BEA,2021-07-01,level,115.86,115.342,0.043000000000006366,naive_prior,115.342,0.5180000000000007
2021-09-02,claims,ICSA,DOL,2021-08-28,level,340000.0,353000.0,1000.0,naive_prior,353000.0,-13000.0
2021-09-03,empsit,PAYEMS,BLS,2021-08-01,change,235.0,146821.0,134.0,naive_prior,943.0,-708.0
2021-09-03,unrate,UNRATE,BLS,2021-08-01,level,5.2,5.4,0.0,naive_prior,5.4,-0.20000000000000018
2021-09-09,claims,ICSA,DOL,2021-09-04,level,310000.0,340000.0,5000.0,naive_prior,340000.0,-30000.0
2021-09-10,ppi,PPIFIS,BLS,2021-08-01,level,128.2,127.3,0.0,naive_prior,127.3,0.8999999999999915
2021-09-14,cpi,CPIAUCSL,BLS,2021-08-01,level,273.012,272.265,0.0,naive_prior,272.265,0.7470000000000141
2021-09-14,cpi_core,CPILFESL,BLS,2021-08-01,level,279.338,279.054,0.0,naive_prior,279.054,0.28400000000004866
2021-09-16,claims,ICSA,DOL,2021-09-11,level,332000.0,310000.0,2000.0,naive_prior,310000.0,22000.0
2021-09-16,retail,RSAFS,Census,2021-08-01,level,618676.0,617719.0,-3406.0,naive_prior,617719.0,957.0
2021-09-23,claims,ICSA,DOL,2021-09-18,level,351000.0,332000.0,3000.0,naive_prior,332000.0,19000.0
2021-09-30,claims,ICSA,DOL,2021-09-25,level,362000.0,351000.0,0.0,naive_prior,351000.0,11000.0
2021-10-01,pce,PCEPI,BEA,2021-08-01,level,116.314,115.86,-0.01099999999999568,naive_prior,115.86,0.4539999999999935
2021-10-07,claims,ICSA,DOL,2021-10-02,level,326000.0,362000.0,2000.0,naive_prior,362000.0,-36000.0
2021-10-08,empsit,PAYEMS,BLS,2021-09-01,change,194.0,147190.0,169.0,naive_prior,235.0,-41.0
2021-10-08,unrate,UNRATE,BLS,2021-09-01,level,4.8,5.2,0.0,naive_prior,5.2,-0.40000000000000036
2021-10-13,cpi,CPIAUCSL,BLS,2021-09-01,level,274.138,273.012,0.0,naive_prior,273.012,1.1259999999999764
2021-10-13,cpi_core,CPILFESL,BLS,2021-09-01,level,280.017,279.338,0.0,naive_prior,279.338,0.6789999999999736
2021-10-14,claims,ICSA,DOL,2021-10-09,level,293000.0,326000.0,3000.0,naive_prior,326000.0,-33000.0
2021-10-14,ppi,PPIFIS,BLS,2021-09-01,level,128.9,128.2,0.0,naive_prior,128.2,0.700000000000017
2021-10-15,retail,RSAFS,Census,2021-09-01,level,625416.0,618676.0,2174.0,naive_prior,618676.0,6740.0
2021-10-21,claims,ICSA,DOL,2021-10-16,level,290000.0,293000.0,3000.0,naive_prior,293000.0,-3000.0
2021-10-28,claims,ICSA,DOL,2021-10-23,level,281000.0,290000.0,1000.0,naive_prior,290000.0,-9000.0
2021-10-28,gdp,GDP,BEA,2021-07-01,level,23173.496,22722.581,18.37800000000061,naive_prior,22722.581,450.9150000000009
2021-10-29,pce,PCEPI,BEA,2021-09-01,level,116.631,116.314,-0.05499999999999261,naive_prior,116.314,0.3170000000000073
2021-11-04,claims,ICSA,DOL,2021-10-30,level,269000.0,281000.0,2000.0,naive_prior,281000.0,-12000.0
2021-11-05,empsit,PAYEMS,BLS,2021-10-01,change,531.0,147553.0,235.0,naive_prior,194.0,337.0
2021-11-05,unrate,UNRATE,BLS,2021-10-01,level,4.6,4.8,0.0,naive_prior,4.8,-0.20000000000000018
2021-11-09,ppi,PPIFIS,BLS,2021-10-01,level,129.7,128.9,0.0,naive_prior,128.9,0.799999999999983
2021-11-10,claims,ICSA,DOL,2021-11-06,level,267000.0,269000.0,2000.0,naive_prior,269000.0,-2000.0
2021-11-10,cpi,CPIAUCSL,BLS,2021-10-01,level,276.724,274.138,0.0,naive_prior,274.138,2.5860000000000127
2021-11-10,cpi_core,CPILFESL,BLS,2021-10-01,level,281.695,280.017,0.0,naive_prior,280.017,1.6779999999999973
2021-11-16,retail,RSAFS,Census,2021-10-01,level,638189.0,625416.0,2120.0,naive_prior,625416.0,12773.0
2021-11-18,claims,ICSA,DOL,2021-11-13,level,268000.0,267000.0,2000.0,naive_prior,267000.0,1000.0
2021-11-24,claims,ICSA,DOL,2021-11-20,level,199000.0,268000.0,2000.0,naive_prior,268000.0,-69000.0
2021-11-24,pce,PCEPI,BEA,2021-10-01,level,117.416,116.631,0.04800000000000182,naive_prior,116.631,0.7849999999999966
2021-12-02,claims,ICSA,DOL,2021-11-27,level,222000.0,199000.0,-5000.0,naive_prior,199000.0,23000.0
2021-12-03,empsit,PAYEMS,BLS,2021-11-01,change,210.0,148319.0,82.0,naive_prior,531.0,-321.0
2021-12-03,unrate,UNRATE,BLS,2021-11-01,level,4.2,4.6,0.0,naive_prior,4.6,-0.39999999999999947
2021-12-09,claims,ICSA,DOL,2021-12-04,level,184000.0,222000.0,5000.0,naive_prior,222000.0,-38000.0
2021-12-10,cpi,CPIAUCSL,BLS,2021-11-01,level,278.88,276.724,0.0,naive_prior,276.724,2.156000000000006
2021-12-10,cpi_core,CPILFESL,BLS,2021-11-01,level,283.201,281.695,0.0,naive_prior,281.695,1.5060000000000286
2021-12-14,ppi,PPIFIS,BLS,2021-11-01,level,131.032,129.7,0.2470000000000141,naive_prior,129.7,1.332000000000022
2021-12-15,retail,RSAFS,Census,2021-11-01,level,639829.0,638189.0,1.0,naive_prior,638189.0,1640.0
2021-12-16,claims,ICSA,DOL,2021-12-11,level,206000.0,184000.0,4000.0,naive_prior,184000.0,22000.0
2021-12-23,claims,ICSA,DOL,2021-12-18,level,205000.0,206000.0,-1000.0,naive_prior,206000.0,-1000.0
2021-12-23,pce,PCEPI,BEA,2021-11-01,level,118.201,117.416,0.06900000000000261,naive_prior,117.416,0.7849999999999966
2021-12-30,claims,ICSA,DOL,2021-12-25,level,198000.0,205000.0,1000.0,naive_prior,205000.0,-7000.0
2022-01-06,claims,ICSA,DOL,2022-01-01,level,207000.0,198000.0,2000.0,naive_prior,198000.0,9000.0
2022-01-07,empsit,PAYEMS,BLS,2021-12-01,change,199.0,148611.0,141.0,naive_prior,210.0,-11.0
2022-01-07,unrate,UNRATE,BLS,2021-12-01,level,3.9,4.2,0.0,naive_prior,4.2,-0.30000000000000027
2022-01-12,cpi,CPIAUCSL,BLS,2021-12-01,level,280.192,278.88,0.0,naive_prior,278.88,1.3120000000000118
2022-01-12,cpi_core,CPILFESL,BLS,2021-12-01,level,284.759,283.201,0.0,naive_prior,283.201,1.5579999999999927
2022-01-13,claims,ICSA,DOL,2022-01-08,level,230000.0,207000.0,0.0,naive_prior,207000.0,23000.0
2022-01-13,ppi,PPIFIS,BLS,2021-12-01,level,131.483,131.032,0.22799999999998022,naive_prior,131.032,0.4509999999999934
2022-01-14,retail,RSAFS,Census,2021-12-01,level,626833.0,639829.0,-762.0,naive_prior,639829.0,-12996.0
2022-01-20,claims,ICSA,DOL,2022-01-15,level,286000.0,230000.0,1000.0,naive_prior,230000.0,56000.0
2022-01-27,claims,ICSA,DOL,2022-01-22,level,260000.0,286000.0,4000.0,naive_prior,286000.0,-26000.0
2022-01-27,gdp,GDP,BEA,2021-10-01,level,23992.355,23173.496,28.848000000001775,naive_prior,23173.496,818.8590000000004
2022-01-28,pce,PCEPI,BEA,2021-12-01,level,118.715,118.201,-0.014999999999986358,naive_prior,118.201,0.51400000000001
2022-02-03,claims,ICSA,DOL,2022-01-29,level,238000.0,260000.0,1000.0,naive_prior,260000.0,-22000.0
2022-02-04,empsit,PAYEMS,BLS,2022-01-01,change,467.0,148951.0,211.0,naive_prior,199.0,268.0
2022-02-04,unrate,UNRATE,BLS,2022-01-01,level,4.0,3.9,0.0,naive_prior,3.9,0.10000000000000009
2022-02-10,claims,ICSA,DOL,2022-02-05,level,223000.0,238000.0,1000.0,naive_prior,238000.0,-15000.0
2022-02-10,cpi,CPIAUCSL,BLS,2022-01-01,level,281.933,280.192,-0.06600000000003092,naive_prior,280.192,1.7409999999999854
2022-02-10,cpi_core,CPILFESL,BLS,2022-01-01,level,286.431,284.759,0.010999999999967258,naive_prior,284.759,1.6719999999999686
2022-02-15,ppi,PPIFIS,BLS,2022-01-01,level,133.033,131.483,0.29599999999999227,naive_prior,131.483,1.549999999999983
2022-02-16,retail,RSAFS,Census,2022-01-01,level,649776.0,626833.0,-544.0,naive_prior,626833.0,22943.0
2022-02-17,claims,ICSA,DOL,2022-02-12,level,248000.0,223000.0,2000.0,naive_prior,223000.0,25000.0
2022-02-24,claims,ICSA,DOL,2022-02-19,level,232000.0,248000.0,1000.0,naive_prior,248000.0,-16000.0
2022-02-25,pce,PCEPI,BEA,2022-01-01,level,119.393,118.715,0.001999999999995339,naive_prior,118.715,0.6779999999999973
2022-03-03,claims,ICSA,DOL,2022-02-26,level,215000.0,232000.0,1000.0,naive_prior,232000.0,-17000.0
2022-03-04,empsit,PAYEMS,BLS,2022-02-01,change,678.0,149629.0,92.0,naive_prior,467.0,211.0
2022-03-04,unrate,UNRATE,BLS,2022-02-01,level,3.8,4.0,0.0,naive_prior,4.0,-0.20000000000000018
2022-03-10,claims,ICSA,DOL,2022-03-05,level,227000.0,215000.0,1000.0,naive_prior,215000.0,12000.0
2022-03-10,cpi,CPIAUCSL,BLS,2022-02-01,level,284.182,281.933,0.0,naive_prior,281.933,2.2490000000000236
2022-03-10,cpi_core,CPILFESL,BLS,2022-02-01,level,287.878,286.431,0.0,naive_prior,286.431,1.4470000000000027
2022-03-15,ppi,PPIFIS,BLS,2022-02-01,level,134.462,133.033,0.38700000000000045,naive_prior,133.033,1.429000000000002
2022-03-16,retail,RSAFS,Census,2022-02-01,level,658128.0,649776.0,6341.0,naive_prior,649776.0,8352.0
2022-03-17,claims,ICSA,DOL,2022-03-12,level,214000.0,227000.0,2000.0,naive_prior,227000.0,-13000.0
2022-03-24,claims,ICSA,DOL,2022-03-19,level,187000.0,214000.0,1000.0,naive_prior,214000.0,-27000.0
2022-03-31,claims,ICSA,DOL,2022-03-26,level,202000.0,187000.0,1000.0,naive_prior,187000.0,15000.0
2022-03-31,pce,PCEPI,BEA,2022-02-01,level,120.047,119.393,-0.03700000000000614,naive_prior,119.393,0.6539999999999964
2022-04-01,empsit,PAYEMS,BLS,2022-03-01,change,431.0,150399.0,95.0,naive_prior,678.0,-247.0
2022-04-01,unrate,UNRATE,BLS,2022-03-01,level,3.6,3.8,0.0,naive_prior,3.8,-0.19999999999999973
2022-04-07,claims,ICSA,DOL,2022-04-02,level,166000.0,202000.0,-31000.0,naive_prior,202000.0,-36000.0
2022-04-12,cpi,CPIAUCSL,BLS,2022-03-01,level,287.708,284.182,0.0,naive_prior,284.182,3.5260000000000105
2022-04-12,cpi_core,CPILFESL,BLS,2022-03-01,level,288.811,287.878,0.0,naive_prior,287.878,0.9329999999999927
2022-04-13,ppi,PPIFIS,BLS,2022-03-01,level,136.653,134.462,0.3370000000000175,naive_prior,134.462,2.1910000000000025
2022-04-14,claims,ICSA,DOL,2022-04-09,level,185000.0,166000.0,1000.0,naive_prior,166000.0,19000.0
2022-04-14,retail,RSAFS,Census,2022-03-01,level,665726.0,658128.0,4289.0,naive_prior,658128.0,7598.0
2022-04-21,claims,ICSA,DOL,2022-04-16,level,184000.0,185000.0,1000.0,naive_prior,185000.0,-1000.0
2022-04-28,claims,ICSA,DOL,2022-04-23,level,180000.0,184000.0,1000.0,naive_prior,184000.0,-4000.0
2022-04-28,gdp,GDP,BEA,2022-01-01,level,24382.683,23992.355,10.459999999999127,naive_prior,23992.355,390.32800000000134
2022-04-29,pce,PCEPI,BEA,2022-03-01,level,121.0,120.047,-0.08599999999999852,naive_prior,120.047,0.953000000000003
2022-05-05,claims,ICSA,DOL,2022-04-30,level,200000.0,180000.0,1000.0,naive_prior,180000.0,20000.0
2022-05-06,empsit,PAYEMS,BLS,2022-04-01,change,428.0,150925.0,-39.0,naive_prior,431.0,-3.0
2022-05-06,unrate,UNRATE,BLS,2022-04-01,level,3.6,3.6,0.0,naive_prior,3.6,0.0
2022-05-11,cpi,CPIAUCSL,BLS,2022-04-01,level,288.663,287.708,0.0,naive_prior,287.708,0.9549999999999841
2022-05-11,cpi_core,CPILFESL,BLS,2022-04-01,level,290.455,288.811,0.0,naive_prior,288.811,1.6440000000000055
2022-05-12,claims,ICSA,DOL,2022-05-07,level,203000.0,200000.0,2000.0,naive_prior,200000.0,3000.0
2022-05-12,ppi,PPIFIS,BLS,2022-04-01,level,137.794,136.653,0.4310000000000116,naive_prior,136.653,1.1410000000000196
2022-05-17,retail,RSAFS,Census,2022-04-01,level,677711.0,665726.0,5922.0,naive_prior,665726.0,11985.0
2022-05-19,claims,ICSA,DOL,2022-05-14,level,218000.0,203000.0,-6000.0,naive_prior,203000.0,15000.0
2022-05-26,claims,ICSA,DOL,2022-05-21,level,210000.0,218000.0,0.0,naive_prior,218000.0,-8000.0
2022-05-27,pce,PCEPI,BEA,2022-04-01,level,121.323,121.0,0.02400000000000091,naive_prior,121.0,0.3229999999999933
2022-06-02,claims,ICSA,DOL,2022-05-28,level,200000.0,210000.0,1000.0,naive_prior,210000.0,-10000.0
2022-06-03,empsit,PAYEMS,BLS,2022-05-01,change,390.0,151314.0,-22.0,naive_prior,428.0,-38.0
2022-06-03,unrate,UNRATE,BLS,2022-05-01,level,3.6,3.6,0.0,naive_prior,3.6,0.0
2022-06-09,claims,ICSA,DOL,2022-06-04,level,229000.0,200000.0,2000.0,naive_prior,200000.0,29000.0
2022-06-10,cpi,CPIAUCSL,BLS,2022-05-01,level,291.474,288.663,0.0,naive_prior,288.663,2.8109999999999786
2022-06-10,cpi_core,CPILFESL,BLS,2022-05-01,level,292.289,290.455,0.0,naive_prior,290.455,1.8340000000000032
2022-06-14,ppi,PPIFIS,BLS,2022-05-01,level,138.657,137.794,-0.18200000000001637,naive_prior,137.794,0.8629999999999995
2022-06-15,retail,RSAFS,Census,2022-05-01,level,672874.0,677711.0,-3037.0,naive_prior,677711.0,-4837.0
2022-06-16,claims,ICSA,DOL,2022-06-11,level,229000.0,229000.0,3000.0,naive_prior,229000.0,0.0
2022-06-23,claims,ICSA,DOL,2022-06-18,level,229000.0,229000.0,2000.0,naive_prior,229000.0,0.0
2022-06-30,claims,ICSA,DOL,2022-06-25,level,231000.0,229000.0,4000.0,naive_prior,229000.0,2000.0
2022-06-30,pce,PCEPI,BEA,2022-05-01,level,122.052,121.323,0.016000000000005343,naive_prior,121.323,0.7290000000000134
2022-07-07,claims,ICSA,DOL,2022-07-02,level,235000.0,231000.0,0.0,naive_prior,231000.0,4000.0
2022-07-08,empsit,PAYEMS,BLS,2022-06-01,change,372.0,151682.0,-74.0,naive_prior,390.0,-18.0
2022-07-08,unrate,UNRATE,BLS,2022-06-01,level,3.6,3.6,0.0,naive_prior,3.6,0.0
2022-07-13,cpi,CPIAUCSL,BLS,2022-06-01,level,295.328,291.474,0.0,naive_prior,291.474,3.853999999999985
2022-07-13,cpi_core,CPILFESL,BLS,2022-06-01,level,294.354,292.289,0.0,naive_prior,292.289,2.0649999999999977
2022-07-14,claims,ICSA,DOL,2022-07-09,level,244000.0,235000.0,0.0,naive_prior,235000.0,9000.0
2022-07-14,ppi,PPIFIS,BLS,2022-06-01,level,140.427,138.657,0.22799999999998022,naive_prior,138.657,1.7699999999999818
2022-07-15,retail,RSAFS,Census,2022-06-01,level,680591.0,672874.0,978.0,naive_prior,672874.0,7717.0
2022-07-21,claims,ICSA,DOL,2022-07-16,level,251000.0,244000.0,0.0,naive_prior,244000.0,7000.0
2022-07-28,claims,ICSA,DOL,2022-07-23,level,256000.0,251000.0,10000.0,naive_prior,251000.0,5000.0
2022-07-28,gdp,GDP,BEA,2022-04-01,level,24851.809,24382.683,4.050999999999476,naive_prior,24382.683,469.1260000000002
2022-07-29,pce,PCEPI,BEA,2022-06-01,level,123.187,122.052,-0.02600000000001046,naive_prior,122.052,1.134999999999991
2022-08-04,claims,ICSA,DOL,2022-07-30,level,260000.0,256000.0,-2000.0,naive_prior,256000.0,4000.0
2022-08-05,empsit,PAYEMS,BLS,2022-07-01,change,528.0,151980.0,28.0,naive_prior,372.0,156.0
2022-08-05,unrate,UNRATE,BLS,2022-07-01,level,3.5,3.6,0.0,naive_prior,3.6,-0.10000000000000009
2022-08-10,cpi,CPIAUCSL,BLS,2022-07-01,level,295.271,295.328,0.0,naive_prior,295.328,-0.05699999999995953
2022-08-10,cpi_core,CPILFESL,BLS,2022-07-01,level,295.275,294.354,0.0,naive_prior,294.354,0.9209999999999923
2022-08-11,claims,ICSA,DOL,2022-08-06,level,262000.0,260000.0,-12000.0,naive_prior,260000.0,2000.0
2022-08-11,ppi,PPIFIS,BLS,2022-07-01,level,139.806,140.427,0.07699999999999818,naive_prior,140.427,-0.6209999999999809
2022-08-17,retail,RSAFS,Census,2022-07-01,level,682815.0,680591.0,1994.0,naive_prior,680591.0,2224.0
2022-08-18,claims,ICSA,DOL,2022-08-13,level,250000.0,262000.0,-10000.0,naive_prior,262000.0,-12000.0
2022-08-25,claims,ICSA,DOL,2022-08-20,level,243000.0,250000.0,-5000.0,naive_prior,250000.0,-7000.0
2022-08-26,pce,PCEPI,BEA,2022-07-01,level,123.121,123.187,0.016000000000005343,naive_prior,123.187,-0.0660000000000025
2022-09-01,claims,ICSA,DOL,2022-08-27,level,232000.0,243000.0,-6000.0,naive_prior,243000.0,-11000.0
2022-09-02,empsit,PAYEMS,BLS,2022-08-01,change,315.0,152536.0,-107.0,naive_prior,528.0,-213.0
2022-09-02,unrate,UNRATE,BLS,2022-08-01,level,3.7,3.5,0.0,naive_prior,3.5,0.20000000000000018
2022-09-08,claims,ICSA,DOL,2022-09-03,level,222000.0,232000.0,-4000.0,naive_prior,232000.0,-10000.0
2022-09-13,cpi,CPIAUCSL,BLS,2022-08-01,level,295.62,295.271,0.0,naive_prior,295.271,0.34899999999998954
2022-09-13,cpi_core,CPILFESL,BLS,2022-08-01,level,296.95,295.275,0.0,naive_prior,295.275,1.6750000000000114
2022-09-14,ppi,PPIFIS,BLS,2022-08-01,level,139.738,139.806,0.11499999999998067,naive_prior,139.806,-0.06800000000001205
2022-09-15,claims,ICSA,DOL,2022-09-10,level,213000.0,222000.0,-4000.0,naive_prior,222000.0,-9000.0
2022-09-15,retail,RSAFS,Census,2022-08-01,level,683291.0,682815.0,-1515.0,naive_prior,682815.0,476.0
2022-09-22,claims,ICSA,DOL,2022-09-17,level,213000.0,213000.0,-5000.0,naive_prior,213000.0,0.0
2022-09-29,claims,ICSA,DOL,2022-09-24,level,193000.0,213000.0,-4000.0,naive_prior,213000.0,-20000.0
2022-09-30,pce,PCEPI,BEA,2022-08-01,level,123.721,123.121,0.24800000000000466,naive_prior,123.121,0.6000000000000085
2022-10-06,claims,ICSA,DOL,2022-10-01,level,219000.0,193000.0,-3000.0,naive_prior,193000.0,26000.0
2022-10-07,empsit,PAYEMS,BLS,2022-09-01,change,263.0,152744.0,11.0,naive_prior,315.0,-52.0
2022-10-07,unrate,UNRATE,BLS,2022-09-01,level,3.5,3.7,0.0,naive_prior,3.7,-0.20000000000000018
2022-10-12,ppi,PPIFIS,BLS,2022-09-01,level,140.205,139.738,-0.0689999999999884,naive_prior,139.738,0.46700000000001296
2022-10-13,claims,ICSA,DOL,2022-10-08,level,228000.0,219000.0,0.0,naive_prior,219000.0,9000.0
2022-10-13,cpi,CPIAUCSL,BLS,2022-09-01,level,296.761,295.62,0.0,naive_prior,295.62,1.1410000000000196
2022-10-13,cpi_core,CPILFESL,BLS,2022-09-01,level,298.66,296.95,0.0,naive_prior,296.95,1.7100000000000364
2022-10-14,retail,RSAFS,Census,2022-09-01,level,683974.0,683291.0,699.0,naive_prior,683291.0,683.0
2022-10-20,claims,ICSA,DOL,2022-10-15,level,214000.0,228000.0,-2000.0,naive_prior,228000.0,-14000.0
2022-10-27,claims,ICSA,DOL,2022-10-22,level,217000.0,214000.0,0.0,naive_prior,214000.0,3000.0
2022-10-27,gdp,GDP,BEA,2022-07-01,level,25663.289,24851.809,396.66699999999764,naive_prior,24851.809,811.4799999999996
2022-10-28,pce,PCEPI,BEA,2022-09-01,level,124.102,123.721,-0.03100000000000591,naive_prior,123.721,0.3810000000000002
2022-11-03,claims,ICSA,DOL,2022-10-29,level,217000.0,217000.0,1000.0,naive_prior,217000.0,0.0
2022-11-04,empsit,PAYEMS,BLS,2022-10-01,change,261.0,153018.0,29.0,naive_prior,263.0,-2.0
2022-11-04,unrate,UNRATE,BLS,2022-10-01,level,3.7,3.5,0.0,naive_prior,3.5,0.20000000000000018
2022-11-10,claims,ICSA,DOL,2022-11-05,level,225000.0,217000.0,1000.0,naive_prior,217000.0,8000.0
2022-11-10,cpi,CPIAUCSL,BLS,2022-10-01,level,298.062,296.761,0.0,naive_prior,296.761,1.3009999999999877
2022-11-10,cpi_core,CPILFESL,BLS,2022-10-01,level,299.471,298.66,0.0,naive_prior,298.66,0.8109999999999786
2022-11-15,ppi,PPIFIS,BLS,2022-10-01,level,140.39,140.205,-0.13000000000002387,naive_prior,140.205,0.18499999999997385
2022-11-16,retail,RSAFS,Census,2022-10-01,level,694518.0,683974.0,1820.0,naive_prior,683974.0,10544.0
2022-11-17,claims,ICSA,DOL,2022-11-12,level,222000.0,225000.0,1000.0,naive_prior,225000.0,-3000.0
2022-11-23,claims,ICSA,DOL,2022-11-19,level,240000.0,222000.0,1000.0,naive_prior,222000.0,18000.0
2022-12-01,claims,ICSA,DOL,2022-11-26,level,225000.0,240000.0,1000.0,naive_prior,240000.0,-15000.0
2022-12-01,pce,PCEPI,BEA,2022-10-01,level,124.55,124.102,0.031999999999996476,naive_prior,124.102,0.4479999999999933
2022-12-02,empsit,PAYEMS,BLS,2022-11-01,change,263.0,153308.0,-23.0,naive_prior,261.0,2.0
2022-12-02,unrate,UNRATE,BLS,2022-11-01,level,3.7,3.7,0.0,naive_prior,3.7,0.0
2022-12-08,claims,ICSA,DOL,2022-12-03,level,230000.0,225000.0,1000.0,naive_prior,225000.0,5000.0
2022-12-09,ppi,PPIFIS,BLS,2022-11-01,level,140.975,140.39,0.16800000000000637,naive_prior,140.39,0.585000000000008
2022-12-13,cpi,CPIAUCSL,BLS,2022-11-01,level,298.349,298.062,0.0,naive_prior,298.062,0.2869999999999777
2022-12-13,cpi_core,CPILFESL,BLS,2022-11-01,level,300.066,299.471,0.0,naive_prior,299.471,0.5949999999999704
2022-12-15,claims,ICSA,DOL,2022-12-10,level,211000.0,230000.0,1000.0,naive_prior,230000.0,-19000.0
2022-12-15,retail,RSAFS,Census,2022-11-01,level,689443.0,694518.0,-1036.0,naive_prior,694518.0,-5075.0
2022-12-22,claims,ICSA,DOL,2022-12-17,level,216000.0,211000.0,3000.0,naive_prior,211000.0,5000.0
2022-12-23,pce,PCEPI,BEA,2022-11-01,level,124.747,124.55,0.06700000000000728,naive_prior,124.55,0.19700000000000273
2022-12-29,claims,ICSA,DOL,2022-12-24,level,225000.0,216000.0,0.0,naive_prior,216000.0,9000.0
2023-01-05,claims,ICSA,DOL,2022-12-31,level,204000.0,225000.0,-2000.0,naive_prior,225000.0,-21000.0
2023-01-06,empsit,PAYEMS,BLS,2022-12-01,change,223.0,153548.0,-28.0,naive_prior,263.0,-40.0
2023-01-06,unrate,UNRATE,BLS,2022-12-01,level,3.5,3.7,-0.10000000000000009,naive_prior,3.7,-0.20000000000000018
2023-01-12,claims,ICSA,DOL,2023-01-07,level,205000.0,204000.0,2000.0,naive_prior,204000.0,1000.0
2023-01-12,cpi,CPIAUCSL,BLS,2022-12-01,level,298.112,298.349,0.0,naive_prior,298.349,-0.23699999999996635
2023-01-12,cpi_core,CPILFESL,BLS,2022-12-01,level,300.974,300.066,0.0,naive_prior,300.066,0.9080000000000155
2023-01-18,ppi,PPIFIS,BLS,2022-12-01,level,140.206,140.975,-0.07099999999999795,naive_prior,140.975,-0.7690000000000055
2023-01-18,retail,RSAFS,Census,2022-12-01,level,677136.0,689443.0,-4455.0,naive_prior,689443.0,-12307.0
2023-01-19,claims,ICSA,DOL,2023-01-14,level,190000.0,205000.0,0.0,naive_prior,205000.0,-15000.0
2023-01-26,claims,ICSA,DOL,2023-01-21,level,186000.0,190000.0,2000.0,naive_prior,190000.0,-4000.0
2023-01-26,gdp,GDP,BEA,2022-10-01,level,26132.458,25663.289,60.651999999998225,naive_prior,25663.289,469.16899999999805
2023-01-27,pce,PCEPI,BEA,2022-12-01,level,124.809,124.747,-0.0030000000000001137,naive_prior,124.747,0.06199999999999761
2023-02-02,claims,ICSA,DOL,2023-01-28,level,183000.0,186000.0,0.0,naive_prior,186000.0,-3000.0
2023-02-03,empsit,PAYEMS,BLS,2023-01-01,change,517.0,153743.0,813.0,naive_prior,223.0,294.0
2023-02-03,unrate,UNRATE,BLS,2023-01-01,level,3.4,3.5,0.0,naive_prior,3.5,-0.10000000000000009
2023-02-09,claims,ICSA,DOL,2023-02-04,level,196000.0,183000.0,0.0,naive_prior,183000.0,13000.0
2023-02-14,cpi,CPIAUCSL,BLS,2023-01-01,level,300.536,298.112,0.8779999999999859,naive_prior,298.112,2.423999999999978
2023-02-14,cpi_core,CPILFESL,BLS,2023-01-01,level,302.702,300.974,0.48599999999999,naive_prior,300.974,1.7280000000000086
2023-02-15,retail,RSAFS,Census,2023-01-01,level,696982.0,677136.0,-211.0,naive_prior,677136.0,19846.0
2023-02-16,claims,ICSA,DOL,2023-02-11,level,194000.0,196000.0,-1000.0,naive_prior,196000.0,-2000.0
2023-02-16,ppi,PPIFIS,BLS,2023-01-01,level,141.707,140.206,0.5760000000000218,naive_prior,140.206,1.5010000000000048
2023-02-23,claims,ICSA,DOL,2023-02-18,level,192000.0,194000.0,1000.0,naive_prior,194000.0,-2000.0
2023-02-24,pce,PCEPI,BEA,2023-01-01,level,125.899,124.809,0.3149999999999977,naive_prior,124.809,1.0900000000000034
2023-03-02,claims,ICSA,DOL,2023-02-25,level,190000.0,192000.0,0.0,naive_prior,192000.0,-2000.0
2023-03-09,claims,ICSA,DOL,2023-03-04,level,211000.0,190000.0,0.0,naive_prior,190000.0,21000.0
2023-03-10,empsit,PAYEMS,BLS,2023-02-01,change,311.0,155073.0,-34.0,naive_prior,517.0,-206.0
2023-03-10,unrate,UNRATE,BLS,2023-02-01,level,3.6,3.4,0.0,naive_prior,3.4,0.20000000000000018
2023-03-14,cpi,CPIAUCSL,BLS,2023-02-01,level,301.648,300.536,0.0,naive_prior,300.536,1.1120000000000232
2023-03-14,cpi_core,CPILFESL,BLS,2023-02-01,level,304.07,302.702,0.0,naive_prior,302.702,1.367999999999995
2023-03-15,ppi,PPIFIS,BLS,2023-02-01,level,141.078,141.707,-0.4230000000000018,naive_prior,141.707,-0.6289999999999907
2023-03-15,retail,RSAFS,Census,2023-02-01,level,697876.0,696982.0,3700.0,naive_prior,696982.0,894.0
2023-03-16,claims,ICSA,DOL,2023-03-11,level,192000.0,211000.0,1000.0,naive_prior,211000.0,-19000.0
2023-03-23,claims,ICSA,DOL,2023-03-18,level,191000.0,192000.0,0.0,naive_prior,192000.0,-1000.0
2023-03-30,claims,ICSA,DOL,2023-03-25,level,198000.0,191000.0,0.0,naive_prior,191000.0,7000.0
2023-03-31,pce,PCEPI,BEA,2023-02-01,level,126.189,125.899,-0.04099999999999682,naive_prior,125.899,0.28999999999999204
2023-04-06,claims,ICSA,DOL,2023-04-01,level,228000.0,198000.0,48000.0,naive_prior,198000.0,30000.0
2023-04-07,empsit,PAYEMS,BLS,2023-03-01,change,236.0,155350.0,-17.0,naive_prior,311.0,-75.0
2023-04-07,unrate,UNRATE,BLS,2023-03-01,level,3.5,3.6,0.0,naive_prior,3.6,-0.10000000000000009
2023-04-12,cpi,CPIAUCSL,BLS,2023-03-01,level,301.808,301.648,0.0,naive_prior,301.648,0.15999999999996817
2023-04-12,cpi_core,CPILFESL,BLS,2023-03-01,level,305.24,304.07,0.0,naive_prior,304.07,1.170000000000016
2023-04-13,claims,ICSA,DOL,2023-04-08,level,239000.0,228000.0,0.0,naive_prior,228000.0,11000.0
2023-04-13,ppi,PPIFIS,BLS,2023-03-01,level,140.865,141.078,0.4900000000000091,naive_prior,141.078,-0.21299999999999386
2023-04-14,retail,RSAFS,Census,2023-03-01,level,691671.0,697876.0,696.0,naive_prior,697876.0,-6205.0
2023-04-20,claims,ICSA,DOL,2023-04-15,level,245000.0,239000.0,1000.0,naive_prior,239000.0,6000.0
2023-04-27,claims,ICSA,DOL,2023-04-22,level,230000.0,245000.0,1000.0,naive_prior,245000.0,-15000.0
2023-04-27,gdp,GDP,BEA,2023-01-01,level,26465.865,26132.458,5.533999999999651,naive_prior,26132.458,333.4070000000029
2023-04-28,pce,PCEPI,BEA,2023-03-01,level,126.373,126.189,0.08800000000000807,naive_prior,126.189,0.1840000000000117
2023-05-04,claims,ICSA,DOL,2023-04-29,level,242000.0,230000.0,-1000.0,naive_prior,230000.0,12000.0
2023-05-05,empsit,PAYEMS,BLS,2023-04-01,change,253.0,155569.0,-149.0,naive_prior,236.0,17.0
2023-05-05,unrate,UNRATE,BLS,2023-04-01,level,3.4,3.5,0.0,naive_prior,3.5,-0.10000000000000009
2023-05-10,cpi,CPIAUCSL,BLS,2023-04-01,level,302.918,301.808,0.0,naive_prior,301.808,1.1100000000000136
2023-05-10,cpi_core,CPILFESL,BLS,2023-04-01,level,306.489,305.24,0.0,naive_prior,305.24,1.2489999999999668
2023-05-11,claims,ICSA,DOL,2023-05-06,level,264000.0,242000.0,0.0,naive_prior,242000.0,22000.0
2023-05-11,ppi,PPIFIS,BLS,2023-04-01,level,141.132,140.865,-0.06100000000000705,naive_prior,140.865,0.2669999999999959
2023-05-16,retail,RSAFS,Census,2023-04-01,level,686052.0,691671.0,-8492.0,naive_prior,691671.0,-5619.0
2023-05-18,claims,ICSA,DOL,2023-05-13,level,242000.0,264000.0,0.0,naive_prior,264000.0,-22000.0
2023-05-25,claims,ICSA,DOL,2023-05-20,level,229000.0,242000.0,-17000.0,naive_prior,242000.0,-13000.0
2023-05-26,pce,PCEPI,BEA,2023-04-01,level,126.862,126.373,0.028999999999996362,naive_prior,126.373,0.4889999999999901
2023-06-01,claims,ICSA,DOL,2023-05-27,level,232000.0,229000.0,1000.0,naive_prior,229000.0,3000.0
2023-06-02,empsit,PAYEMS,BLS,2023-05-01,change,339.0,155673.0,93.0,naive_prior,253.0,86.0
2023-06-02,unrate,UNRATE,BLS,2023-05-01,level,3.7,3.4,0.0,naive_prior,3.4,0.30000000000000027
2023-06-08,claims,ICSA,DOL,2023-06-03,level,261000.0,232000.0,1000.0,naive_prior,232000.0,29000.0
2023-06-13,cpi,CPIAUCSL,BLS,2023-05-01,level,303.294,302.918,0.0,naive_prior,302.918,0.37599999999997635
2023-06-13,cpi_core,CPILFESL,BLS,2023-05-01,level,307.824,306.489,0.0,naive_prior,306.489,1.3350000000000364
2023-06-14,ppi,PPIFIS,BLS,2023-05-01,level,140.584,141.132,-0.09999999999999432,naive_prior,141.132,-0.5480000000000018
2023-06-15,claims,ICSA,DOL,2023-06-10,level,262000.0,261000.0,1000.0,naive_prior,261000.0,1000.0
2023-06-15,retail,RSAFS,Census,2023-05-01,level,686573.0,686052.0,-1839.0,naive_prior,686052.0,521.0
2023-06-22,claims,ICSA,DOL,2023-06-17,level,264000.0,262000.0,2000.0,naive_prior,262000.0,2000.0
2023-06-29,claims,ICSA,DOL,2023-06-24,level,239000.0,264000.0,1000.0,naive_prior,264000.0,-25000.0
2023-06-30,pce,PCEPI,BEA,2023-05-01,level,127.007,126.862,-0.018000000000000682,naive_prior,126.862,0.14500000000001023
2023-07-06,claims,ICSA,DOL,2023-07-01,level,248000.0,239000.0,-3000.0,naive_prior,239000.0,9000.0
2023-07-07,empsit,PAYEMS,BLS,2023-06-01,change,209.0,156105.0,-110.0,naive_prior,339.0,-130.0
2023-07-07,unrate,UNRATE,BLS,2023-06-01,level,3.6,3.7,0.0,naive_prior,3.7,-0.10000000000000009
2023-07-12,cpi,CPIAUCSL,BLS,2023-06-01,level,303.841,303.294,0.0,naive_prior,303.294,0.5470000000000255
2023-07-12,cpi_core,CPILFESL,BLS,2023-06-01,level,308.309,307.824,0.0,naive_prior,307.824,0.48500000000001364
2023-07-13,claims,ICSA,DOL,2023-07-08,level,237000.0,248000.0,1000.0,naive_prior,248000.0,-11000.0
2023-07-13,ppi,PPIFIS,BLS,2023-06-01,level,140.497,140.584,-0.2779999999999916,naive_prior,140.584,-0.08699999999998909
2023-07-18,retail,RSAFS,Census,2023-06-01,level,689499.0,686573.0,1588.0,naive_prior,686573.0,2926.0
2023-07-20,claims,ICSA,DOL,2023-07-15,level,228000.0,237000.0,0.0,naive_prior,237000.0,-9000.0
2023-07-27,claims,ICSA,DOL,2023-07-22,level,221000.0,228000.0,0.0,naive_prior,228000.0,-7000.0
2023-07-27,gdp,GDP,BEA,2023-04-01,level,26834.953,26465.865,63.90899999999965,naive_prior,26465.865,369.08799999999974
2023-07-28,pce,PCEPI,BEA,2023-06-01,level,127.178,127.007,-0.034000000000006025,naive_prior,127.007,0.17099999999999227
2023-08-03,claims,ICSA,DOL,2023-07-29,level,227000.0,221000.0,0.0,naive_prior,221000.0,6000.0
2023-08-04,empsit,PAYEMS,BLS,2023-07-01,change,187.0,156204.0,-49.0,naive_prior,209.0,-22.0
2023-08-04,unrate,UNRATE,BLS,2023-07-01,level,3.5,3.6,0.0,naive_prior,3.6,-0.10000000000000009
2023-08-10,claims,ICSA,DOL,2023-08-05,level,248000.0,227000.0,0.0,naive_prior,227000.0,21000.0
2023-08-10,cpi,CPIAUCSL,BLS,2023-07-01,level,304.348,303.841,0.0,naive_prior,303.841,0.507000000000005
2023-08-10,cpi_core,CPILFESL,BLS,2023-07-01,level,308.801,308.309,0.0,naive_prior,308.309,0.4919999999999618
2023-08-11,ppi,PPIFIS,BLS,2023-07-01,level,140.946,140.497,0.028999999999996362,naive_prior,140.497,0.44899999999998386
2023-08-15,retail,RSAFS,Census,2023-07-01,level,696354.0,689499.0,1813.0,naive_prior,689499.0,6855.0
2023-08-17,claims,ICSA,DOL,2023-08-12,level,239000.0,248000.0,2000.0,naive_prior,248000.0,-9000.0
2023-08-24,claims,ICSA,DOL,2023-08-19,level,230000.0,239000.0,1000.0,naive_prior,239000.0,-9000.0
2023-08-31,claims,ICSA,DOL,2023-08-26,level,228000.0,230000.0,2000.0,naive_prior,230000.0,-2000.0
2023-08-31,pce,PCEPI,BEA,2023-07-01,level,127.445,127.178,-0.003999999999990678,naive_prior,127.178,0.2669999999999959
2023-09-01,empsit,PAYEMS,BLS,2023-08-01,change,187.0,156342.0,-110.0,naive_prior,187.0,0.0
2023-09-01,unrate,UNRATE,BLS,2023-08-01,level,3.8,3.5,0.0,naive_prior,3.5,0.2999999999999998
2023-09-07,claims,ICSA,DOL,2023-09-02,level,216000.0,228000.0,1000.0,naive_prior,228000.0,-12000.0
2023-09-13,cpi,CPIAUCSL,BLS,2023-08-01,level,306.269,304.348,0.0,naive_prior,304.348,1.9209999999999923
2023-09-13,cpi_core,CPILFESL,BLS,2023-08-01,level,309.661,308.801,0.0,naive_prior,308.801,0.8600000000000136
2023-09-14,claims,ICSA,DOL,2023-09-09,level,220000.0,216000.0,1000.0,naive_prior,216000.0,4000.0
2023-09-14,ppi,PPIFIS,BLS,2023-08-01,level,142.026,140.946,0.033999999999991815,naive_prior,140.946,1.0800000000000125
2023-09-14,retail,RSAFS,Census,2023-08-01,level,697557.0,696354.0,-2686.0,naive_prior,696354.0,1203.0
2023-09-21,claims,ICSA,DOL,2023-09-16,level,201000.0,220000.0,1000.0,naive_prior,220000.0,-19000.0
2023-09-28,claims,ICSA,DOL,2023-09-23,level,204000.0,201000.0,1000.0,naive_prior,201000.0,3000.0
2023-09-29,pce,PCEPI,BEA,2023-08-01,level,120.953,127.445,-6.966999999999999,naive_prior,127.445,-6.49199999999999
2023-10-05,claims,ICSA,DOL,2023-09-30,level,207000.0,204000.0,1000.0,naive_prior,204000.0,3000.0
2023-10-06,empsit,PAYEMS,BLS,2023-09-01,change,336.0,156419.0,119.0,naive_prior,187.0,149.0
2023-10-06,unrate,UNRATE,BLS,2023-09-01,level,3.8,3.8,0.0,naive_prior,3.8,0.0
2023-10-11,ppi,PPIFIS,BLS,2023-09-01,level,143.211,142.026,0.4590000000000032,naive_prior,142.026,1.1850000000000023
2023-10-12,claims,ICSA,DOL,2023-10-07,level,209000.0,207000.0,2000.0,naive_prior,207000.0,2000.0
2023-10-12,cpi,CPIAUCSL,BLS,2023-09-01,level,307.481,306.269,0.0,naive_prior,306.269,1.211999999999989
2023-10-12,cpi_core,CPILFESL,BLS,2023-09-01,level,310.661,309.661,0.0,naive_prior,309.661,1.0
2023-10-17,retail,RSAFS,Census,2023-09-01,level,704881.0,697557.0,2325.0,naive_prior,697557.0,7324.0
2023-10-19,claims,ICSA,DOL,2023-10-14,level,198000.0,209000.0,2000.0,naive_prior,209000.0,-11000.0
2023-10-26,claims,ICSA,DOL,2023-10-21,level,210000.0,198000.0,2000.0,naive_prior,198000.0,12000.0
2023-10-26,gdp,GDP,BEA,2023-07-01,level,27623.543,26834.953,228.05899999999747,naive_prior,26834.953,788.5900000000001
2023-10-27,pce,PCEPI,BEA,2023-09-01,level,121.348,120.953,-0.036000000000001364,naive_prior,120.953,0.394999999999996
2023-11-02,claims,ICSA,DOL,2023-10-28,level,217000.0,210000.0,2000.0,naive_prior,210000.0,7000.0
2023-11-03,empsit,PAYEMS,BLS,2023-10-01,change,150.0,156874.0,-101.0,naive_prior,336.0,-186.0
2023-11-03,unrate,UNRATE,BLS,2023-10-01,level,3.9,3.8,0.0,naive_prior,3.8,0.10000000000000009
2023-11-09,claims,ICSA,DOL,2023-11-04,level,217000.0,217000.0,3000.0,naive_prior,217000.0,0.0
2023-11-14,cpi,CPIAUCSL,BLS,2023-10-01,level,307.619,307.481,0.0,naive_prior,307.481,0.13800000000003365
2023-11-14,cpi_core,CPILFESL,BLS,2023-10-01,level,311.365,310.661,0.0,naive_prior,310.661,0.7040000000000077
2023-11-15,ppi,PPIFIS,BLS,2023-10-01,level,142.536,143.211,-0.01500000000001478,naive_prior,143.211,-0.6750000000000114
2023-11-15,retail,RSAFS,Census,2023-10-01,level,704954.0,704881.0,820.0,naive_prior,704881.0,73.0
2023-11-16,claims,ICSA,DOL,2023-11-11,level,231000.0,217000.0,1000.0,naive_prior,217000.0,14000.0
2023-11-22,claims,ICSA,DOL,2023-11-18,level,209000.0,231000.0,2000.0,naive_prior,231000.0,-22000.0
2023-11-30,claims,ICSA,DOL,2023-11-25,level,218000.0,209000.0,2000.0,naive_prior,209000.0,9000.0
2023-11-30,pce,PCEPI,BEA,2023-10-01,level,121.385,121.348,-0.022999999999996135,naive_prior,121.348,0.03700000000000614
2023-12-07,claims,ICSA,DOL,2023-12-02,level,220000.0,218000.0,1000.0,naive_prior,218000.0,2000.0
2023-12-08,empsit,PAYEMS,BLS,2023-11-01,change,199.0,156923.0,-35.0,naive_prior,150.0,49.0
2023-12-08,unrate,UNRATE,BLS,2023-11-01,level,3.7,3.9,0.0,naive_prior,3.9,-0.19999999999999973
2023-12-12,cpi,CPIAUCSL,BLS,2023-11-01,level,307.917,307.619,0.0,naive_prior,307.619,0.297999999999945
2023-12-12,cpi_core,CPILFESL,BLS,2023-11-01,level,312.251,311.365,0.0,naive_prior,311.365,0.8859999999999673
2023-12-13,ppi,PPIFIS,BLS,2023-11-01,level,142.37,142.536,-0.15800000000001546,naive_prior,142.536,-0.16599999999999682
2023-12-14,claims,ICSA,DOL,2023-12-09,level,202000.0,220000.0,1000.0,naive_prior,220000.0,-18000.0
2023-12-14,retail,RSAFS,Census,2023-11-01,level,705692.0,704954.0,-1206.0,naive_prior,704954.0,738.0
2023-12-21,claims,ICSA,DOL,2023-12-16,level,205000.0,202000.0,1000.0,naive_prior,202000.0,3000.0
2023-12-22,pce,PCEPI,BEA,2023-11-01,level,121.222,121.385,-0.07600000000000762,naive_prior,121.385,-0.16300000000001091
2023-12-28,claims,ICSA,DOL,2023-12-23,level,218000.0,205000.0,1000.0,naive_prior,205000.0,13000.0
2024-01-04,claims,ICSA,DOL,2023-12-30,level,202000.0,218000.0,2000.0,naive_prior,218000.0,-16000.0
2024-01-05,empsit,PAYEMS,BLS,2023-12-01,change,216.0,157087.0,-71.0,naive_prior,199.0,17.0
2024-01-05,unrate,UNRATE,BLS,2023-12-01,level,3.7,3.7,0.0,naive_prior,3.7,0.0
2024-01-11,claims,ICSA,DOL,2024-01-06,level,202000.0,202000.0,1000.0,naive_prior,202000.0,0.0
2024-01-11,cpi,CPIAUCSL,BLS,2023-12-01,level,308.85,307.917,0.0,naive_prior,307.917,0.9330000000000496
2024-01-11,cpi_core,CPILFESL,BLS,2023-12-01,level,313.216,312.251,0.0,naive_prior,312.251,0.9650000000000318
2024-01-12,ppi,PPIFIS,BLS,2023-12-01,level,142.055,142.37,-0.12700000000000955,naive_prior,142.37,-0.3149999999999977
2024-01-17,retail,RSAFS,Census,2023-12-01,level,709890.0,705692.0,289.0,naive_prior,705692.0,4198.0
2024-01-18,claims,ICSA,DOL,2024-01-13,level,187000.0,202000.0,1000.0,naive_prior,202000.0,-15000.0
2024-01-25,claims,ICSA,DOL,2024-01-20,level,214000.0,187000.0,2000.0,naive_prior,187000.0,27000.0
2024-01-25,gdp,GDP,BEA,2023-10-01,level,27938.831,27623.543,-13.415000000000873,naive_prior,27623.543,315.2879999999968
2024-01-26,pce,PCEPI,BEA,2023-12-01,level,121.421,121.222,-0.003999999999990678,naive_prior,121.222,0.19900000000001228
2024-02-01,claims,ICSA,DOL,2024-01-27,level,224000.0,214000.0,1000.0,naive_prior,214000.0,10000.0
2024-02-02,empsit,PAYEMS,BLS,2024-01-01,change,353.0,157232.0,115.0,naive_prior,216.0,137.0
2024-02-02,unrate,UNRATE,BLS,2024-01-01,level,3.7,3.7,0.0,naive_prior,3.7,0.0
2024-02-08,claims,ICSA,DOL,2024-02-03,level,218000.0,224000.0,3000.0,naive_prior,224000.0,-6000.0
2024-02-13,cpi,CPIAUCSL,BLS,2024-01-01,level,309.685,308.85,-0.10800000000000409,naive_prior,308.85,0.8349999999999795
2024-02-13,cpi_core,CPILFESL,BLS,2024-01-01,level,314.438,313.216,-0.007000000000005002,naive_prior,313.216,1.22199999999998
2024-02-15,claims,ICSA,DOL,2024-02-10,level,212000.0,218000.0,2000.0,naive_prior,218000.0,-6000.0
2024-02-15,retail,RSAFS,Census,2024-01-01,level,700291.0,709890.0,-3710.0,naive_prior,709890.0,-9599.0
2024-02-16,ppi,PPIFIS,BLS,2024-01-01,level,142.488,142.055,-0.03499999999999659,naive_prior,142.055,0.4329999999999927
2024-02-22,claims,ICSA,DOL,2024-02-17,level,201000.0,212000.0,1000.0,naive_prior,212000.0,-11000.0
2024-02-29,claims,ICSA,DOL,2024-02-24,level,215000.0,201000.0,1000.0,naive_prior,201000.0,14000.0
2024-02-29,pce,PCEPI,BEA,2024-01-01,level,121.87,121.421,0.029999999999986926,naive_prior,121.421,0.44899999999999807
2024-03-07,claims,ICSA,DOL,2024-03-02,level,217000.0,215000.0,2000.0,naive_prior,215000.0,2000.0
2024-03-08,empsit,PAYEMS,BLS,2024-02-01,change,275.0,157700.0,-167.0,naive_prior,353.0,-78.0
2024-03-08,unrate,UNRATE,BLS,2024-02-01,level,3.9,3.7,0.0,naive_prior,3.7,0.19999999999999973
2024-03-12,cpi,CPIAUCSL,BLS,2024-02-01,level,311.054,309.685,0.0,naive_prior,309.685,1.3689999999999714
2024-03-12,cpi_core,CPILFESL,BLS,2024-02-01,level,315.565,314.438,0.0,naive_prior,314.438,1.1270000000000095
2024-03-14,claims,ICSA,DOL,2024-03-09,level,209000.0,217000.0,-7000.0,naive_prior,217000.0,-8000.0
2024-03-14,ppi,PPIFIS,BLS,2024-02-01,level,143.431,142.488,0.14400000000000546,naive_prior,142.488,0.943000000000012
2024-03-14,retail,RSAFS,Census,2024-02-01,level,700727.0,700291.0,-3581.0,naive_prior,700291.0,436.0
2024-03-21,claims,ICSA,DOL,2024-03-16,level,210000.0,209000.0,3000.0,naive_prior,209000.0,1000.0
2024-03-28,claims,ICSA,DOL,2024-03-23,level,210000.0,210000.0,2000.0,naive_prior,210000.0,0.0
2024-03-29,pce,PCEPI,BEA,2024-02-01,level,122.312,121.87,0.036000000000001364,naive_prior,121.87,0.44199999999999307
2024-04-04,claims,ICSA,DOL,2024-03-30,level,221000.0,210000.0,2000.0,naive_prior,210000.0,11000.0
2024-04-05,empsit,PAYEMS,BLS,2024-03-01,change,303.0,157808.0,22.0,naive_prior,275.0,28.0
2024-04-05,unrate,UNRATE,BLS,2024-03-01,level,3.8,3.9,0.0,naive_prior,3.9,-0.10000000000000009
2024-04-10,cpi,CPIAUCSL,BLS,2024-03-01,level,312.23,311.054,0.0,naive_prior,311.054,1.1760000000000446
2024-04-10,cpi_core,CPILFESL,BLS,2024-03-01,level,316.698,315.565,0.0,naive_prior,315.565,1.1329999999999814
2024-04-11,claims,ICSA,DOL,2024-04-06,level,211000.0,221000.0,1000.0,naive_prior,221000.0,-10000.0
2024-04-11,ppi,PPIFIS,BLS,2024-03-01,level,143.687,143.431,0.03499999999999659,naive_prior,143.431,0.2560000000000002
2024-04-15,retail,RSAFS,Census,2024-03-01,level,709590.0,700727.0,3801.0,naive_prior,700727.0,8863.0
2024-04-18,claims,ICSA,DOL,2024-04-13,level,212000.0,211000.0,1000.0,naive_prior,211000.0,1000.0
2024-04-25,claims,ICSA,DOL,2024-04-20,level,207000.0,212000.0,0.0,naive_prior,212000.0,-5000.0
2024-04-25,gdp,GDP,BEA,2024-01-01,level,28284.498,27938.831,18.16700000000128,naive_prior,27938.831,345.6670000000013
2024-04-26,pce,PCEPI,BEA,2024-03-01,level,122.769,122.312,0.06199999999999761,naive_prior,122.312,0.45700000000000784
2024-05-02,claims,ICSA,DOL,2024-04-27,level,208000.0,207000.0,1000.0,naive_prior,207000.0,1000.0
2024-05-03,empsit,PAYEMS,BLS,2024-04-01,change,175.0,158133.0,-22.0,naive_prior,303.0,-128.0
2024-05-03,unrate,UNRATE,BLS,2024-04-01,level,3.9,3.8,0.0,naive_prior,3.8,0.10000000000000009
2024-05-09,claims,ICSA,DOL,2024-05-04,level,231000.0,208000.0,1000.0,naive_prior,208000.0,23000.0
2024-05-14,ppi,PPIFIS,BLS,2024-04-01,level,144.063,143.687,-0.36700000000001864,naive_prior,143.687,0.37599999999997635
2024-05-15,cpi,CPIAUCSL,BLS,2024-04-01,level,313.207,312.23,0.0,naive_prior,312.23,0.9769999999999754
2024-05-15,cpi_core,CPILFESL,BLS,2024-04-01,level,317.622,316.698,0.0,naive_prior,316.698,0.924000000000035
2024-05-15,retail,RSAFS,Census,2024-04-01,level,705180.0,709590.0,-4533.0,naive_prior,709590.0,-4410.0
2024-05-16,claims,ICSA,DOL,2024-05-11,level,222000.0,231000.0,1000.0,naive_prior,231000.0,-9000.0
2024-05-23,claims,ICSA,DOL,2024-05-18,level,215000.0,222000.0,1000.0,naive_prior,222000.0,-7000.0
2024-05-30,claims,ICSA,DOL,2024-05-25,level,219000.0,215000.0,1000.0,naive_prior,215000.0,4000.0
2024-05-31,pce,PCEPI,BEA,2024-04-01,level,123.076,122.769,-0.008000000000009777,naive_prior,122.769,0.30699999999998795
2024-06-06,claims,ICSA,DOL,2024-06-01,level,229000.0,219000.0,2000.0,naive_prior,219000.0,10000.0
2024-06-07,empsit,PAYEMS,BLS,2024-05-01,change,272.0,158286.0,-15.0,naive_prior,175.0,97.0
2024-06-07,unrate,UNRATE,BLS,2024-05-01,level,4.0,3.9,0.0,naive_prior,3.9,0.10000000000000009
2024-06-12,cpi,CPIAUCSL,BLS,2024-05-01,level,313.225,313.207,0.0,naive_prior,313.207,0.018000000000029104
2024-06-12,cpi_core,CPILFESL,BLS,2024-05-01,level,318.14,317.622,0.0,naive_prior,317.622,0.5179999999999723
2024-06-13,claims,ICSA,DOL,2024-06-08,level,242000.0,229000.0,0.0,naive_prior,229000.0,13000.0
2024-06-13,ppi,PPIFIS,BLS,2024-05-01,level,143.822,144.063,0.11600000000001387,naive_prior,144.063,-0.24099999999998545
2024-06-18,retail,RSAFS,Census,2024-05-01,level,703088.0,705180.0,-2722.0,naive_prior,705180.0,-2092.0
2024-06-20,claims,ICSA,DOL,2024-06-15,level,238000.0,242000.0,1000.0,naive_prior,242000.0,-4000.0
2024-06-27,claims,ICSA,DOL,2024-06-22,level,233000.0,238000.0,1000.0,naive_prior,238000.0,-5000.0
2024-06-28,pce,PCEPI,BEA,2024-05-01,level,123.096,123.076,0.030000000000001137,naive_prior,123.076,0.020000000000010232
2024-07-03,claims,ICSA,DOL,2024-06-29,level,238000.0,233000.0,1000.0,naive_prior,233000.0,5000.0
2024-07-05,empsit,PAYEMS,BLS,2024-06-01,change,206.0,158543.0,-111.0,naive_prior,272.0,-66.0
2024-07-05,unrate,UNRATE,BLS,2024-06-01,level,4.1,4.0,0.0,naive_prior,4.0,0.09999999999999964
2024-07-11,claims,ICSA,DOL,2024-07-06,level,222000.0,238000.0,1000.0,naive_prior,238000.0,-16000.0
2024-07-11,cpi,CPIAUCSL,BLS,2024-06-01,level,313.049,313.225,0.0,naive_prior,313.225,-0.17600000000004457
2024-07-11,cpi_core,CPILFESL,BLS,2024-06-01,level,318.346,318.14,0.0,naive_prior,318.14,0.20600000000001728
2024-07-12,ppi,PPIFIS,BLS,2024-06-01,level,144.402,143.822,0.257000000000005,naive_prior,143.822,0.5799999999999841
2024-07-16,retail,RSAFS,Census,2024-06-01,level,704324.0,703088.0,1395.0,naive_prior,703088.0,1236.0
2024-07-18,claims,ICSA,DOL,2024-07-13,level,243000.0,222000.0,1000.0,naive_prior,222000.0,21000.0
2024-07-25,claims,ICSA,DOL,2024-07-20,level,235000.0,243000.0,2000.0,naive_prior,243000.0,-8000.0
2024-07-25,gdp,GDP,BEA,2024-04-01,level,28629.153,28284.498,-15.324000000000524,naive_prior,28284.498,344.65499999999884
2024-07-26,pce,PCEPI,BEA,2024-06-01,level,123.243,123.096,0.04999999999999716,naive_prior,123.096,0.14699999999999136
2024-08-01,claims,ICSA,DOL,2024-07-27,level,249000.0,235000.0,0.0,naive_prior,235000.0,14000.0
2024-08-02,empsit,PAYEMS,BLS,2024-07-01,change,114.0,158638.0,-29.0,naive_prior,206.0,-92.0
2024-08-02,unrate,UNRATE,BLS,2024-07-01,level,4.3,4.1,0.0,naive_prior,4.1,0.20000000000000018
2024-08-08,claims,ICSA,DOL,2024-08-03,level,233000.0,249000.0,1000.0,naive_prior,249000.0,-16000.0
2024-08-13,ppi,PPIFIS,BLS,2024-07-01,level,144.673,144.402,0.1290000000000191,naive_prior,144.402,0.271000000000015
2024-08-14,cpi,CPIAUCSL,BLS,2024-07-01,level,313.534,313.049,0.0,naive_prior,313.049,0.48500000000001364
2024-08-14,cpi_core,CPILFESL,BLS,2024-07-01,level,318.872,318.346,0.0,naive_prior,318.346,0.5260000000000105
2024-08-15,claims,ICSA,DOL,2024-08-10,level,227000.0,233000.0,1000.0,naive_prior,233000.0,-6000.0
2024-08-15,retail,RSAFS,Census,2024-07-01,level,709668.0,704324.0,-1462.0,naive_prior,704324.0,5344.0
2024-08-22,claims,ICSA,DOL,2024-08-17,level,232000.0,227000.0,1000.0,naive_prior,227000.0,5000.0
2024-08-29,claims,ICSA,DOL,2024-08-24,level,231000.0,232000.0,1000.0,naive_prior,232000.0,-1000.0
2024-08-30,pce,PCEPI,BEA,2024-07-01,level,123.378,123.243,-0.055999999999997385,naive_prior,123.243,0.13500000000000512
2024-09-05,claims,ICSA,DOL,2024-08-31,level,227000.0,231000.0,1000.0,naive_prior,231000.0,-4000.0
2024-09-06,empsit,PAYEMS,BLS,2024-08-01,change,142.0,158723.0,-86.0,naive_prior,114.0,28.0
2024-09-06,unrate,UNRATE,BLS,2024-08-01,level,4.2,4.3,0.0,naive_prior,4.3,-0.09999999999999964
2024-09-11,cpi,CPIAUCSL,BLS,2024-08-01,level,314.121,313.534,0.0,naive_prior,313.534,0.5869999999999891
2024-09-11,cpi_core,CPILFESL,BLS,2024-08-01,level,319.768,318.872,0.0,naive_prior,318.872,0.8959999999999582
2024-09-12,claims,ICSA,DOL,2024-09-07,level,230000.0,227000.0,1000.0,naive_prior,227000.0,3000.0
2024-09-12,ppi,PPIFIS,BLS,2024-08-01,level,144.854,144.673,-0.1670000000000016,naive_prior,144.673,0.1810000000000116
2024-09-17,retail,RSAFS,Census,2024-08-01,level,710773.0,709668.0,741.0,naive_prior,709668.0,1105.0
2024-09-19,claims,ICSA,DOL,2024-09-14,level,219000.0,230000.0,1000.0,naive_prior,230000.0,-11000.0
2024-09-26,claims,ICSA,DOL,2024-09-21,level,218000.0,219000.0,3000.0,naive_prior,219000.0,-1000.0
2024-09-27,pce,PCEPI,BEA,2024-08-01,level,123.67,123.378,0.18000000000000682,naive_prior,123.378,0.2920000000000016
2024-10-03,claims,ICSA,DOL,2024-09-28,level,225000.0,218000.0,1000.0,naive_prior,218000.0,7000.0
2024-10-04,empsit,PAYEMS,BLS,2024-09-01,change,254.0,158779.0,72.0,naive_prior,142.0,112.0
2024-10-04,unrate,UNRATE,BLS,2024-09-01,level,4.1,4.2,0.0,naive_prior,4.2,-0.10000000000000053
2024-10-10,claims,ICSA,DOL,2024-10-05,level,258000.0,225000.0,0.0,naive_prior,225000.0,33000.0
2024-10-10,cpi,CPIAUCSL,BLS,2024-09-01,level,314.686,314.121,0.0,naive_prior,314.121,0.5649999999999977
2024-10-10,cpi_core,CPILFESL,BLS,2024-09-01,level,320.767,319.768,0.0,naive_prior,319.768,0.9990000000000236
2024-10-11,ppi,PPIFIS,BLS,2024-09-01,level,145.173,144.854,0.24899999999999523,naive_prior,144.854,0.3189999999999884
2024-10-17,claims,ICSA,DOL,2024-10-12,level,241000.0,258000.0,2000.0,naive_prior,258000.0,-17000.0
2024-10-17,retail,RSAFS,Census,2024-09-01,level,714358.0,710773.0,518.0,naive_prior,710773.0,3585.0
2024-10-24,claims,ICSA,DOL,2024-10-19,level,227000.0,241000.0,1000.0,naive_prior,241000.0,-14000.0
2024-10-30,gdp,GDP,BEA,2024-07-01,level,29349.924,28629.153,387.5610000000015,naive_prior,28629.153,720.7710000000006
2024-10-31,claims,ICSA,DOL,2024-10-26,level,216000.0,227000.0,1000.0,naive_prior,227000.0,-11000.0
2024-10-31,pce,PCEPI,BEA,2024-09-01,level,123.93,123.67,0.042999999999992156,naive_prior,123.67,0.2600000000000051
2024-11-01,empsit,PAYEMS,BLS,2024-10-01,change,12.0,159105.0,-112.0,naive_prior,254.0,-242.0
2024-11-01,unrate,UNRATE,BLS,2024-10-01,level,4.1,4.1,0.0,naive_prior,4.1,0.0
2024-11-07,claims,ICSA,DOL,2024-11-02,level,221000.0,216000.0,2000.0,naive_prior,216000.0,5000.0
2024-11-13,cpi,CPIAUCSL,BLS,2024-10-01,level,315.454,314.686,0.0,naive_prior,314.686,0.7680000000000291
2024-11-13,cpi_core,CPILFESL,BLS,2024-10-01,level,321.666,320.767,0.0,naive_prior,320.767,0.8990000000000009
2024-11-14,claims,ICSA,DOL,2024-11-09,level,217000.0,221000.0,0.0,naive_prior,221000.0,-4000.0
2024-11-14,ppi,PPIFIS,BLS,2024-10-01,level,145.615,145.173,0.1560000000000059,naive_prior,145.173,0.4420000000000073
2024-11-15,retail,RSAFS,Census,2024-10-01,level,718867.0,714358.0,1668.0,naive_prior,714358.0,4509.0
2024-11-21,claims,ICSA,DOL,2024-11-16,level,213000.0,217000.0,2000.0,naive_prior,217000.0,-4000.0
2024-11-27,claims,ICSA,DOL,2024-11-23,level,213000.0,213000.0,2000.0,naive_prior,213000.0,0.0
2024-11-27,pce,PCEPI,BEA,2024-10-01,level,124.226,123.93,0.000999999999990564,naive_prior,123.93,0.29599999999999227
2024-12-05,claims,ICSA,DOL,2024-11-30,level,224000.0,213000.0,2000.0,naive_prior,213000.0,11000.0
2024-12-06,empsit,PAYEMS,BLS,2024-11-01,change,227.0,159005.0,56.0,naive_prior,12.0,215.0
2024-12-06,unrate,UNRATE,BLS,2024-11-01,level,4.2,4.1,0.0,naive_prior,4.1,0.10000000000000053
2024-12-11,cpi,CPIAUCSL,BLS,2024-11-01,level,316.441,315.454,0.0,naive_prior,315.454,0.9869999999999663
2024-12-11,cpi_core,CPILFESL,BLS,2024-11-01,level,322.657,321.666,0.0,naive_prior,321.666,0.9909999999999854
2024-12-12,claims,ICSA,DOL,2024-12-07,level,242000.0,224000.0,1000.0,naive_prior,224000.0,18000.0
2024-12-12,ppi,PPIFIS,BLS,2024-11-01,level,146.493,145.615,0.3259999999999934,naive_prior,145.615,0.8779999999999859
2024-12-17,retail,RSAFS,Census,2024-11-01,level,724609.0,718867.0,809.0,naive_prior,718867.0,5742.0
2024-12-19,claims,ICSA,DOL,2024-12-14,level,220000.0,242000.0,0.0,naive_prior,242000.0,-22000.0
2024-12-20,pce,PCEPI,BEA,2024-11-01,level,124.382,124.226,-0.0030000000000001137,naive_prior,124.226,0.1560000000000059
2024-12-26,claims,ICSA,DOL,2024-12-21,level,219000.0,220000.0,0.0,naive_prior,220000.0,-1000.0
2025-01-02,claims,ICSA,DOL,2024-12-28,level,211000.0,219000.0,1000.0,naive_prior,219000.0,-8000.0
2025-01-08,claims,ICSA,DOL,2025-01-04,level,201000.0,211000.0,0.0,naive_prior,211000.0,-10000.0
2025-01-10,empsit,PAYEMS,BLS,2024-12-01,change,256.0,159288.0,-8.0,naive_prior,227.0,29.0
2025-01-10,unrate,UNRATE,BLS,2024-12-01,level,4.1,4.2,0.0,naive_prior,4.2,-0.10000000000000053
2025-01-14,ppi,PPIFIS,BLS,2024-12-01,level,146.842,146.493,0.027999999999991587,naive_prior,146.493,0.34900000000001796
2025-01-15,cpi,CPIAUCSL,BLS,2024-12-01,level,317.685,316.441,0.0,naive_prior,316.441,1.2440000000000282
2025-01-15,cpi_core,CPILFESL,BLS,2024-12-01,level,323.383,322.657,0.0,naive_prior,322.657,0.7259999999999991
2025-01-16,claims,ICSA,DOL,2025-01-11,level,217000.0,201000.0,2000.0,naive_prior,201000.0,16000.0
2025-01-16,retail,RSAFS,Census,2024-12-01,level,729191.0,724609.0,1316.0,naive_prior,724609.0,4582.0
2025-01-23,claims,ICSA,DOL,2025-01-18,level,223000.0,217000.0,0.0,naive_prior,217000.0,6000.0
2025-01-30,claims,ICSA,DOL,2025-01-25,level,207000.0,223000.0,0.0,naive_prior,223000.0,-16000.0
2025-01-30,gdp,GDP,BEA,2024-10-01,level,29700.58,29349.924,24.9900000000016,naive_prior,29349.924,350.6560000000027
2025-01-31,pce,PCEPI,BEA,2024-12-01,level,124.705,124.382,0.0049999999999954525,naive_prior,124.382,0.3229999999999933
2025-02-06,claims,ICSA,DOL,2025-02-01,level,219000.0,207000.0,1000.0,naive_prior,207000.0,12000.0
2025-02-07,empsit,PAYEMS,BLS,2025-01-01,change,143.0,159536.0,-610.0,naive_prior,256.0,-113.0
2025-02-07,unrate,UNRATE,BLS,2025-01-01,level,4.0,4.1,0.0,naive_prior,4.1,-0.09999999999999964
2025-02-12,cpi,CPIAUCSL,BLS,2025-01-01,level,319.086,317.685,-0.08199999999999363,naive_prior,317.685,1.4010000000000105
2025-02-12,cpi_core,CPILFESL,BLS,2025-01-01,level,324.739,323.383,-0.08699999999998909,naive_prior,323.383,1.3559999999999945
2025-02-13,claims,ICSA,DOL,2025-02-08,level,213000.0,219000.0,1000.0,naive_prior,219000.0,-6000.0
2025-02-13,ppi,PPIFIS,BLS,2025-01-01,level,147.716,146.842,0.2849999999999966,naive_prior,146.842,0.8739999999999952
2025-02-14,retail,RSAFS,Census,2025-01-01,level,723853.0,729191.0,1109.0,naive_prior,729191.0,-5338.0
2025-02-20,claims,ICSA,DOL,2025-02-15,level,219000.0,213000.0,1000.0,naive_prior,213000.0,6000.0
2025-02-27,claims,ICSA,DOL,2025-02-22,level,242000.0,219000.0,1000.0,naive_prior,219000.0,23000.0
2025-02-28,pce,PCEPI,BEA,2025-01-01,level,125.175,124.705,0.06400000000000716,naive_prior,124.705,0.46999999999999886
2025-03-06,claims,ICSA,DOL,2025-03-01,level,221000.0,242000.0,0.0,naive_prior,242000.0,-21000.0
2025-03-07,empsit,PAYEMS,BLS,2025-02-01,change,151.0,159069.0,-2.0,naive_prior,143.0,8.0
2025-03-07,unrate,UNRATE,BLS,2025-02-01,level,4.1,4.0,0.0,naive_prior,4.0,0.09999999999999964
2025-03-12,cpi,CPIAUCSL,BLS,2025-02-01,level,319.775,319.086,0.0,naive_prior,319.086,0.6889999999999645
2025-03-12,cpi_core,CPILFESL,BLS,2025-02-01,level,325.475,324.739,0.0,naive_prior,324.739,0.7360000000000468
2025-03-13,claims,ICSA,DOL,2025-03-08,level,220000.0,221000.0,1000.0,naive_prior,221000.0,-1000.0
2025-03-13,ppi,PPIFIS,BLS,2025-02-01,level,147.953,147.716,0.25899999999998613,naive_prior,147.716,0.23699999999999477
2025-03-17,retail,RSAFS,Census,2025-02-01,level,722708.0,723853.0,-2553.0,naive_prior,723853.0,-1145.0
2025-03-20,claims,ICSA,DOL,2025-03-15,level,223000.0,220000.0,1000.0,naive_prior,220000.0,3000.0
2025-03-27,claims,ICSA,DOL,2025-03-22,level,224000.0,223000.0,2000.0,naive_prior,223000.0,1000.0
2025-03-28,pce,PCEPI,BEA,2025-02-01,level,125.6,125.175,0.013999999999995794,naive_prior,125.175,0.42499999999999716
2025-04-03,claims,ICSA,DOL,2025-03-29,level,219000.0,224000.0,1000.0,naive_prior,224000.0,-5000.0
2025-04-04,empsit,PAYEMS,BLS,2025-03-01,change,228.0,159218.0,-48.0,naive_prior,151.0,77.0
2025-04-04,unrate,UNRATE,BLS,2025-03-01,level,4.2,4.1,0.0,naive_prior,4.1,0.10000000000000053
2025-04-10,claims,ICSA,DOL,2025-04-05,level,223000.0,219000.0,0.0,naive_prior,219000.0,4000.0
2025-04-10,cpi,CPIAUCSL,BLS,2025-03-01,level,319.615,319.775,0.0,naive_prior,319.775,-0.15999999999996817
2025-04-10,cpi_core,CPILFESL,BLS,2025-03-01,level,325.659,325.475,0.0,naive_prior,325.475,0.18399999999996908
2025-04-11,ppi,PPIFIS,BLS,2025-03-01,level,147.464,147.953,0.09199999999998454,naive_prior,147.953,-0.4890000000000043
2025-04-16,retail,RSAFS,Census,2025-03-01,level,734870.0,722708.0,1827.0,naive_prior,722708.0,12162.0
2025-04-17,claims,ICSA,DOL,2025-04-12,level,215000.0,223000.0,1000.0,naive_prior,223000.0,-8000.0
2025-04-24,claims,ICSA,DOL,2025-04-19,level,222000.0,215000.0,1000.0,naive_prior,215000.0,7000.0
2025-04-30,gdp,GDP,BEA,2025-01-01,level,29977.632,29700.58,23.28399999999965,naive_prior,29700.58,277.0519999999997
2025-04-30,pce,PCEPI,BEA,2025-03-01,level,125.732,125.6,0.1880000000000024,naive_prior,125.6,0.132000000000005
2025-05-01,claims,ICSA,DOL,2025-04-26,level,241000.0,222000.0,1000.0,naive_prior,222000.0,19000.0
2025-05-02,empsit,PAYEMS,BLS,2025-04-01,change,177.0,159398.0,-58.0,naive_prior,228.0,-51.0
2025-05-02,unrate,UNRATE,BLS,2025-04-01,level,4.2,4.2,0.0,naive_prior,4.2,0.0
2025-05-08,claims,ICSA,DOL,2025-05-03,level,228000.0,241000.0,0.0,naive_prior,241000.0,-13000.0
2025-05-13,cpi,CPIAUCSL,BLS,2025-04-01,level,320.321,319.615,0.0,naive_prior,319.615,0.7060000000000173
2025-05-13,cpi_core,CPILFESL,BLS,2025-04-01,level,326.43,325.659,0.0,naive_prior,325.659,0.771000000000015
2025-05-15,claims,ICSA,DOL,2025-05-10,level,229000.0,228000.0,1000.0,naive_prior,228000.0,1000.0
2025-05-15,ppi,PPIFIS,BLS,2025-04-01,level,147.677,147.464,0.9099999999999966,naive_prior,147.464,0.21299999999999386
2025-05-15,retail,RSAFS,Census,2025-04-01,level,724131.0,734870.0,-11156.0,naive_prior,734870.0,-10739.0
2025-05-22,claims,ICSA,DOL,2025-05-17,level,227000.0,229000.0,0.0,naive_prior,229000.0,-2000.0
2025-05-29,claims,ICSA,DOL,2025-05-24,level,240000.0,227000.0,-1000.0,naive_prior,227000.0,13000.0
2025-05-30,pce,PCEPI,BEA,2025-04-01,level,125.88,125.732,0.02200000000000557,naive_prior,125.732,0.14799999999999613
2025-06-05,claims,ICSA,DOL,2025-05-31,level,247000.0,240000.0,-1000.0,naive_prior,240000.0,7000.0
2025-06-06,empsit,PAYEMS,BLS,2025-05-01,change,139.0,159517.0,-95.0,naive_prior,177.0,-38.0
2025-06-06,unrate,UNRATE,BLS,2025-05-01,level,4.2,4.2,0.0,naive_prior,4.2,0.0
2025-06-11,cpi,CPIAUCSL,BLS,2025-05-01,level,320.58,320.321,0.0,naive_prior,320.321,0.2589999999999577
2025-06-11,cpi_core,CPILFESL,BLS,2025-05-01,level,326.854,326.43,0.0,naive_prior,326.43,0.42399999999997817
2025-06-12,claims,ICSA,DOL,2025-06-07,level,248000.0,247000.0,1000.0,naive_prior,247000.0,1000.0
2025-06-12,ppi,PPIFIS,BLS,2025-05-01,level,148.072,147.677,0.20699999999999363,naive_prior,147.677,0.39500000000001023
2025-06-17,retail,RSAFS,Census,2025-05-01,level,715417.0,724131.0,-2148.0,naive_prior,724131.0,-8714.0
2025-06-18,claims,ICSA,DOL,2025-06-14,level,245000.0,248000.0,2000.0,naive_prior,248000.0,-3000.0
2025-06-26,claims,ICSA,DOL,2025-06-21,level,236000.0,245000.0,1000.0,naive_prior,245000.0,-9000.0
2025-06-27,pce,PCEPI,BEA,2025-05-01,level,126.11,125.88,0.0589999999999975,naive_prior,125.88,0.23000000000000398
2025-07-03,claims,ICSA,DOL,2025-06-28,level,233000.0,236000.0,1000.0,naive_prior,236000.0,-3000.0
2025-07-03,empsit,PAYEMS,BLS,2025-06-01,change,147.0,159561.0,16.0,naive_prior,139.0,8.0
2025-07-03,unrate,UNRATE,BLS,2025-06-01,level,4.1,4.2,0.0,naive_prior,4.2,-0.10000000000000053
2025-07-10,claims,ICSA,DOL,2025-07-05,level,227000.0,233000.0,-1000.0,naive_prior,233000.0,-6000.0
2025-07-15,cpi,CPIAUCSL,BLS,2025-06-01,level,321.5,320.58,0.0,naive_prior,320.58,0.9200000000000159
2025-07-15,cpi_core,CPILFESL,BLS,2025-06-01,level,327.6,326.854,0.0,naive_prior,326.854,0.7460000000000377
2025-07-16,ppi,PPIFIS,BLS,2025-06-01,level,148.236,148.072,0.1560000000000059,naive_prior,148.072,0.16399999999998727
2025-07-17,claims,ICSA,DOL,2025-07-12,level,221000.0,227000.0,1000.0,naive_prior,227000.0,-6000.0
2025-07-17,retail,RSAFS,Census,2025-06-01,level,720106.0,715417.0,124.0,naive_prior,715417.0,4689.0
2025-07-24,claims,ICSA,DOL,2025-07-19,level,217000.0,221000.0,0.0,naive_prior,221000.0,-4000.0
2025-07-30,gdp,GDP,BEA,2025-04-01,level,30331.117,29977.632,-15.585000000002765,naive_prior,29977.632,353.48499999999694
2025-07-31,claims,ICSA,DOL,2025-07-26,level,218000.0,217000.0,0.0,naive_prior,217000.0,1000.0
2025-07-31,pce,PCEPI,BEA,2025-06-01,level,126.555,126.11,0.09099999999999397,naive_prior,126.11,0.4450000000000074
2025-08-01,empsit,PAYEMS,BLS,2025-07-01,change,73.0,159724.0,-258.0,naive_prior,147.0,-74.0
2025-08-01,unrate,UNRATE,BLS,2025-07-01,level,4.2,4.1,0.0,naive_prior,4.1,0.10000000000000053
2025-08-07,claims,ICSA,DOL,2025-08-02,level,226000.0,218000.0,1000.0,naive_prior,218000.0,8000.0
2025-08-12,cpi,CPIAUCSL,BLS,2025-07-01,level,322.132,321.5,0.0,naive_prior,321.5,0.632000000000005
2025-08-12,cpi_core,CPILFESL,BLS,2025-07-01,level,328.656,327.6,0.0,naive_prior,327.6,1.0559999999999832
2025-08-14,claims,ICSA,DOL,2025-08-09,level,224000.0,226000.0,1000.0,naive_prior,226000.0,-2000.0
2025-08-14,ppi,PPIFIS,BLS,2025-07-01,level,149.671,148.236,0.034000000000020236,naive_prior,148.236,1.4350000000000023
2025-08-15,retail,RSAFS,Census,2025-07-01,level,726283.0,720106.0,2465.0,naive_prior,720106.0,6177.0
2025-08-21,claims,ICSA,DOL,2025-08-16,level,235000.0,224000.0,0.0,naive_prior,224000.0,11000.0
2025-08-28,claims,ICSA,DOL,2025-08-23,level,229000.0,235000.0,-1000.0,naive_prior,235000.0,-6000.0
2025-08-29,pce,PCEPI,BEA,2025-07-01,level,126.783,126.555,-0.02200000000000557,naive_prior,126.555,0.22799999999999443
2025-09-04,claims,ICSA,DOL,2025-08-30,level,237000.0,229000.0,0.0,naive_prior,229000.0,8000.0
2025-09-05,empsit,PAYEMS,BLS,2025-08-01,change,22.0,159539.0,-21.0,naive_prior,73.0,-51.0
2025-09-05,unrate,UNRATE,BLS,2025-08-01,level,4.3,4.2,0.0,naive_prior,4.2,0.09999999999999964
2025-09-10,ppi,PPIFIS,BLS,2025-08-01,level,149.16,149.671,-0.3299999999999841,naive_prior,149.671,-0.5109999999999957
2025-09-11,claims,ICSA,DOL,2025-09-06,level,263000.0,237000.0,-1000.0,naive_prior,237000.0,26000.0
2025-09-11,cpi,CPIAUCSL,BLS,2025-08-01,level,323.364,322.132,0.0,naive_prior,322.132,1.231999999999971
2025-09-11,cpi_core,CPILFESL,BLS,2025-08-01,level,329.793,328.656,0.0,naive_prior,328.656,1.1370000000000005
2025-09-16,retail,RSAFS,Census,2025-08-01,level,732010.0,726283.0,1131.0,naive_prior,726283.0,5727.0
2025-09-18,claims,ICSA,DOL,2025-09-13,level,231000.0,263000.0,1000.0,naive_prior,263000.0,-32000.0
2025-09-25,claims,ICSA,DOL,2025-09-20,level,218000.0,231000.0,1000.0,naive_prior,231000.0,-13000.0
2025-09-26,pce,PCEPI,BEA,2025-08-01,level,127.285,126.783,0.16599999999999682,naive_prior,126.783,0.5019999999999953
2025-10-24,cpi,CPIAUCSL,BLS,2025-09-01,level,324.368,323.364,0.0,naive_prior,323.364,1.004000000000019
2025-10-24,cpi_core,CPILFESL,BLS,2025-09-01,level,330.542,329.793,0.0,naive_prior,329.793,0.7489999999999668
2025-11-20,claims,ICSA,DOL,2025-09-27,level,224000.0,218000.0,1000.0,naive_prior,218000.0,6000.0
2025-11-20,claims,ICSA,DOL,2025-10-04,level,235000.0,224000.0,0.0,naive_prior,224000.0,11000.0
2025-11-20,claims,ICSA,DOL,2025-10-11,level,220000.0,235000.0,0.0,naive_prior,235000.0,-15000.0
2025-11-20,claims,ICSA,DOL,2025-10-18,level,232000.0,220000.0,0.0,naive_prior,220000.0,12000.0
2025-11-20,claims,ICSA,DOL,2025-10-25,level,220000.0,232000.0,0.0,naive_prior,232000.0,-12000.0
2025-11-20,claims,ICSA,DOL,2025-11-01,level,229000.0,220000.0,0.0,naive_prior,220000.0,9000.0
2025-11-20,claims,ICSA,DOL,2025-11-08,level,228000.0,229000.0,0.0,naive_prior,229000.0,-1000.0
2025-11-20,claims,ICSA,DOL,2025-11-15,level,220000.0,228000.0,0.0,naive_prior,228000.0,-8000.0
2025-11-20,empsit,PAYEMS,BLS,2025-09-01,change,119.0,159540.0,-33.0,naive_prior,22.0,97.0
2025-11-20,unrate,UNRATE,BLS,2025-09-01,level,4.4,4.3,0.0,naive_prior,4.3,0.10000000000000053
2025-11-25,ppi,PPIFIS,BLS,2025-09-01,level,149.779,149.16,0.1560000000000059,naive_prior,149.16,0.6189999999999998
2025-11-25,retail,RSAFS,Census,2025-09-01,level,733258.0,732010.0,49.0,naive_prior,732010.0,1248.0
2025-11-26,claims,ICSA,DOL,2025-11-22,level,216000.0,220000.0,2000.0,naive_prior,220000.0,-4000.0
2025-12-04,claims,ICSA,DOL,2025-11-29,level,191000.0,216000.0,2000.0,naive_prior,216000.0,-25000.0
2025-12-05,pce,PCEPI,BEA,2025-09-01,level,127.625,127.285,-0.001999999999995339,naive_prior,127.285,0.3400000000000034
2025-12-11,claims,ICSA,DOL,2025-12-06,level,236000.0,191000.0,1000.0,naive_prior,191000.0,45000.0
2025-12-16,empsit,PAYEMS,BLS,2025-10-01,change,-105.0,159626.0,-33.0,naive_prior,119.0,-224.0
2025-12-16,empsit,PAYEMS,BLS,2025-11-01,change,64.0,159488.0,0.0,naive_prior,-105.0,169.0
2025-12-16,retail,RSAFS,Census,2025-10-01,level,732633.0,733258.0,-814.0,naive_prior,733258.0,-625.0
2025-12-16,unrate,UNRATE,BLS,2025-11-01,level,4.6,4.4,0.0,naive_prior,4.4,0.1999999999999993
2025-12-18,claims,ICSA,DOL,2025-12-13,level,224000.0,236000.0,1000.0,naive_prior,236000.0,-12000.0
2025-12-18,cpi,CPIAUCSL,BLS,2025-11-01,level,325.031,324.368,0.0,naive_prior,324.368,0.6630000000000109
2025-12-18,cpi_core,CPILFESL,BLS,2025-11-01,level,331.068,330.542,0.0,naive_prior,330.542,0.5260000000000105
2025-12-23,gdp,GDP,BEA,2025-07-01,level,31095.089,30331.117,154.612000000001,naive_prior,30331.117,763.9720000000016
2025-12-24,claims,ICSA,DOL,2025-12-20,level,214000.0,224000.0,0.0,naive_prior,224000.0,-10000.0
2025-12-31,claims,ICSA,DOL,2025-12-27,level,199000.0,214000.0,1000.0,naive_prior,214000.0,-15000.0
2026-01-08,claims,ICSA,DOL,2026-01-03,level,208000.0,199000.0,1000.0,naive_prior,199000.0,9000.0
2026-01-09,empsit,PAYEMS,BLS,2025-12-01,change,50.0,159552.0,-76.0,naive_prior,64.0,-14.0
2026-01-09,unrate,UNRATE,BLS,2025-12-01,level,4.4,4.6,-0.09999999999999964,naive_prior,4.6,-0.1999999999999993
2026-01-13,cpi,CPIAUCSL,BLS,2025-12-01,level,326.03,325.031,0.0,naive_prior,325.031,0.9989999999999668
2026-01-13,cpi_core,CPILFESL,BLS,2025-12-01,level,331.86,331.068,0.0,naive_prior,331.068,0.79200000000003
2026-01-14,ppi,PPIFIS,BLS,2025-10-01,level,150.332,149.779,0.3780000000000143,naive_prior,149.779,0.5529999999999973
2026-01-14,ppi,PPIFIS,BLS,2025-11-01,level,150.705,150.332,0.0,naive_prior,150.332,0.37300000000001887
2026-01-14,retail,RSAFS,Census,2025-11-01,level,735904.0,732633.0,-1221.0,naive_prior,732633.0,3271.0
2026-01-15,claims,ICSA,DOL,2026-01-10,level,198000.0,208000.0,-1000.0,naive_prior,208000.0,-10000.0
2026-01-22,claims,ICSA,DOL,2026-01-17,level,200000.0,198000.0,1000.0,naive_prior,198000.0,2000.0
2026-01-22,pce,PCEPI,BEA,2025-10-01,level,127.828,127.625,0.0,naive_prior,127.625,0.20300000000000296
2026-01-22,pce,PCEPI,BEA,2025-11-01,level,128.093,127.828,0.0,naive_prior,127.828,0.26499999999998636
2026-01-29,claims,ICSA,DOL,2026-01-24,level,209000.0,200000.0,10000.0,naive_prior,200000.0,9000.0
2026-01-30,ppi,PPIFIS,BLS,2025-12-01,level,151.472,150.705,0.027999999999991587,naive_prior,150.705,0.7669999999999959
2026-02-05,claims,ICSA,DOL,2026-01-31,level,231000.0,209000.0,0.0,naive_prior,209000.0,22000.0
2026-02-10,retail,RSAFS,Census,2025-12-01,level,734967.0,735904.0,-819.0,naive_prior,735904.0,-937.0
2026-02-11,empsit,PAYEMS,BLS,2026-01-01,change,130.0,159526.0,-1029.0,naive_prior,50.0,80.0
2026-02-11,unrate,UNRATE,BLS,2026-01-01,level,4.3,4.4,0.0,naive_prior,4.4,-0.10000000000000053
2026-02-12,claims,ICSA,DOL,2026-02-07,level,227000.0,231000.0,1000.0,naive_prior,231000.0,-4000.0
2026-02-13,cpi,CPIAUCSL,BLS,2026-01-01,level,326.588,326.03,0.0010000000000331966,naive_prior,326.03,0.5580000000000496
2026-02-13,cpi_core,CPILFESL,BLS,2026-01-01,level,332.793,331.86,-0.04599999999999227,naive_prior,331.86,0.9329999999999927
2026-02-19,claims,ICSA,DOL,2026-02-14,level,206000.0,227000.0,2000.0,naive_prior,227000.0,-21000.0
2026-02-20,gdp,GDP,BEA,2025-10-01,level,31490.07,31095.089,2.937999999998283,naive_prior,31095.089,394.98099999999977
2026-02-20,pce,PCEPI,BEA,2025-12-01,level,128.605,128.093,0.056000000000011596,naive_prior,128.093,0.5120000000000005
2026-02-26,claims,ICSA,DOL,2026-02-21,level,212000.0,206000.0,2000.0,naive_prior,206000.0,6000.0
2026-02-27,ppi,PPIFIS,BLS,2026-01-01,level,152.174,151.472,-0.02600000000001046,naive_prior,151.472,0.7019999999999982
2026-03-05,claims,ICSA,DOL,2026-02-28,level,213000.0,212000.0,1000.0,naive_prior,212000.0,1000.0
2026-03-06,empsit,PAYEMS,BLS,2026-02-01,change,-92.0,158627.0,-69.0,naive_prior,130.0,-222.0
2026-03-06,retail,RSAFS,Census,2026-01-01,level,733537.0,734967.0,-282.0,naive_prior,734967.0,-1430.0
2026-03-06,unrate,UNRATE,BLS,2026-02-01,level,4.4,4.3,0.0,naive_prior,4.3,0.10000000000000053
2026-03-11,cpi,CPIAUCSL,BLS,2026-02-01,level,327.46,326.588,0.0,naive_prior,326.588,0.8719999999999573
2026-03-11,cpi_core,CPILFESL,BLS,2026-02-01,level,333.512,332.793,0.0,naive_prior,332.793,0.7189999999999941
2026-03-12,claims,ICSA,DOL,2026-03-07,level,213000.0,213000.0,1000.0,naive_prior,213000.0,0.0
2026-03-13,pce,PCEPI,BEA,2026-01-01,level,128.969,128.605,0.010000000000019327,naive_prior,128.605,0.3640000000000043
2026-03-18,ppi,PPIFIS,BLS,2026-02-01,level,153.231,152.174,0.015999999999991132,naive_prior,152.174,1.056999999999988
2026-03-19,claims,ICSA,DOL,2026-03-14,level,205000.0,213000.0,0.0,naive_prior,213000.0,-8000.0
2026-03-26,claims,ICSA,DOL,2026-03-21,level,210000.0,205000.0,0.0,naive_prior,205000.0,5000.0
2026-04-01,retail,RSAFS,Census,2026-02-01,level,738366.0,733537.0,418.0,naive_prior,733537.0,4829.0
2026-04-02,claims,ICSA,DOL,2026-03-28,level,202000.0,210000.0,1000.0,naive_prior,210000.0,-8000.0
2026-04-03,empsit,PAYEMS,BLS,2026-03-01,change,178.0,158466.0,-7.0,naive_prior,-92.0,270.0
2026-04-03,unrate,UNRATE,BLS,2026-03-01,level,4.3,4.4,0.0,naive_prior,4.4,-0.10000000000000053
2026-04-09,claims,ICSA,DOL,2026-04-04,level,219000.0,202000.0,1000.0,naive_prior,202000.0,17000.0
2026-04-09,pce,PCEPI,BEA,2026-02-01,level,129.449,128.969,-0.003999999999990678,naive_prior,128.969,0.4800000000000182
2026-04-10,cpi,CPIAUCSL,BLS,2026-03-01,level,330.293,327.46,0.0,naive_prior,327.46,2.833000000000027
2026-04-10,cpi_core,CPILFESL,BLS,2026-03-01,level,334.165,333.512,0.0,naive_prior,333.512,0.65300000000002
2026-04-14,ppi,PPIFIS,BLS,2026-03-01,level,154.006,153.231,-0.009999999999990905,naive_prior,153.231,0.7750000000000057
2026-04-16,claims,ICSA,DOL,2026-04-11,level,207000.0,219000.0,-1000.0,naive_prior,219000.0,-12000.0
2026-04-21,retail,RSAFS,Census,2026-03-01,level,752063.0,738366.0,1406.0,naive_prior,738366.0,13697.0
2026-04-23,claims,ICSA,DOL,2026-04-18,level,214000.0,207000.0,1000.0,naive_prior,207000.0,7000.0
2026-04-30,claims,ICSA,DOL,2026-04-25,level,189000.0,214000.0,1000.0,naive_prior,214000.0,-25000.0
2026-04-30,gdp,GDP,BEA,2026-01-01,level,31856.257,31490.07,-67.54399999999805,naive_prior,31490.07,366.1870000000017
2026-04-30,pce,PCEPI,BEA,2026-03-01,level,130.344,129.449,0.03499999999999659,naive_prior,129.449,0.8949999999999818
2026-05-07,claims,ICSA,DOL,2026-05-02,level,200000.0,189000.0,1000.0,naive_prior,189000.0,11000.0
2026-05-08,empsit,PAYEMS,BLS,2026-04-01,change,115.0,158637.0,-16.0,naive_prior,178.0,-63.0
2026-05-08,unrate,UNRATE,BLS,2026-04-01,level,4.3,4.3,0.0,naive_prior,4.3,0.0
2026-05-12,cpi,CPIAUCSL,BLS,2026-04-01,level,332.407,330.293,0.0,naive_prior,330.293,2.113999999999976
2026-05-12,cpi_core,CPILFESL,BLS,2026-04-01,level,335.423,334.165,0.0,naive_prior,334.165,1.2579999999999814
2026-05-13,ppi,PPIFIS,BLS,2026-04-01,level,156.496,154.006,0.36600000000001387,naive_prior,154.006,2.490000000000009
2026-05-14,claims,ICSA,DOL,2026-05-09,level,211000.0,200000.0,-1000.0,naive_prior,200000.0,11000.0
2026-05-14,retail,RSAFS,Census,2026-04-01,level,757085.0,752063.0,1307.0,naive_prior,752063.0,5022.0
2026-05-21,claims,ICSA,DOL,2026-05-16,level,209000.0,211000.0,1000.0,naive_prior,211000.0,-2000.0
2026-05-28,claims,ICSA,DOL,2026-05-23,level,215000.0,209000.0,1000.0,naive_prior,209000.0,6000.0
2026-05-28,pce,PCEPI,BEA,2026-04-01,level,130.902,130.344,0.03700000000000614,naive_prior,130.344,0.5579999999999927
2026-06-04,claims,ICSA,DOL,2026-05-30,level,225000.0,215000.0,-3000.0,naive_prior,215000.0,10000.0
2026-06-05,empsit,PAYEMS,BLS,2026-05-01,change,172.0,158736.0,93.0,naive_prior,115.0,57.0
2026-06-05,unrate,UNRATE,BLS,2026-05-01,level,4.3,4.3,0.0,naive_prior,4.3,0.0
2026-06-10,cpi,CPIAUCSL,BLS,2026-05-01,level,333.979,332.407,0.0,naive_prior,332.407,1.5720000000000027
2026-06-10,cpi_core,CPILFESL,BLS,2026-05-01,level,336.121,335.423,0.0,naive_prior,335.423,0.6979999999999791
2026-06-11,claims,ICSA,DOL,2026-06-06,level,229000.0,225000.0,0.0,naive_prior,225000.0,4000.0
2026-06-11,ppi,PPIFIS,BLS,2026-05-01,level,157.659,156.496,-0.48500000000001364,naive_prior,156.496,1.1629999999999825
2026-06-17,retail,RSAFS,Census,2026-05-01,level,763705.0,757085.0,-49.0,naive_prior,757085.0,6620.0
2026-06-18,claims,ICSA,DOL,2026-06-13,level,226000.0,229000.0,1000.0,naive_prior,229000.0,-3000.0
2026-06-25,claims,ICSA,DOL,2026-06-20,level,215000.0,226000.0,1000.0,naive_prior,226000.0,-11000.0
2026-06-25,pce,PCEPI,BEA,2026-05-01,level,131.527,130.902,0.036000000000001364,naive_prior,130.902,0.625
2026-07-02,claims,ICSA,DOL,2026-06-27,level,215000.0,215000.0,1000.0,naive_prior,215000.0,0.0
2026-07-02,empsit,PAYEMS,BLS,2026-06-01,change,57.0,159001.0,-74.0,naive_prior,172.0,-115.0
2026-07-02,unrate,UNRATE,BLS,2026-06-01,level,4.2,4.3,0.0,naive_prior,4.3,-0.09999999999999964
2026-07-09,claims,ICSA,DOL,2026-07-04,level,215000.0,215000.0,2000.0,naive_prior,215000.0,0.0
2026-07-14,cpi,CPIAUCSL,BLS,2026-06-01,level,332.568,333.979,0.0,naive_prior,333.979,-1.4110000000000014
2026-07-14,cpi_core,CPILFESL,BLS,2026-06-01,level,336.065,336.121,0.0,naive_prior,336.121,-0.055999999999983174
2026-07-15,ppi,PPIFIS,BLS,2026-06-01,level,156.566,157.659,-0.657999999999987,naive_prior,157.659,-1.0929999999999893
2026-07-16,claims,ICSA,DOL,2026-07-11,level,208000.0,215000.0,1000.0,naive_prior,215000.0,-7000.0
2026-07-16,retail,RSAFS,Census,2026-06-01,level,768553.0,763705.0,3171.0,naive_prior,763705.0,4848.0
2026-07-23,claims,ICSA,DOL,2026-07-18,level,187000.0,208000.0,1000.0,naive_prior,208000.0,-21000.0
2026-07-30,claims,ICSA,DOL,2026-07-25,level,197000.0,187000.0,1000.0,naive_prior,187000.0,10000.0
2026-07-30,gdp,GDP,BEA,2026-04-01,level,32475.21,31856.257,9.463999999999942,naive_prior,31856.257,618.9529999999977
2026-07-30,pce,PCEPI,BEA,2026-06-01,level,131.392,131.527,0.008000000000009777,naive_prior,131.527,-0.1349999999999909
2026-08-06,claims,ICSA,DOL,2026-08-01,level,199000.0,197000.0,1000.0,naive_prior,197000.0,2000.0
2026-08-07,empsit,PAYEMS,BLS,2026-07-01,change,-23.0,158984.0,-103.0,naive_prior,57.0,-80.0
2026-08-07,unrate,UNRATE,BLS,2026-07-01,level,4.1,4.2,0.0,naive_prior,4.2,-0.10000000000000053
2026-08-12,cpi,CPIAUCSL,BLS,2026-07-01,level,332.813,332.568,0.0,naive_prior,332.568,0.24500000000000455
2026-08-12,cpi_core,CPILFESL,BLS,2026-07-01,level,336.789,336.065,0.0,naive_prior,336.065,0.7239999999999895
2026-08-13,claims,ICSA,DOL,2026-08-08,level,209000.0,199000.0,1000.0,naive_prior,199000.0,10000.0
2026-08-13,ppi,PPIFIS,BLS,2026-07-01,level,156.563,156.566,0.04099999999999682,naive_prior,156.566,-0.0030000000000143245
2026-08-14,retail,RSAFS,Census,2026-07-01,level,763602.0,768553.0,-481.0,naive_prior,768553.0,-4951.0
2026-08-20,claims,ICSA,DOL,2026-08-15,level,206000.0,209000.0,3000.0,naive_prior,209000.0,-3000.0
2026-08-26,pce,PCEPI,BEA,2026-07-01,level,131.659,131.392,0.06200000000001182,naive_prior,131.392,0.2669999999999959
2026-08-27,claims,ICSA,DOL,2026-08-22,level,203000.0,206000.0,1000.0,naive_prior,206000.0,-3000.0
2026-09-03,claims,ICSA,DOL,2026-08-29,level,206000.0,203000.0,1000.0,naive_prior,203000.0,3000.0
2026-09-04,empsit,PAYEMS,BLS,2026-08-01,change,162.0,158858.0,55.0,naive_prior,-23.0,185.0
2026-09-04,unrate,UNRATE,BLS,2026-08-01,level,4.1,4.1,0.0,naive_prior,4.1,0.0
2026-09-10,claims,ICSA,DOL,2026-09-05,level,206000.0,206000.0,1000.0,naive_prior,206000.0,0.0
2026-09-10,ppi,PPIFIS,BLS,2026-08-01,level,157.411,156.563,0.22100000000000364,naive_prior,156.563,0.8480000000000132
2026-09-11,cpi,CPIAUCSL,BLS,2026-08-01,level,334.131,332.813,0.0,naive_prior,332.813,1.3179999999999836
2026-09-11,cpi_core,CPILFESL,BLS,2026-08-01,level,337.765,336.789,0.0,naive_prior,336.789,0.9759999999999991
2026-09-16,retail,RSAFS,Census,2026-08-01,level,773947.0,763602.0,860.0,naive_prior,763602.0,10345.0
2026-09-17,claims,ICSA,DOL,2026-09-12,level,196000.0,206000.0,0.0,naive_prior,206000.0,-10000.0
2026-09-24,claims,ICSA,DOL,2026-09-19,level,197000.0,196000.0,2000.0,naive_prior,196000.0,1000.0
2026-09-30,pce,PCEPI,BEA,2026-08-01,level,131.579,131.659,-0.48699999999999477,naive_prior,131.659,-0.07999999999998408
2026-10-01,claims,ICSA,DOL,2026-09-26,level,197000.0,197000.0,1000.0,naive_prior,197000.0,0.0
2026-10-02,empsit,PAYEMS,BLS,2026-09-01,change,29.0,159075.0,-60.0,naive_prior,162.0,-133.0
2026-10-02,unrate,UNRATE,BLS,2026-09-01,level,4.2,4.1,0.0,naive_prior,4.1,0.10000000000000053
2026-10-08,claims,ICSA,DOL,2026-10-03,level,197000.0,197000.0,2000.0,naive_prior,197000.0,0.0
